session,participant,part_label,round_number,type,quantity,price,quantity_final,original_quantity,automatic,timestamp,market_price,volume
cja13rkr,ktltsbvm,6312ada1ce715ee3916c3748,1,BUY,1,13.0,0,,0,10532,15.0,3
cja13rkr,ktltsbvm,6312ada1ce715ee3916c3748,1,BUY,4,13.0,0,,0,12855,15.0,3
cja13rkr,ktltsbvm,6312ada1ce715ee3916c3748,1,SELL,1,15.0,1,,0,15034,15.0,3
cja13rkr,avceru49,5fd66ce8aec66457ff73d743,1,BUY,5,12.0,0,,0,10276,15.0,3
cja13rkr,ymc9j9vj,60e49d8302404edb1e133168,1,BUY,2,15.0,2,,0,17726,15.0,3
cja13rkr,to2zab0i,601b9077694f034f0092dd8f,1,BUY,1,13.0,0,,0,10498,15.0,3
cja13rkr,xffqjhaj,668d4819f7ea48371e78223f,1,BUY,1,15.0,1,,0,13465,15.0,3
cja13rkr,xffqjhaj,668d4819f7ea48371e78223f,1,BUY,1,12.0,0,,0,19050,15.0,3
cja13rkr,kyd0c4ir,5c197abc9bce3100018a4de9,1,BUY,2,12.0,0,,0,17604,15.0,3
cja13rkr,p9rwstcm,62fbdda6e4b5a034b71296f8,1,BUY,2,13.0,0,,0,13810,15.0,3
cja13rkr,yxdim3bv,643bd8390dc7e4b22596d52b,1,BUY,1,12.0,0,,0,15107,15.0,3
cja13rkr,y7ad4wdb,662692c1abc4830626fccb23,1,BUY,1,14.0,0,,0,11106,15.0,3
cja13rkr,gvjjhq4h,66b9f33eefc44e2ab90ade5a,1,SELL,2,15.0,2,,0,15069,15.0,3
cja13rkr,ktltsbvm,6312ada1ce715ee3916c3748,2,SELL,1,17.0,0,,0,2189,16.0,8
cja13rkr,ktltsbvm,6312ada1ce715ee3916c3748,2,BUY,4,14.0,0,,0,6822,16.0,8
cja13rkr,ktltsbvm,6312ada1ce715ee3916c3748,2,BUY,3,16.0,3,,0,8478,16.0,8
cja13rkr,24ifp87v,62d86c63e2966588c71b9ff2,2,SELL,4,16.0,4,,0,13834,16.0,8
cja13rkr,24ifp87v,62d86c63e2966588c71b9ff2,2,BUY,3,13.0,0,,0,19990,16.0,8
cja13rkr,avceru49,5fd66ce8aec66457ff73d743,2,BUY,4,16.0,4,,0,2486,16.0,8
cja13rkr,avceru49,5fd66ce8aec66457ff73d743,2,SELL,2,18.0,0,,0,5037,16.0,8
cja13rkr,ymc9j9vj,60e49d8302404edb1e133168,2,BUY,1,15.0,0,,0,6988,16.0,8
cja13rkr,ymc9j9vj,60e49d8302404edb1e133168,2,BUY,1,15.0,0,,0,9052,16.0,8
cja13rkr,ymc9j9vj,60e49d8302404edb1e133168,2,BUY,1,15.0,0,,0,12212,16.0,8
cja13rkr,to2zab0i,601b9077694f034f0092dd8f,2,BUY,1,15.0,0,,0,8941,16.0,8
cja13rkr,xffqjhaj,668d4819f7ea48371e78223f,2,SELL,3,14.0,3,,0,14837,16.0,8
cja13rkr,kyd0c4ir,5c197abc9bce3100018a4de9,2,BUY,3,14.0,0,,0,13113,16.0,8
cja13rkr,yxdim3bv,643bd8390dc7e4b22596d52b,2,BUY,2,12.0,0,,0,14394,16.0,8
cja13rkr,y7ad4wdb,662692c1abc4830626fccb23,2,SELL,1,16.0,1,,0,11644,16.0,8
cja13rkr,y7ad4wdb,662692c1abc4830626fccb23,2,BUY,1,15.0,0,,0,18331,16.0,8
cja13rkr,gvjjhq4h,66b9f33eefc44e2ab90ade5a,2,BUY,2,15.0,0,,0,15361,16.0,8
cja13rkr,tu0dkodu,6604659d90f32e434cb25d96,2,BUY,2,16.0,1,,0,17317,16.0,8
cja13rkr,t4nr7lsi,5e0857276aab7c17f7e21662,2,BUY,5,15.0,0,,0,7270,16.0,8
cja13rkr,ktltsbvm,6312ada1ce715ee3916c3748,3,SELL,3,15.0,3,,0,7267,16.0,9
cja13rkr,ktltsbvm,6312ada1ce715ee3916c3748,3,SELL,1,19.0,0,,0,10889,16.0,9
cja13rkr,ktltsbvm,6312ada1ce715ee3916c3748,3,SELL,2,17.0,0,,0,11505,16.0,9
cja13rkr,ktltsbvm,6312ada1ce715ee3916c3748,3,BUY,4,13.0,0,,0,14614,16.0,9
cja13rkr,24ifp87v,62d86c63e2966588c71b9ff2,3,BUY,5,16.0,5,,0,14994,16.0,9
cja13rkr,avceru49,5fd66ce8aec66457ff73d743,3,BUY,2,14.0,0,,0,3833,16.0,9
cja13rkr,avceru49,5fd66ce8aec66457ff73d743,3,BUY,1,13.0,0,,0,19652,16.0,9
cja13rkr,ymc9j9vj,60e49d8302404edb1e133168,3,SELL,3,18.0,0,,0,8625,16.0,9
cja13rkr,ymc9j9vj,60e49d8302404edb1e133168,3,SELL,3,18.0,0,,0,11161,16.0,9
cja13rkr,to2zab0i,601b9077694f034f0092dd8f,3,BUY,1,18.0,1,,0,12202,16.0,9
cja13rkr,to2zab0i,601b9077694f034f0092dd8f,3,BUY,1,18.0,1,,0,17513,16.0,9
cja13rkr,xffqjhaj,668d4819f7ea48371e78223f,3,BUY,2,13.0,0,,0,11353,16.0,9
cja13rkr,kyd0c4ir,5c197abc9bce3100018a4de9,3,SELL,1,17.0,0,,0,10055,16.0,9
cja13rkr,p9rwstcm,62fbdda6e4b5a034b71296f8,3,SELL,4,16.0,4,,0,15415,16.0,9
cja13rkr,yxdim3bv,643bd8390dc7e4b22596d52b,3,SELL,2,16.0,2,,0,15908,16.0,9
cja13rkr,gvjjhq4h,66b9f33eefc44e2ab90ade5a,3,BUY,3,16.0,0,,0,13408,16.0,9
cja13rkr,tu0dkodu,6604659d90f32e434cb25d96,3,BUY,3,16.0,0,,0,12502,16.0,9
cja13rkr,tu0dkodu,6604659d90f32e434cb25d96,3,BUY,3,16.0,0,,0,18479,16.0,9
cja13rkr,t4nr7lsi,5e0857276aab7c17f7e21662,3,BUY,4,16.0,2,,0,5372,16.0,9
cja13rkr,ktltsbvm,6312ada1ce715ee3916c3748,4,BUY,4,16.0,3,,0,3098,16.0,3
cja13rkr,ktltsbvm,6312ada1ce715ee3916c3748,4,BUY,2,13.0,0,,0,15800,16.0,3
cja13rkr,24ifp87v,62d86c63e2966588c71b9ff2,4,BUY,5,14.0,0,,0,10558,16.0,3
cja13rkr,avceru49,5fd66ce8aec66457ff73d743,4,BUY,1,12.0,0,,0,3831,16.0,3
cja13rkr,avceru49,5fd66ce8aec66457ff73d743,4,BUY,4,15.0,0,,0,13778,16.0,3
cja13rkr,ymc9j9vj,60e49d8302404edb1e133168,4,BUY,2,13.0,0,,0,9073,16.0,3
cja13rkr,ymc9j9vj,60e49d8302404edb1e133168,4,BUY,2,13.0,0,,0,11203,16.0,3
cja13rkr,ymc9j9vj,60e49d8302404edb1e133168,4,BUY,1,13.0,0,,0,16626,16.0,3
cja13rkr,to2zab0i,601b9077694f034f0092dd8f,4,BUY,1,15.0,0,,0,6479,16.0,3
cja13rkr,xffqjhaj,668d4819f7ea48371e78223f,4,BUY,2,14.0,0,,0,14687,16.0,3
cja13rkr,xffqjhaj,668d4819f7ea48371e78223f,4,SELL,3,15.0,3,,0,17191,16.0,3
cja13rkr,kyd0c4ir,5c197abc9bce3100018a4de9,4,BUY,5,13.0,0,,0,11767,16.0,3
cja13rkr,p9rwstcm,62fbdda6e4b5a034b71296f8,4,BUY,5,14.0,0,,0,16910,16.0,3
cja13rkr,yxdim3bv,643bd8390dc7e4b22596d52b,4,BUY,1,13.0,0,,0,9392,16.0,3
cja13rkr,yxdim3bv,643bd8390dc7e4b22596d52b,4,BUY,1,12.0,0,,0,13553,16.0,3
cja13rkr,y7ad4wdb,662692c1abc4830626fccb23,4,SELL,1,17.0,0,,0,11505,16.0,3
cja13rkr,gvjjhq4h,66b9f33eefc44e2ab90ade5a,4,BUY,3,14.0,0,,0,12506,16.0,3
cja13rkr,gvjjhq4h,66b9f33eefc44e2ab90ade5a,4,BUY,1,14.0,0,,0,19398,16.0,3
cja13rkr,tu0dkodu,6604659d90f32e434cb25d96,4,BUY,1,14.0,0,,0,10909,16.0,3
cja13rkr,t4nr7lsi,5e0857276aab7c17f7e21662,4,BUY,5,15.0,0,,0,15393,16.0,3
cja13rkr,ktltsbvm,6312ada1ce715ee3916c3748,5,BUY,3,17.0,3,,0,4222,17.0,10
cja13rkr,ktltsbvm,6312ada1ce715ee3916c3748,5,SELL,1,20.0,0,,0,12139,17.0,10
cja13rkr,24ifp87v,62d86c63e2966588c71b9ff2,5,SELL,1,16.0,1,,0,12373,17.0,10
cja13rkr,avceru49,5fd66ce8aec66457ff73d743,5,BUY,1,14.0,0,,0,5048,17.0,10
cja13rkr,avceru49,5fd66ce8aec66457ff73d743,5,BUY,2,13.0,0,,0,7574,17.0,10
cja13rkr,avceru49,5fd66ce8aec66457ff73d743,5,SELL,3,15.0,3,,0,15060,17.0,10
cja13rkr,ymc9j9vj,60e49d8302404edb1e133168,5,BUY,3,16.0,0,,0,4453,17.0,10
cja13rkr,to2zab0i,601b9077694f034f0092dd8f,5,BUY,2,19.0,2,,0,4170,17.0,10
cja13rkr,xffqjhaj,668d4819f7ea48371e78223f,5,BUY,3,15.0,0,,0,11683,17.0,10
cja13rkr,kyd0c4ir,5c197abc9bce3100018a4de9,5,BUY,2,14.0,0,,0,14283,17.0,10
cja13rkr,kyd0c4ir,5c197abc9bce3100018a4de9,5,SELL,2,16.0,2,,0,19813,17.0,10
cja13rkr,p9rwstcm,62fbdda6e4b5a034b71296f8,5,BUY,4,16.0,0,,0,10062,17.0,10
cja13rkr,yxdim3bv,643bd8390dc7e4b22596d52b,5,SELL,1,16.0,1,,0,19877,17.0,10
cja13rkr,y7ad4wdb,662692c1abc4830626fccb23,5,SELL,1,18.0,0,,0,17303,17.0,10
cja13rkr,gvjjhq4h,66b9f33eefc44e2ab90ade5a,5,SELL,3,17.0,3,,0,8338,17.0,10
cja13rkr,tu0dkodu,6604659d90f32e434cb25d96,5,BUY,5,16.0,0,,0,8851,17.0,10
cja13rkr,t4nr7lsi,5e0857276aab7c17f7e21662,5,BUY,5,18.0,5,,0,6704,17.0,10
cja13rkr,ktltsbvm,6312ada1ce715ee3916c3748,6,BUY,1,15.0,0,,0,11301,17.0,8
cja13rkr,ktltsbvm,6312ada1ce715ee3916c3748,6,SELL,5,18.0,0,,0,16379,17.0,8
cja13rkr,24ifp87v,62d86c63e2966588c71b9ff2,6,SELL,3,17.0,3,,0,9479,17.0,8
cja13rkr,24ifp87v,62d86c63e2966588c71b9ff2,6,BUY,5,16.0,0,,0,15448,17.0,8
cja13rkr,avceru49,5fd66ce8aec66457ff73d743,6,BUY,2,14.0,0,,0,3443,17.0,8
cja13rkr,avceru49,5fd66ce8aec66457ff73d743,6,BUY,2,15.0,0,,0,6094,17.0,8
cja13rkr,avceru49,5fd66ce8aec66457ff73d743,6,SELL,1,16.0,1,,0,8417,17.0,8
cja13rkr,ymc9j9vj,60e49d8302404edb1e133168,6,SELL,4,17.0,4,,0,6005,17.0,8
cja13rkr,to2zab0i,601b9077694f034f0092dd8f,6,SELL,2,19.0,0,,0,17136,17.0,8
cja13rkr,xffqjhaj,668d4819f7ea48371e78223f,6,BUY,2,16.0,0,,0,10443,17.0,8
cja13rkr,kyd0c4ir,5c197abc9bce3100018a4de9,6,BUY,3,16.0,0,,0,11395,17.0,8
cja13rkr,p9rwstcm,62fbdda6e4b5a034b71296f8,6,BUY,2,17.0,2,,0,7733,17.0,8
cja13rkr,yxdim3bv,643bd8390dc7e4b22596d52b,6,SELL,1,19.0,0,,0,13426,17.0,8
cja13rkr,yxdim3bv,643bd8390dc7e4b22596d52b,6,BUY,1,15.0,0,,0,17048,17.0,8
cja13rkr,y7ad4wdb,662692c1abc4830626fccb23,6,SELL,1,18.0,0,,0,10663,17.0,8
cja13rkr,gvjjhq4h,66b9f33eefc44e2ab90ade5a,6,BUY,2,17.0,1,,0,10283,17.0,8
cja13rkr,gvjjhq4h,66b9f33eefc44e2ab90ade5a,6,SELL,1,20.0,0,,0,17993,17.0,8
cja13rkr,tu0dkodu,6604659d90f32e434cb25d96,6,BUY,5,17.0,5,,0,6388,17.0,8
cja13rkr,t4nr7lsi,5e0857276aab7c17f7e21662,6,BUY,1,17.0,0,,0,8587,17.0,8
cja13rkr,ktltsbvm,6312ada1ce715ee3916c3748,7,BUY,1,17.0,0,,0,6403,18.0,2
cja13rkr,ktltsbvm,6312ada1ce715ee3916c3748,7,SELL,2,18.0,2,,0,10977,18.0,2
cja13rkr,24ifp87v,62d86c63e2966588c71b9ff2,7,BUY,5,16.0,0,,0,16343,18.0,2
cja13rkr,avceru49,5fd66ce8aec66457ff73d743,7,BUY,1,14.0,0,,0,3633,18.0,2
cja13rkr,avceru49,5fd66ce8aec66457ff73d743,7,BUY,2,14.0,0,,0,4564,18.0,2
cja13rkr,avceru49,5fd66ce8aec66457ff73d743,7,BUY,3,15.0,0,,0,6930,18.0,2
cja13rkr,to2zab0i,601b9077694f034f0092dd8f,7,BUY,2,16.0,0,,0,8432,18.0,2
cja13rkr,xffqjhaj,668d4819f7ea48371e78223f,7,BUY,2,17.0,0,,0,10618,18.0,2
cja13rkr,kyd0c4ir,5c197abc9bce3100018a4de9,7,BUY,4,16.0,0,,0,11965,18.0,2
cja13rkr,kyd0c4ir,5c197abc9bce3100018a4de9,7,BUY,4,16.0,0,,0,13751,18.0,2
cja13rkr,yxdim3bv,643bd8390dc7e4b22596d52b,7,BUY,1,16.0,0,,0,16564,18.0,2
cja13rkr,yxdim3bv,643bd8390dc7e4b22596d52b,7,SELL,1,19.0,0,,0,19957,18.0,2
cja13rkr,y7ad4wdb,662692c1abc4830626fccb23,7,BUY,1,17.0,0,,0,6377,18.0,2
cja13rkr,y7ad4wdb,662692c1abc4830626fccb23,7,SELL,1,19.0,0,,0,11102,18.0,2
cja13rkr,gvjjhq4h,66b9f33eefc44e2ab90ade5a,7,SELL,2,19.0,0,,0,18625,18.0,2
cja13rkr,tu0dkodu,6604659d90f32e434cb25d96,7,BUY,2,17.0,0,,0,13163,18.0,2
cja13rkr,t4nr7lsi,5e0857276aab7c17f7e21662,7,BUY,2,19.0,2,,0,5141,18.0,2
cja13rkr,ktltsbvm,6312ada1ce715ee3916c3748,8,BUY,1,18.0,0,,0,2840,18.0,5
cja13rkr,ktltsbvm,6312ada1ce715ee3916c3748,8,BUY,3,16.0,0,,0,5031,18.0,5
cja13rkr,ktltsbvm,6312ada1ce715ee3916c3748,8,SELL,4,19.0,0,,0,13766,18.0,5
cja13rkr,ktltsbvm,6312ada1ce715ee3916c3748,8,SELL,2,19.0,0,,0,14766,18.0,5
cja13rkr,24ifp87v,62d86c63e2966588c71b9ff2,8,BUY,5,18.0,5,,0,5913,18.0,5
cja13rkr,avceru49,5fd66ce8aec66457ff73d743,8,BUY,4,15.0,0,,0,6298,18.0,5
cja13rkr,to2zab0i,601b9077694f034f0092dd8f,8,BUY,2,18.0,0,,0,17116,18.0,5
cja13rkr,xffqjhaj,668d4819f7ea48371e78223f,8,BUY,3,17.0,0,,0,15232,18.0,5
cja13rkr,kyd0c4ir,5c197abc9bce3100018a4de9,8,BUY,5,14.0,0,,0,10289,18.0,5
cja13rkr,p9rwstcm,62fbdda6e4b5a034b71296f8,8,SELL,5,18.0,5,,0,15701,18.0,5
cja13rkr,yxdim3bv,643bd8390dc7e4b22596d52b,8,BUY,1,15.0,0,,0,10491,18.0,5
cja13rkr,yxdim3bv,643bd8390dc7e4b22596d52b,8,BUY,1,17.0,0,,0,16996,18.0,5
cja13rkr,y7ad4wdb,662692c1abc4830626fccb23,8,SELL,1,19.0,0,,0,8030,18.0,5
cja13rkr,y7ad4wdb,662692c1abc4830626fccb23,8,BUY,1,18.0,0,,0,12125,18.0,5
cja13rkr,gvjjhq4h,66b9f33eefc44e2ab90ade5a,8,SELL,2,21.0,0,,0,16032,18.0,5
cja13rkr,tu0dkodu,6604659d90f32e434cb25d96,8,BUY,2,18.0,0,,0,8768,18.0,5
cja13rkr,ktltsbvm,6312ada1ce715ee3916c3748,9,BUY,4,17.0,0,,0,3504,19.0,4
cja13rkr,ktltsbvm,6312ada1ce715ee3916c3748,9,SELL,3,19.0,2,,0,17747,19.0,4
cja13rkr,24ifp87v,62d86c63e2966588c71b9ff2,9,BUY,2,19.0,2,,0,8751,19.0,4
cja13rkr,24ifp87v,62d86c63e2966588c71b9ff2,9,BUY,2,18.0,0,,0,19188,19.0,4
cja13rkr,avceru49,5fd66ce8aec66457ff73d743,9,BUY,2,15.0,0,,0,7116,19.0,4
cja13rkr,ymc9j9vj,60e49d8302404edb1e133168,9,BUY,4,16.0,0,,0,7701,19.0,4
cja13rkr,ymc9j9vj,60e49d8302404edb1e133168,9,BUY,4,16.0,0,,0,8655,19.0,4
cja13rkr,ymc9j9vj,60e49d8302404edb1e133168,9,BUY,4,16.0,0,,0,9284,19.0,4
cja13rkr,to2zab0i,601b9077694f034f0092dd8f,9,BUY,2,20.0,2,,0,5637,19.0,4
cja13rkr,xffqjhaj,668d4819f7ea48371e78223f,9,BUY,4,18.0,0,,0,10808,19.0,4
cja13rkr,xffqjhaj,668d4819f7ea48371e78223f,9,SELL,1,19.0,1,,0,19438,19.0,4
cja13rkr,yxdim3bv,643bd8390dc7e4b22596d52b,9,SELL,1,21.0,0,,0,14968,19.0,4
cja13rkr,y7ad4wdb,662692c1abc4830626fccb23,9,SELL,1,19.0,1,,0,10041,19.0,4
cja13rkr,y7ad4wdb,662692c1abc4830626fccb23,9,BUY,1,18.0,0,,0,12384,19.0,4
cja13rkr,gvjjhq4h,66b9f33eefc44e2ab90ade5a,9,SELL,2,20.0,0,,0,12732,19.0,4
cja13rkr,tu0dkodu,6604659d90f32e434cb25d96,9,BUY,2,18.0,0,,0,12424,19.0,4
cja13rkr,t4nr7lsi,5e0857276aab7c17f7e21662,9,BUY,1,15.0,0,,0,4283,19.0,4
cja13rkr,ktltsbvm,6312ada1ce715ee3916c3748,10,BUY,2,18.0,0,,0,2059,20.0,1
cja13rkr,ktltsbvm,6312ada1ce715ee3916c3748,10,BUY,4,18.0,0,,0,3484,20.0,1
cja13rkr,ktltsbvm,6312ada1ce715ee3916c3748,10,SELL,3,20.0,0,,0,12977,20.0,1
cja13rkr,24ifp87v,62d86c63e2966588c71b9ff2,10,SELL,2,20.0,0,,0,11477,20.0,1
cja13rkr,24ifp87v,62d86c63e2966588c71b9ff2,10,BUY,2,18.0,0,,0,17048,20.0,1
cja13rkr,avceru49,5fd66ce8aec66457ff73d743,10,BUY,1,15.0,0,,0,5347,20.0,1
cja13rkr,avceru49,5fd66ce8aec66457ff73d743,10,BUY,1,16.0,0,,0,16734,20.0,1
cja13rkr,ymc9j9vj,60e49d8302404edb1e133168,10,BUY,4,18.0,0,,0,6522,20.0,1
cja13rkr,xffqjhaj,668d4819f7ea48371e78223f,10,BUY,4,19.0,0,,0,12187,20.0,1
cja13rkr,kyd0c4ir,5c197abc9bce3100018a4de9,10,BUY,5,16.0,0,,0,8403,20.0,1
cja13rkr,p9rwstcm,62fbdda6e4b5a034b71296f8,10,BUY,2,19.0,0,,0,12396,20.0,1
cja13rkr,yxdim3bv,643bd8390dc7e4b22596d52b,10,BUY,1,17.0,0,,0,16456,20.0,1
cja13rkr,yxdim3bv,643bd8390dc7e4b22596d52b,10,BUY,1,18.0,0,,0,18082,20.0,1
cja13rkr,y7ad4wdb,662692c1abc4830626fccb23,10,SELL,1,20.0,1,,0,14972,20.0,1
cja13rkr,y7ad4wdb,662692c1abc4830626fccb23,10,BUY,1,18.0,0,,0,18114,20.0,1
cja13rkr,gvjjhq4h,66b9f33eefc44e2ab90ade5a,10,SELL,2,21.0,0,,0,10786,20.0,1
cja13rkr,gvjjhq4h,66b9f33eefc44e2ab90ade5a,10,BUY,2,18.0,0,,0,14664,20.0,1
cja13rkr,gvjjhq4h,66b9f33eefc44e2ab90ade5a,10,BUY,2,18.0,0,,0,16073,20.0,1
cja13rkr,tu0dkodu,6604659d90f32e434cb25d96,10,BUY,3,19.0,0,,0,8156,20.0,1
cja13rkr,t4nr7lsi,5e0857276aab7c17f7e21662,10,BUY,1,20.0,1,,0,5294,20.0,1
cja13rkr,ktltsbvm,6312ada1ce715ee3916c3748,11,SELL,2,17.0,2,,0,4114,21.0,4
cja13rkr,24ifp87v,62d86c63e2966588c71b9ff2,11,SELL,4,21.0,2,,0,6595,21.0,4
cja13rkr,24ifp87v,62d86c63e2966588c71b9ff2,11,BUY,2,19.0,0,,0,10687,21.0,4
cja13rkr,avceru49,5fd66ce8aec66457ff73d743,11,BUY,4,17.0,0,,0,8965,21.0,4
cja13rkr,avceru49,5fd66ce8aec66457ff73d743,11,BUY,4,22.0,4,,0,16535,21.0,4
cja13rkr,ymc9j9vj,60e49d8302404edb1e133168,11,BUY,2,20.0,0,,0,3791,21.0,4
cja13rkr,to2zab0i,601b9077694f034f0092dd8f,11,BUY,1,19.0,0,,0,10305,21.0,4
cja13rkr,xffqjhaj,668d4819f7ea48371e78223f,11,BUY,4,20.0,0,,0,12719,21.0,4
cja13rkr,kyd0c4ir,5c197abc9bce3100018a4de9,11,BUY,2,20.0,0,,0,12730,21.0,4
cja13rkr,p9rwstcm,62fbdda6e4b5a034b71296f8,11,BUY,2,20.0,0,,0,7468,21.0,4
cja13rkr,y7ad4wdb,662692c1abc4830626fccb23,11,BUY,1,18.0,0,,0,5611,21.0,4
cja13rkr,y7ad4wdb,662692c1abc4830626fccb23,11,SELL,1,24.0,0,,0,13462,21.0,4
cja13rkr,gvjjhq4h,66b9f33eefc44e2ab90ade5a,11,BUY,4,19.0,0,,0,11837,21.0,4
cja13rkr,gvjjhq4h,66b9f33eefc44e2ab90ade5a,11,SELL,2,22.0,0,,0,19987,21.0,4
cja13rkr,tu0dkodu,6604659d90f32e434cb25d96,11,BUY,3,20.0,0,,0,10189,21.0,4
cja13rkr,ktltsbvm,6312ada1ce715ee3916c3748,12,BUY,2,19.0,0,,0,3792,21.0,8
cja13rkr,ktltsbvm,6312ada1ce715ee3916c3748,12,BUY,2,20.0,0,,0,4426,21.0,8
cja13rkr,ktltsbvm,6312ada1ce715ee3916c3748,12,SELL,1,23.0,0,,0,10270,21.0,8
cja13rkr,24ifp87v,62d86c63e2966588c71b9ff2,12,SELL,2,21.0,2,,0,16907,21.0,8
cja13rkr,avceru49,5fd66ce8aec66457ff73d743,12,SELL,1,16.0,1,,0,6422,21.0,8
cja13rkr,avceru49,5fd66ce8aec66457ff73d743,12,SELL,2,16.0,2,,0,9842,21.0,8
cja13rkr,avceru49,5fd66ce8aec66457ff73d743,12,SELL,1,18.0,1,,0,16667,21.0,8
cja13rkr,ymc9j9vj,60e49d8302404edb1e133168,12,BUY,1,21.0,0,,0,3696,21.0,8
cja13rkr,ymc9j9vj,60e49d8302404edb1e133168,12,BUY,1,21.0,0,,0,6412,21.0,8
cja13rkr,ymc9j9vj,60e49d8302404edb1e133168,12,BUY,1,22.0,1,,0,16827,21.0,8
cja13rkr,to2zab0i,601b9077694f034f0092dd8f,12,SELL,1,22.0,0,,0,10046,21.0,8
cja13rkr,to2zab0i,601b9077694f034f0092dd8f,12,BUY,1,19.0,0,,0,18513,21.0,8
cja13rkr,xffqjhaj,668d4819f7ea48371e78223f,12,BUY,5,21.0,5,,0,13786,21.0,8
cja13rkr,kyd0c4ir,5c197abc9bce3100018a4de9,12,SELL,2,21.0,2,,0,15255,21.0,8
cja13rkr,p9rwstcm,62fbdda6e4b5a034b71296f8,12,BUY,2,22.0,2,,0,17830,21.0,8
cja13rkr,yxdim3bv,643bd8390dc7e4b22596d52b,12,SELL,1,24.0,0,,0,10502,21.0,8
cja13rkr,yxdim3bv,643bd8390dc7e4b22596d52b,12,SELL,1,23.0,0,,0,12374,21.0,8
cja13rkr,y7ad4wdb,662692c1abc4830626fccb23,12,SELL,1,25.0,0,,0,4006,21.0,8
cja13rkr,y7ad4wdb,662692c1abc4830626fccb23,12,BUY,1,18.0,0,,0,8632,21.0,8
cja13rkr,gvjjhq4h,66b9f33eefc44e2ab90ade5a,12,SELL,2,22.0,0,,0,6032,21.0,8
cja13rkr,gvjjhq4h,66b9f33eefc44e2ab90ade5a,12,BUY,4,20.0,0,,0,17611,21.0,8
cja13rkr,tu0dkodu,6604659d90f32e434cb25d96,12,BUY,3,21.0,0,,0,9097,21.0,8
cja13rkr,t4nr7lsi,5e0857276aab7c17f7e21662,12,BUY,1,18.0,0,,0,7134,21.0,8
cja13rkr,ktltsbvm,6312ada1ce715ee3916c3748,13,SELL,3,24.0,0,,0,11045,21.0,2
cja13rkr,ktltsbvm,6312ada1ce715ee3916c3748,13,SELL,1,18.0,1,,0,11582,21.0,2
cja13rkr,24ifp87v,62d86c63e2966588c71b9ff2,13,SELL,1,21.0,1,,0,9472,21.0,2
cja13rkr,24ifp87v,62d86c63e2966588c71b9ff2,13,BUY,5,20.0,0,,0,14776,21.0,2
cja13rkr,avceru49,5fd66ce8aec66457ff73d743,13,BUY,1,16.0,0,,0,19747,21.0,2
cja13rkr,ymc9j9vj,60e49d8302404edb1e133168,13,BUY,2,21.0,0,,0,8214,21.0,2
cja13rkr,to2zab0i,601b9077694f034f0092dd8f,13,SELL,2,22.0,0,,0,3295,21.0,2
cja13rkr,to2zab0i,601b9077694f034f0092dd8f,13,BUY,1,20.0,0,,0,16663,21.0,2
cja13rkr,xffqjhaj,668d4819f7ea48371e78223f,13,BUY,2,21.0,0,,0,8084,21.0,2
cja13rkr,kyd0c4ir,5c197abc9bce3100018a4de9,13,BUY,5,19.0,0,,0,8669,21.0,2
cja13rkr,p9rwstcm,62fbdda6e4b5a034b71296f8,13,BUY,1,21.0,0,,0,12153,21.0,2
cja13rkr,yxdim3bv,643bd8390dc7e4b22596d52b,13,BUY,1,18.0,0,,0,11679,21.0,2
cja13rkr,yxdim3bv,643bd8390dc7e4b22596d52b,13,BUY,1,17.0,0,,0,14120,21.0,2
cja13rkr,y7ad4wdb,662692c1abc4830626fccb23,13,SELL,1,25.0,0,,0,4581,21.0,2
cja13rkr,y7ad4wdb,662692c1abc4830626fccb23,13,BUY,1,18.0,0,,0,7149,21.0,2
cja13rkr,gvjjhq4h,66b9f33eefc44e2ab90ade5a,13,SELL,2,23.0,0,,0,13123,21.0,2
cja13rkr,gvjjhq4h,66b9f33eefc44e2ab90ade5a,13,BUY,5,20.0,0,,0,17729,21.0,2
cja13rkr,tu0dkodu,6604659d90f32e434cb25d96,13,BUY,4,21.0,2,,0,5425,21.0,2
cja13rkr,t4nr7lsi,5e0857276aab7c17f7e21662,13,BUY,1,21.0,0,,0,6915,21.0,2
cja13rkr,ktltsbvm,6312ada1ce715ee3916c3748,14,BUY,2,19.0,0,,0,3397,22.0,5
cja13rkr,ktltsbvm,6312ada1ce715ee3916c3748,14,BUY,3,24.0,3,,0,3843,22.0,5
cja13rkr,24ifp87v,62d86c63e2966588c71b9ff2,14,BUY,5,20.0,0,,0,8792,22.0,5
cja13rkr,24ifp87v,62d86c63e2966588c71b9ff2,14,SELL,2,22.0,0,,0,13865,22.0,5
cja13rkr,avceru49,5fd66ce8aec66457ff73d743,14,BUY,1,16.0,0,,0,12347,22.0,5
cja13rkr,ymc9j9vj,60e49d8302404edb1e133168,14,BUY,2,21.0,0,,0,5123,22.0,5
cja13rkr,to2zab0i,601b9077694f034f0092dd8f,14,SELL,2,23.0,0,,0,5015,22.0,5
cja13rkr,to2zab0i,601b9077694f034f0092dd8f,14,BUY,1,20.0,0,,0,9689,22.0,5
cja13rkr,xffqjhaj,668d4819f7ea48371e78223f,14,BUY,2,21.0,0,,0,10594,22.0,5
cja13rkr,xffqjhaj,668d4819f7ea48371e78223f,14,SELL,2,22.0,0,,0,16699,22.0,5
cja13rkr,kyd0c4ir,5c197abc9bce3100018a4de9,14,BUY,2,22.0,2,,0,13742,22.0,5
cja13rkr,p9rwstcm,62fbdda6e4b5a034b71296f8,14,SELL,3,21.0,3,,0,5990,22.0,5
cja13rkr,yxdim3bv,643bd8390dc7e4b22596d52b,14,SELL,2,23.0,0,,0,8283,22.0,5
cja13rkr,yxdim3bv,643bd8390dc7e4b22596d52b,14,BUY,1,18.0,0,,0,11665,22.0,5
cja13rkr,yxdim3bv,643bd8390dc7e4b22596d52b,14,BUY,1,17.0,0,,0,12483,22.0,5
cja13rkr,y7ad4wdb,662692c1abc4830626fccb23,14,SELL,1,25.0,0,,0,2630,22.0,5
cja13rkr,y7ad4wdb,662692c1abc4830626fccb23,14,BUY,1,18.0,0,,0,5575,22.0,5
cja13rkr,gvjjhq4h,66b9f33eefc44e2ab90ade5a,14,SELL,2,22.0,2,,0,8284,22.0,5
cja13rkr,tu0dkodu,6604659d90f32e434cb25d96,14,BUY,2,21.0,0,,0,10131,22.0,5
cja13rkr,t4nr7lsi,5e0857276aab7c17f7e21662,14,BUY,1,21.0,0,,0,4945,22.0,5
cja13rkr,ktltsbvm,6312ada1ce715ee3916c3748,15,BUY,3,20.0,0,,0,1343,23.0,9
cja13rkr,ktltsbvm,6312ada1ce715ee3916c3748,15,BUY,3,24.0,3,,0,1811,23.0,9
cja13rkr,ktltsbvm,6312ada1ce715ee3916c3748,15,BUY,2,21.0,0,,0,6955,23.0,9
cja13rkr,24ifp87v,62d86c63e2966588c71b9ff2,15,BUY,5,22.0,0,,0,3731,23.0,9
cja13rkr,24ifp87v,62d86c63e2966588c71b9ff2,15,SELL,2,23.0,2,,0,10022,23.0,9
cja13rkr,avceru49,5fd66ce8aec66457ff73d743,15,BUY,1,17.0,0,,0,5727,23.0,9
cja13rkr,ymc9j9vj,60e49d8302404edb1e133168,15,BUY,2,22.0,0,,0,6488,23.0,9
cja13rkr,ymc9j9vj,60e49d8302404edb1e133168,15,SELL,1,23.0,1,,0,13274,23.0,9
cja13rkr,to2zab0i,601b9077694f034f0092dd8f,15,SELL,2,22.0,2,,0,6248,23.0,9
cja13rkr,to2zab0i,601b9077694f034f0092dd8f,15,SELL,1,23.0,1,,0,14510,23.0,9
cja13rkr,to2zab0i,601b9077694f034f0092dd8f,15,BUY,1,20.0,0,,0,17892,23.0,9
cja13rkr,xffqjhaj,668d4819f7ea48371e78223f,15,BUY,2,22.0,0,,0,8695,23.0,9
cja13rkr,xffqjhaj,668d4819f7ea48371e78223f,15,SELL,3,23.0,2,,0,14732,23.0,9
cja13rkr,kyd0c4ir,5c197abc9bce3100018a4de9,15,BUY,2,23.0,2,,0,8072,23.0,9
cja13rkr,yxdim3bv,643bd8390dc7e4b22596d52b,15,SELL,1,22.0,1,,0,15069,23.0,9
cja13rkr,yxdim3bv,643bd8390dc7e4b22596d52b,15,BUY,2,18.0,0,,0,19369,23.0,9
cja13rkr,y7ad4wdb,662692c1abc4830626fccb23,15,SELL,1,25.0,0,,0,3756,23.0,9
cja13rkr,y7ad4wdb,662692c1abc4830626fccb23,15,BUY,1,18.0,0,,0,8952,23.0,9
cja13rkr,gvjjhq4h,66b9f33eefc44e2ab90ade5a,15,BUY,4,23.0,4,,0,10396,23.0,9
cja13rkr,tu0dkodu,6604659d90f32e434cb25d96,15,BUY,2,22.0,0,,0,13674,23.0,9
cja13rkr,t4nr7lsi,5e0857276aab7c17f7e21662,15,BUY,2,22.0,0,,0,5331,23.0,9
cja13rkr,ktltsbvm,6312ada1ce715ee3916c3748,16,BUY,1,22.0,0,,0,5577,24.0,2
cja13rkr,ktltsbvm,6312ada1ce715ee3916c3748,16,BUY,2,23.0,0,,0,6695,24.0,2
cja13rkr,ktltsbvm,6312ada1ce715ee3916c3748,16,SELL,3,24.0,0,,0,7846,24.0,2
cja13rkr,ktltsbvm,6312ada1ce715ee3916c3748,16,SELL,1,24.0,1,,0,10407,24.0,2
cja13rkr,ktltsbvm,6312ada1ce715ee3916c3748,16,BUY,2,21.0,0,,0,11337,24.0,2
cja13rkr,24ifp87v,62d86c63e2966588c71b9ff2,16,BUY,5,23.0,0,,0,3635,24.0,2
cja13rkr,avceru49,5fd66ce8aec66457ff73d743,16,BUY,1,18.0,0,,0,5157,24.0,2
cja13rkr,ymc9j9vj,60e49d8302404edb1e133168,16,BUY,3,23.0,0,,0,7127,24.0,2
cja13rkr,to2zab0i,601b9077694f034f0092dd8f,16,BUY,1,22.0,0,,0,6909,24.0,2
cja13rkr,to2zab0i,601b9077694f034f0092dd8f,16,SELL,2,24.0,1,,0,12256,24.0,2
cja13rkr,xffqjhaj,668d4819f7ea48371e78223f,16,BUY,2,23.0,0,,0,10425,24.0,2
cja13rkr,xffqjhaj,668d4819f7ea48371e78223f,16,SELL,3,24.0,0,,0,15568,24.0,2
cja13rkr,yxdim3bv,643bd8390dc7e4b22596d52b,16,BUY,2,21.0,0,,0,9665,24.0,2
cja13rkr,y7ad4wdb,662692c1abc4830626fccb23,16,SELL,1,26.0,0,,0,10680,24.0,2
cja13rkr,y7ad4wdb,662692c1abc4830626fccb23,16,BUY,1,19.0,0,,0,12977,24.0,2
cja13rkr,gvjjhq4h,66b9f33eefc44e2ab90ade5a,16,SELL,3,25.0,0,,0,6197,24.0,2
cja13rkr,tu0dkodu,6604659d90f32e434cb25d96,16,BUY,3,23.0,0,,0,6138,24.0,2
cja13rkr,t4nr7lsi,5e0857276aab7c17f7e21662,16,BUY,2,24.0,2,,0,11174,24.0,2
cja13rkr,ktltsbvm,6312ada1ce715ee3916c3748,17,SELL,2,23.0,2,,0,1299,25.0,3
cja13rkr,ktltsbvm,6312ada1ce715ee3916c3748,17,BUY,3,22.0,0,,0,1897,25.0,3
cja13rkr,ktltsbvm,6312ada1ce715ee3916c3748,17,SELL,2,27.0,0,,0,3482,25.0,3
cja13rkr,ktltsbvm,6312ada1ce715ee3916c3748,17,BUY,4,22.0,0,,0,4312,25.0,3
cja13rkr,ktltsbvm,6312ada1ce715ee3916c3748,17,SELL,2,26.0,0,,0,7424,25.0,3
cja13rkr,24ifp87v,62d86c63e2966588c71b9ff2,17,BUY,5,25.0,3,,0,8424,25.0,3
cja13rkr,24ifp87v,62d86c63e2966588c71b9ff2,17,BUY,5,24.0,0,,0,13584,25.0,3
cja13rkr,avceru49,5fd66ce8aec66457ff73d743,17,BUY,1,20.0,0,,0,8278,25.0,3
cja13rkr,ymc9j9vj,60e49d8302404edb1e133168,17,BUY,3,25.0,0,,0,14333,25.0,3
cja13rkr,to2zab0i,601b9077694f034f0092dd8f,17,BUY,1,23.0,0,,0,5342,25.0,3
cja13rkr,to2zab0i,601b9077694f034f0092dd8f,17,BUY,1,23.0,0,,0,11684,25.0,3
cja13rkr,to2zab0i,601b9077694f034f0092dd8f,17,BUY,1,24.0,0,,0,18938,25.0,3
cja13rkr,xffqjhaj,668d4819f7ea48371e78223f,17,BUY,2,24.0,0,,0,10261,25.0,3
cja13rkr,xffqjhaj,668d4819f7ea48371e78223f,17,SELL,1,25.0,1,,0,18692,25.0,3
cja13rkr,kyd0c4ir,5c197abc9bce3100018a4de9,17,BUY,2,25.0,0,,0,19190,25.0,3
cja13rkr,yxdim3bv,643bd8390dc7e4b22596d52b,17,BUY,1,22.0,0,,0,12499,25.0,3
cja13rkr,yxdim3bv,643bd8390dc7e4b22596d52b,17,BUY,1,23.0,0,,0,13763,25.0,3
cja13rkr,y7ad4wdb,662692c1abc4830626fccb23,17,SELL,1,26.0,0,,0,7186,25.0,3
cja13rkr,y7ad4wdb,662692c1abc4830626fccb23,17,BUY,1,19.0,0,,0,10336,25.0,3
cja13rkr,gvjjhq4h,66b9f33eefc44e2ab90ade5a,17,SELL,2,26.0,0,,0,10559,25.0,3
cja13rkr,tu0dkodu,6604659d90f32e434cb25d96,17,BUY,3,24.0,0,,0,10469,25.0,3
cja13rkr,ktltsbvm,6312ada1ce715ee3916c3748,18,BUY,3,23.0,0,,0,3072,26.0,5
cja13rkr,ktltsbvm,6312ada1ce715ee3916c3748,18,BUY,5,22.0,0,,0,3810,26.0,5
cja13rkr,ktltsbvm,6312ada1ce715ee3916c3748,18,SELL,1,27.0,0,,0,8253,26.0,5
cja13rkr,24ifp87v,62d86c63e2966588c71b9ff2,18,BUY,5,25.0,0,,0,3873,26.0,5
cja13rkr,24ifp87v,62d86c63e2966588c71b9ff2,18,SELL,3,28.0,0,,0,14660,26.0,5
cja13rkr,avceru49,5fd66ce8aec66457ff73d743,18,BUY,1,21.0,0,,0,3930,26.0,5
cja13rkr,ymc9j9vj,60e49d8302404edb1e133168,18,BUY,4,26.0,4,,0,6954,26.0,5
cja13rkr,to2zab0i,601b9077694f034f0092dd8f,18,BUY,3,25.0,0,,0,5489,26.0,5
cja13rkr,xffqjhaj,668d4819f7ea48371e78223f,18,BUY,2,25.0,0,,0,13744,26.0,5
cja13rkr,p9rwstcm,62fbdda6e4b5a034b71296f8,18,BUY,5,25.0,0,,0,17660,26.0,5
cja13rkr,yxdim3bv,643bd8390dc7e4b22596d52b,18,SELL,2,26.0,2,,0,17379,26.0,5
cja13rkr,y7ad4wdb,662692c1abc4830626fccb23,18,SELL,1,27.0,0,,0,13407,26.0,5
cja13rkr,y7ad4wdb,662692c1abc4830626fccb23,18,BUY,1,21.0,0,,0,16615,26.0,5
cja13rkr,gvjjhq4h,66b9f33eefc44e2ab90ade5a,18,SELL,4,26.0,3,,0,9876,26.0,5
cja13rkr,tu0dkodu,6604659d90f32e434cb25d96,18,BUY,4,25.0,0,,0,8909,26.0,5
cja13rkr,t4nr7lsi,5e0857276aab7c17f7e21662,18,BUY,1,27.0,1,,0,14122,26.0,5
cja13rkr,ktltsbvm,6312ada1ce715ee3916c3748,19,BUY,4,23.0,0,,0,2267,28.0,6
cja13rkr,ktltsbvm,6312ada1ce715ee3916c3748,19,BUY,4,29.0,4,,0,2885,28.0,6
cja13rkr,ktltsbvm,6312ada1ce715ee3916c3748,19,BUY,1,24.0,0,,0,11030,28.0,6
cja13rkr,ktltsbvm,6312ada1ce715ee3916c3748,19,SELL,4,30.0,0,,0,16414,28.0,6
cja13rkr,24ifp87v,62d86c63e2966588c71b9ff2,19,BUY,5,27.0,0,,0,10582,28.0,6
cja13rkr,24ifp87v,62d86c63e2966588c71b9ff2,19,SELL,3,28.0,3,,0,15716,28.0,6
cja13rkr,avceru49,5fd66ce8aec66457ff73d743,19,BUY,1,20.0,0,,0,5152,28.0,6
cja13rkr,ymc9j9vj,60e49d8302404edb1e133168,19,SELL,4,30.0,0,,0,6316,28.0,6
cja13rkr,to2zab0i,601b9077694f034f0092dd8f,19,BUY,2,28.0,2,,0,6561,28.0,6
cja13rkr,xffqjhaj,668d4819f7ea48371e78223f,19,BUY,2,26.0,0,,0,8152,28.0,6
cja13rkr,xffqjhaj,668d4819f7ea48371e78223f,19,SELL,2,28.0,2,,0,16674,28.0,6
cja13rkr,kyd0c4ir,5c197abc9bce3100018a4de9,19,BUY,1,27.0,0,,0,9256,28.0,6
cja13rkr,p9rwstcm,62fbdda6e4b5a034b71296f8,19,BUY,5,20.0,0,,0,7535,28.0,6
cja13rkr,yxdim3bv,643bd8390dc7e4b22596d52b,19,BUY,1,24.0,0,,0,6832,28.0,6
cja13rkr,yxdim3bv,643bd8390dc7e4b22596d52b,19,BUY,1,23.0,0,,0,9753,28.0,6
cja13rkr,yxdim3bv,643bd8390dc7e4b22596d52b,19,BUY,1,22.0,0,,0,10725,28.0,6
cja13rkr,gvjjhq4h,66b9f33eefc44e2ab90ade5a,19,BUY,2,25.0,0,,0,10395,28.0,6
cja13rkr,gvjjhq4h,66b9f33eefc44e2ab90ade5a,19,SELL,1,28.0,1,,0,18334,28.0,6
cja13rkr,tu0dkodu,6604659d90f32e434cb25d96,19,BUY,4,26.0,0,,0,3797,28.0,6
cja13rkr,ktltsbvm,6312ada1ce715ee3916c3748,20,BUY,3,28.0,0,,0,2353,29.0,3
cja13rkr,ktltsbvm,6312ada1ce715ee3916c3748,20,BUY,2,28.0,0,,0,4596,29.0,3
cja13rkr,ktltsbvm,6312ada1ce715ee3916c3748,20,SELL,4,33.0,0,,0,10395,29.0,3
cja13rkr,24ifp87v,62d86c63e2966588c71b9ff2,20,BUY,5,28.0,0,,0,5324,29.0,3
cja13rkr,24ifp87v,62d86c63e2966588c71b9ff2,20,BUY,5,27.0,0,,0,11414,29.0,3
cja13rkr,avceru49,5fd66ce8aec66457ff73d743,20,BUY,1,22.0,0,,0,6874,29.0,3
cja13rkr,ymc9j9vj,60e49d8302404edb1e133168,20,SELL,4,30.0,0,,0,5976,29.0,3
cja13rkr,to2zab0i,601b9077694f034f0092dd8f,20,BUY,2,28.0,0,,0,4954,29.0,3
cja13rkr,to2zab0i,601b9077694f034f0092dd8f,20,SELL,2,29.0,2,,0,19844,29.0,3
cja13rkr,xffqjhaj,668d4819f7ea48371e78223f,20,BUY,2,28.0,0,,0,9133,29.0,3
cja13rkr,kyd0c4ir,5c197abc9bce3100018a4de9,20,SELL,1,28.0,1,,0,14964,29.0,3
cja13rkr,p9rwstcm,62fbdda6e4b5a034b71296f8,20,BUY,5,29.0,2,,0,5142,29.0,3
cja13rkr,p9rwstcm,62fbdda6e4b5a034b71296f8,20,BUY,5,29.0,0,,0,9078,29.0,3
cja13rkr,yxdim3bv,643bd8390dc7e4b22596d52b,20,BUY,1,26.0,0,,0,11417,29.0,3
cja13rkr,yxdim3bv,643bd8390dc7e4b22596d52b,20,BUY,1,25.0,0,,0,12958,29.0,3
cja13rkr,yxdim3bv,643bd8390dc7e4b22596d52b,20,BUY,1,24.0,0,,0,13944,29.0,3
cja13rkr,y7ad4wdb,662692c1abc4830626fccb23,20,SELL,1,30.0,0,,0,13070,29.0,3
cja13rkr,y7ad4wdb,662692c1abc4830626fccb23,20,BUY,1,22.0,0,,0,14826,29.0,3
cja13rkr,gvjjhq4h,66b9f33eefc44e2ab90ade5a,20,BUY,2,28.0,0,,0,7540,29.0,3
cja13rkr,gvjjhq4h,66b9f33eefc44e2ab90ade5a,20,BUY,4,27.0,0,,0,13326,29.0,3
cja13rkr,tu0dkodu,6604659d90f32e434cb25d96,20,BUY,4,28.0,0,,0,5432,29.0,3
cja13rkr,t4nr7lsi,5e0857276aab7c17f7e21662,20,BUY,1,30.0,1,,0,5175,29.0,3
cja13rkr,ktltsbvm,6312ada1ce715ee3916c3748,21,BUY,4,28.0,0,,0,1990,31.0,5
cja13rkr,ktltsbvm,6312ada1ce715ee3916c3748,21,BUY,1,30.0,0,,0,5437,31.0,5
cja13rkr,ktltsbvm,6312ada1ce715ee3916c3748,21,SELL,4,33.0,0,,0,7882,31.0,5
cja13rkr,ktltsbvm,6312ada1ce715ee3916c3748,21,SELL,5,34.0,0,,0,14648,31.0,5
cja13rkr,24ifp87v,62d86c63e2966588c71b9ff2,21,BUY,5,30.0,0,,0,2610,31.0,5
cja13rkr,24ifp87v,62d86c63e2966588c71b9ff2,21,BUY,5,31.0,5,,0,15697,31.0,5
cja13rkr,avceru49,5fd66ce8aec66457ff73d743,21,BUY,1,23.0,0,,0,8028,31.0,5
cja13rkr,ymc9j9vj,60e49d8302404edb1e133168,21,SELL,4,30.0,4,,0,6398,31.0,5
cja13rkr,ymc9j9vj,60e49d8302404edb1e133168,21,BUY,2,29.0,0,,0,18572,31.0,5
cja13rkr,to2zab0i,601b9077694f034f0092dd8f,21,BUY,5,31.0,0,,0,16169,31.0,5
cja13rkr,xffqjhaj,668d4819f7ea48371e78223f,21,BUY,2,29.0,0,,0,9009,31.0,5
cja13rkr,kyd0c4ir,5c197abc9bce3100018a4de9,21,SELL,1,29.0,1,,0,10186,31.0,5
cja13rkr,p9rwstcm,62fbdda6e4b5a034b71296f8,21,BUY,2,30.0,0,,0,10081,31.0,5
cja13rkr,yxdim3bv,643bd8390dc7e4b22596d52b,21,BUY,1,27.0,0,,0,8590,31.0,5
cja13rkr,yxdim3bv,643bd8390dc7e4b22596d52b,21,BUY,1,26.0,0,,0,9838,31.0,5
cja13rkr,yxdim3bv,643bd8390dc7e4b22596d52b,21,BUY,1,25.0,0,,0,10902,31.0,5
cja13rkr,y7ad4wdb,662692c1abc4830626fccb23,21,SELL,1,33.0,0,,0,4979,31.0,5
cja13rkr,y7ad4wdb,662692c1abc4830626fccb23,21,BUY,1,23.0,0,,0,7547,31.0,5
cja13rkr,gvjjhq4h,66b9f33eefc44e2ab90ade5a,21,BUY,4,29.0,0,,0,11491,31.0,5
cja13rkr,tu0dkodu,6604659d90f32e434cb25d96,21,BUY,5,29.0,0,,0,3775,31.0,5
cja13rkr,ktltsbvm,6312ada1ce715ee3916c3748,22,BUY,2,30.0,0,,0,1863,33.0,2
cja13rkr,ktltsbvm,6312ada1ce715ee3916c3748,22,BUY,1,32.0,0,,0,5622,33.0,2
cja13rkr,ktltsbvm,6312ada1ce715ee3916c3748,22,SELL,3,33.0,2,,0,11309,33.0,2
cja13rkr,ktltsbvm,6312ada1ce715ee3916c3748,22,BUY,2,23.0,0,,0,17864,33.0,2
cja13rkr,24ifp87v,62d86c63e2966588c71b9ff2,22,BUY,5,32.0,0,,0,6654,33.0,2
cja13rkr,24ifp87v,62d86c63e2966588c71b9ff2,22,BUY,2,33.0,2,,0,16132,33.0,2
cja13rkr,avceru49,5fd66ce8aec66457ff73d743,22,BUY,1,23.0,0,,0,2250,33.0,2
cja13rkr,avceru49,5fd66ce8aec66457ff73d743,22,BUY,1,25.0,0,,0,16207,33.0,2
cja13rkr,ymc9j9vj,60e49d8302404edb1e133168,22,BUY,5,30.0,0,,0,8906,33.0,2
cja13rkr,to2zab0i,601b9077694f034f0092dd8f,22,BUY,3,31.0,0,,0,5420,33.0,2
cja13rkr,xffqjhaj,668d4819f7ea48371e78223f,22,BUY,2,31.0,0,,0,7733,33.0,2
cja13rkr,p9rwstcm,62fbdda6e4b5a034b71296f8,22,BUY,5,32.0,0,,0,6370,33.0,2
cja13rkr,yxdim3bv,643bd8390dc7e4b22596d52b,22,BUY,1,29.0,0,,0,6902,33.0,2
cja13rkr,yxdim3bv,643bd8390dc7e4b22596d52b,22,BUY,1,28.0,0,,0,7834,33.0,2
cja13rkr,yxdim3bv,643bd8390dc7e4b22596d52b,22,BUY,1,27.0,0,,0,9352,33.0,2
cja13rkr,y7ad4wdb,662692c1abc4830626fccb23,22,SELL,1,34.0,0,,0,7243,33.0,2
cja13rkr,y7ad4wdb,662692c1abc4830626fccb23,22,BUY,1,23.0,0,,0,10309,33.0,2
cja13rkr,gvjjhq4h,66b9f33eefc44e2ab90ade5a,22,BUY,5,32.0,0,,0,10855,33.0,2
cja13rkr,tu0dkodu,6604659d90f32e434cb25d96,22,BUY,5,31.0,0,,0,5202,33.0,2
cja13rkr,ktltsbvm,6312ada1ce715ee3916c3748,23,BUY,3,33.0,0,,0,4640,35.0,1
cja13rkr,ktltsbvm,6312ada1ce715ee3916c3748,23,BUY,4,35.0,0,,0,6175,35.0,1
cja13rkr,24ifp87v,62d86c63e2966588c71b9ff2,23,BUY,5,35.0,1,,0,7126,35.0,1
cja13rkr,24ifp87v,62d86c63e2966588c71b9ff2,23,BUY,1,34.0,0,,0,14064,35.0,1
cja13rkr,avceru49,5fd66ce8aec66457ff73d743,23,BUY,1,25.0,0,,0,3268,35.0,1
cja13rkr,ymc9j9vj,60e49d8302404edb1e133168,23,BUY,4,30.0,0,,0,16885,35.0,1
cja13rkr,to2zab0i,601b9077694f034f0092dd8f,23,BUY,1,33.0,0,,0,7536,35.0,1
cja13rkr,to2zab0i,601b9077694f034f0092dd8f,23,BUY,1,32.0,0,,0,16573,35.0,1
cja13rkr,xffqjhaj,668d4819f7ea48371e78223f,23,BUY,3,33.0,0,,0,5503,35.0,1
cja13rkr,p9rwstcm,62fbdda6e4b5a034b71296f8,23,BUY,5,35.0,0,,0,8157,35.0,1
cja13rkr,yxdim3bv,643bd8390dc7e4b22596d52b,23,BUY,1,31.0,0,,0,7629,35.0,1
cja13rkr,yxdim3bv,643bd8390dc7e4b22596d52b,23,BUY,1,30.0,0,,0,8979,35.0,1
cja13rkr,yxdim3bv,643bd8390dc7e4b22596d52b,23,BUY,1,29.0,0,,0,9987,35.0,1
cja13rkr,y7ad4wdb,662692c1abc4830626fccb23,23,SELL,1,35.0,1,,0,3921,35.0,1
cja13rkr,y7ad4wdb,662692c1abc4830626fccb23,23,BUY,1,25.0,0,,0,5463,35.0,1
cja13rkr,gvjjhq4h,66b9f33eefc44e2ab90ade5a,23,BUY,4,35.0,0,,0,8863,35.0,1
cja13rkr,tu0dkodu,6604659d90f32e434cb25d96,23,BUY,5,33.0,0,,0,6001,35.0,1
cja13rkr,ktltsbvm,6312ada1ce715ee3916c3748,24,BUY,1,34.0,0,,0,1704,38.0,1
cja13rkr,ktltsbvm,6312ada1ce715ee3916c3748,24,BUY,2,36.0,0,,0,2392,38.0,1
cja13rkr,ktltsbvm,6312ada1ce715ee3916c3748,24,BUY,3,38.0,1,,0,4522,38.0,1
cja13rkr,ktltsbvm,6312ada1ce715ee3916c3748,24,SELL,5,42.0,0,,0,7894,38.0,1
cja13rkr,24ifp87v,62d86c63e2966588c71b9ff2,24,BUY,5,37.0,0,,0,10838,38.0,1
cja13rkr,avceru49,5fd66ce8aec66457ff73d743,24,BUY,1,27.0,0,,0,10485,38.0,1
cja13rkr,to2zab0i,601b9077694f034f0092dd8f,24,BUY,1,35.0,0,,0,5282,38.0,1
cja13rkr,to2zab0i,601b9077694f034f0092dd8f,24,BUY,1,34.0,0,,0,12980,38.0,1
cja13rkr,xffqjhaj,668d4819f7ea48371e78223f,24,BUY,3,35.0,0,,0,7277,38.0,1
cja13rkr,p9rwstcm,62fbdda6e4b5a034b71296f8,24,BUY,5,37.0,0,,0,6976,38.0,1
cja13rkr,p9rwstcm,62fbdda6e4b5a034b71296f8,24,BUY,5,37.0,0,,0,16334,38.0,1
cja13rkr,yxdim3bv,643bd8390dc7e4b22596d52b,24,BUY,1,33.0,0,,0,7302,38.0,1
cja13rkr,yxdim3bv,643bd8390dc7e4b22596d52b,24,BUY,1,34.0,0,,0,10569,38.0,1
cja13rkr,yxdim3bv,643bd8390dc7e4b22596d52b,24,BUY,1,32.0,0,,0,13744,38.0,1
cja13rkr,y7ad4wdb,662692c1abc4830626fccb23,24,SELL,1,39.0,0,,0,6144,38.0,1
cja13rkr,gvjjhq4h,66b9f33eefc44e2ab90ade5a,24,BUY,4,36.0,0,,0,13781,38.0,1
cja13rkr,tu0dkodu,6604659d90f32e434cb25d96,24,BUY,5,35.0,0,,0,5950,38.0,1
cja13rkr,t4nr7lsi,5e0857276aab7c17f7e21662,24,SELL,1,35.0,1,,0,16548,38.0,1
cja13rkr,ktltsbvm,6312ada1ce715ee3916c3748,25,BUY,5,37.0,0,,0,1782,40.0,1
cja13rkr,ktltsbvm,6312ada1ce715ee3916c3748,25,BUY,2,32.0,0,,0,7316,40.0,1
cja13rkr,ktltsbvm,6312ada1ce715ee3916c3748,25,SELL,1,38.0,1,,0,12273,40.0,1
cja13rkr,24ifp87v,62d86c63e2966588c71b9ff2,25,BUY,5,40.0,0,,0,8592,40.0,1
cja13rkr,avceru49,5fd66ce8aec66457ff73d743,25,BUY,1,30.0,0,,0,2280,40.0,1
cja13rkr,avceru49,5fd66ce8aec66457ff73d743,25,BUY,1,32.0,0,,0,6038,40.0,1
cja13rkr,to2zab0i,601b9077694f034f0092dd8f,25,SELL,4,41.0,0,,0,10377,40.0,1
cja13rkr,xffqjhaj,668d4819f7ea48371e78223f,25,BUY,4,39.0,0,,0,10337,40.0,1
cja13rkr,p9rwstcm,62fbdda6e4b5a034b71296f8,25,BUY,5,40.0,1,,0,5114,40.0,1
cja13rkr,p9rwstcm,62fbdda6e4b5a034b71296f8,25,BUY,5,40.0,0,,0,6823,40.0,1
cja13rkr,yxdim3bv,643bd8390dc7e4b22596d52b,25,BUY,1,36.0,0,,0,5801,40.0,1
cja13rkr,yxdim3bv,643bd8390dc7e4b22596d52b,25,BUY,1,35.0,0,,0,6571,40.0,1
cja13rkr,yxdim3bv,643bd8390dc7e4b22596d52b,25,BUY,1,34.0,0,,0,7319,40.0,1
cja13rkr,y7ad4wdb,662692c1abc4830626fccb23,25,SELL,1,42.0,0,,0,6524,40.0,1
cja13rkr,gvjjhq4h,66b9f33eefc44e2ab90ade5a,25,BUY,2,40.0,0,,0,9825,40.0,1
cja13rkr,tu0dkodu,6604659d90f32e434cb25d96,25,BUY,5,38.0,0,,0,5809,40.0,1
cja13rkr,ktltsbvm,6312ada1ce715ee3916c3748,26,BUY,4,40.0,0,,0,2301,41.0,4
cja13rkr,ktltsbvm,6312ada1ce715ee3916c3748,26,BUY,2,45.0,2,,0,6217,41.0,4
cja13rkr,ktltsbvm,6312ada1ce715ee3916c3748,26,BUY,1,39.0,0,,0,8771,41.0,4
cja13rkr,ktltsbvm,6312ada1ce715ee3916c3748,26,SELL,3,46.0,0,,0,18332,41.0,4
cja13rkr,ktltsbvm,6312ada1ce715ee3916c3748,26,SELL,1,47.0,0,,0,19423,41.0,4
cja13rkr,24ifp87v,62d86c63e2966588c71b9ff2,26,BUY,5,41.0,2,,0,5923,41.0,4
cja13rkr,24ifp87v,62d86c63e2966588c71b9ff2,26,SELL,5,44.0,0,,0,16918,41.0,4
cja13rkr,avceru49,5fd66ce8aec66457ff73d743,26,BUY,1,32.0,0,,0,3316,41.0,4
cja13rkr,avceru49,5fd66ce8aec66457ff73d743,26,BUY,1,34.0,0,,0,13453,41.0,4
cja13rkr,avceru49,5fd66ce8aec66457ff73d743,26,BUY,1,36.0,0,,0,15156,41.0,4
cja13rkr,to2zab0i,601b9077694f034f0092dd8f,26,SELL,4,41.0,4,,0,10596,41.0,4
cja13rkr,xffqjhaj,668d4819f7ea48371e78223f,26,BUY,3,40.0,0,,0,4930,41.0,4
cja13rkr,p9rwstcm,62fbdda6e4b5a034b71296f8,26,BUY,3,41.0,0,,0,5849,41.0,4
cja13rkr,yxdim3bv,643bd8390dc7e4b22596d52b,26,BUY,1,38.0,0,,0,4960,41.0,4
cja13rkr,yxdim3bv,643bd8390dc7e4b22596d52b,26,BUY,1,37.0,0,,0,5792,41.0,4
cja13rkr,yxdim3bv,643bd8390dc7e4b22596d52b,26,BUY,1,36.0,0,,0,6578,41.0,4
cja13rkr,y7ad4wdb,662692c1abc4830626fccb23,26,SELL,1,43.0,0,,0,5617,41.0,4
cja13rkr,gvjjhq4h,66b9f33eefc44e2ab90ade5a,26,BUY,3,40.0,0,,0,12384,41.0,4
cja13rkr,tu0dkodu,6604659d90f32e434cb25d96,26,BUY,5,40.0,0,,0,4495,41.0,4
cja13rkr,ktltsbvm,6312ada1ce715ee3916c3748,27,BUY,4,48.0,4,,0,2918,43.0,8
cja13rkr,ktltsbvm,6312ada1ce715ee3916c3748,27,BUY,1,36.0,0,,0,6842,43.0,8
cja13rkr,ktltsbvm,6312ada1ce715ee3916c3748,27,SELL,1,49.0,0,,0,16453,43.0,8
cja13rkr,24ifp87v,62d86c63e2966588c71b9ff2,27,SELL,5,43.0,5,,0,14056,43.0,8
cja13rkr,avceru49,5fd66ce8aec66457ff73d743,27,BUY,1,32.0,0,,0,5908,43.0,8
cja13rkr,avceru49,5fd66ce8aec66457ff73d743,27,BUY,1,32.0,0,,0,9366,43.0,8
cja13rkr,avceru49,5fd66ce8aec66457ff73d743,27,BUY,1,35.0,0,,0,12665,43.0,8
cja13rkr,xffqjhaj,668d4819f7ea48371e78223f,27,BUY,4,43.0,4,,0,13286,43.0,8
cja13rkr,kyd0c4ir,5c197abc9bce3100018a4de9,27,SELL,2,41.0,2,,0,14850,43.0,8
cja13rkr,p9rwstcm,62fbdda6e4b5a034b71296f8,27,BUY,3,43.0,0,,0,5459,43.0,8
cja13rkr,yxdim3bv,643bd8390dc7e4b22596d52b,27,BUY,1,39.0,0,,0,14746,43.0,8
cja13rkr,yxdim3bv,643bd8390dc7e4b22596d52b,27,BUY,1,38.0,0,,0,15284,43.0,8
cja13rkr,yxdim3bv,643bd8390dc7e4b22596d52b,27,BUY,1,36.0,0,,0,15770,43.0,8
cja13rkr,y7ad4wdb,662692c1abc4830626fccb23,27,SELL,1,43.0,1,,0,4439,43.0,8
cja13rkr,gvjjhq4h,66b9f33eefc44e2ab90ade5a,27,BUY,2,43.0,0,,0,9687,43.0,8
cja13rkr,tu0dkodu,6604659d90f32e434cb25d96,27,BUY,5,41.0,0,,0,4705,43.0,8
cja13rkr,ktltsbvm,6312ada1ce715ee3916c3748,28,BUY,1,51.0,1,,0,7337,46.0,6
cja13rkr,ktltsbvm,6312ada1ce715ee3916c3748,28,BUY,1,37.0,0,,0,10709,46.0,6
cja13rkr,ktltsbvm,6312ada1ce715ee3916c3748,28,SELL,5,52.0,0,,0,13093,46.0,6
cja13rkr,24ifp87v,62d86c63e2966588c71b9ff2,28,BUY,4,44.0,0,,0,14532,46.0,6
cja13rkr,avceru49,5fd66ce8aec66457ff73d743,28,BUY,2,37.0,0,,0,4167,46.0,6
cja13rkr,avceru49,5fd66ce8aec66457ff73d743,28,BUY,3,37.0,0,,0,15420,46.0,6
cja13rkr,avceru49,5fd66ce8aec66457ff73d743,28,BUY,3,40.0,0,,0,18637,46.0,6
cja13rkr,to2zab0i,601b9077694f034f0092dd8f,28,BUY,1,43.0,0,,0,13421,46.0,6
cja13rkr,xffqjhaj,668d4819f7ea48371e78223f,28,BUY,2,43.0,0,,0,8766,46.0,6
cja13rkr,xffqjhaj,668d4819f7ea48371e78223f,28,SELL,1,46.0,1,,0,14385,46.0,6
cja13rkr,kyd0c4ir,5c197abc9bce3100018a4de9,28,BUY,1,43.0,0,,0,10547,46.0,6
cja13rkr,p9rwstcm,62fbdda6e4b5a034b71296f8,28,BUY,3,46.0,3,,0,7629,46.0,6
cja13rkr,p9rwstcm,62fbdda6e4b5a034b71296f8,28,BUY,3,46.0,2,,0,16866,46.0,6
cja13rkr,yxdim3bv,643bd8390dc7e4b22596d52b,28,BUY,1,40.0,0,,0,6323,46.0,6
cja13rkr,yxdim3bv,643bd8390dc7e4b22596d52b,28,BUY,1,39.0,0,,0,7624,46.0,6
cja13rkr,yxdim3bv,643bd8390dc7e4b22596d52b,28,BUY,1,38.0,0,,0,8388,46.0,6
cja13rkr,gvjjhq4h,66b9f33eefc44e2ab90ade5a,28,BUY,2,45.0,0,,0,11773,46.0,6
cja13rkr,tu0dkodu,6604659d90f32e434cb25d96,28,BUY,5,43.0,0,,0,6855,46.0,6
cja13rkr,t4nr7lsi,5e0857276aab7c17f7e21662,28,SELL,5,42.0,5,,0,14742,46.0,6
cja13rkr,ktltsbvm,6312ada1ce715ee3916c3748,29,SELL,4,39.0,4,,0,12474,46.0,9
cja13rkr,ktltsbvm,6312ada1ce715ee3916c3748,29,SELL,2,52.0,0,,0,19470,46.0,9
cja13rkr,24ifp87v,62d86c63e2966588c71b9ff2,29,SELL,4,50.0,0,,0,2957,46.0,9
cja13rkr,24ifp87v,62d86c63e2966588c71b9ff2,29,BUY,5,46.0,0,,0,8692,46.0,9
cja13rkr,24ifp87v,62d86c63e2966588c71b9ff2,29,BUY,3,47.0,3,,0,13032,46.0,9
cja13rkr,avceru49,5fd66ce8aec66457ff73d743,29,BUY,1,38.0,0,,0,3577,46.0,9
cja13rkr,avceru49,5fd66ce8aec66457ff73d743,29,BUY,2,40.0,0,,0,4148,46.0,9
cja13rkr,avceru49,5fd66ce8aec66457ff73d743,29,BUY,1,54.0,1,,0,10857,46.0,9
cja13rkr,to2zab0i,601b9077694f034f0092dd8f,29,BUY,1,45.0,0,,0,15985,46.0,9
cja13rkr,xffqjhaj,668d4819f7ea48371e78223f,29,SELL,2,48.0,0,,0,11654,46.0,9
cja13rkr,kyd0c4ir,5c197abc9bce3100018a4de9,29,BUY,1,46.0,0,,0,9699,46.0,9
cja13rkr,gvjjhq4h,66b9f33eefc44e2ab90ade5a,29,BUY,2,42.0,0,,0,9864,46.0,9
cja13rkr,gvjjhq4h,66b9f33eefc44e2ab90ade5a,29,BUY,4,36.0,0,,0,18416,46.0,9
cja13rkr,tu0dkodu,6604659d90f32e434cb25d96,29,BUY,5,46.0,5,,0,3879,46.0,9
cja13rkr,tu0dkodu,6604659d90f32e434cb25d96,29,BUY,1,46.0,0,,0,11961,46.0,9
cja13rkr,t4nr7lsi,5e0857276aab7c17f7e21662,29,SELL,5,45.0,5,,0,6416,46.0,9
cja13rkr,ktltsbvm,6312ada1ce715ee3916c3748,30,SELL,5,55.0,0,,0,3193,49.0,7
cja13rkr,ktltsbvm,6312ada1ce715ee3916c3748,30,SELL,3,55.0,0,,0,4818,49.0,7
cja13rkr,ktltsbvm,6312ada1ce715ee3916c3748,30,SELL,1,55.0,0,,0,6544,49.0,7
cja13rkr,ktltsbvm,6312ada1ce715ee3916c3748,30,BUY,4,54.0,4,,0,16352,49.0,7
cja13rkr,ktltsbvm,6312ada1ce715ee3916c3748,30,BUY,1,47.0,0,,0,19873,49.0,7
cja13rkr,24ifp87v,62d86c63e2966588c71b9ff2,30,SELL,5,48.0,3,,0,9405,49.0,7
cja13rkr,avceru49,5fd66ce8aec66457ff73d743,30,BUY,1,36.0,0,,0,5533,49.0,7
cja13rkr,avceru49,5fd66ce8aec66457ff73d743,30,SELL,1,38.0,1,,0,9708,49.0,7
cja13rkr,to2zab0i,601b9077694f034f0092dd8f,30,BUY,1,45.0,0,,0,7576,49.0,7
cja13rkr,xffqjhaj,668d4819f7ea48371e78223f,30,BUY,3,50.0,3,,0,11106,49.0,7
cja13rkr,yxdim3bv,643bd8390dc7e4b22596d52b,30,BUY,1,40.0,0,,0,12806,49.0,7
cja13rkr,yxdim3bv,643bd8390dc7e4b22596d52b,30,BUY,1,40.0,0,,0,14801,49.0,7
cja13rkr,gvjjhq4h,66b9f33eefc44e2ab90ade5a,30,BUY,3,36.0,0,,0,11480,49.0,7
cja13rkr,t4nr7lsi,5e0857276aab7c17f7e21662,30,SELL,3,46.0,3,,0,5358,49.0,7
cja13rkr,ktltsbvm,6312ada1ce715ee3916c3748,31,BUY,1,41.0,0,,0,8798,42.0,4
cja13rkr,ktltsbvm,6312ada1ce715ee3916c3748,31,SELL,5,55.0,0,,0,11615,42.0,4
cja13rkr,ktltsbvm,6312ada1ce715ee3916c3748,31,SELL,5,44.0,0,,0,13401,42.0,4
cja13rkr,ktltsbvm,6312ada1ce715ee3916c3748,31,SELL,4,42.0,4,,0,15601,42.0,4
cja13rkr,24ifp87v,62d86c63e2966588c71b9ff2,31,SELL,5,51.0,0,,0,13378,42.0,4
cja13rkr,avceru49,5fd66ce8aec66457ff73d743,31,BUY,1,39.0,0,,0,3348,42.0,4
cja13rkr,xffqjhaj,668d4819f7ea48371e78223f,31,SELL,3,51.0,0,,0,14824,42.0,4
cja13rkr,yxdim3bv,643bd8390dc7e4b22596d52b,31,BUY,1,45.0,1,,0,6443,42.0,4
cja13rkr,yxdim3bv,643bd8390dc7e4b22596d52b,31,BUY,1,44.0,1,,0,7620,42.0,4
cja13rkr,yxdim3bv,643bd8390dc7e4b22596d52b,31,BUY,1,47.0,1,,0,9848,42.0,4
cja13rkr,tu0dkodu,6604659d90f32e434cb25d96,31,BUY,1,49.0,1,,0,16801,42.0,4
cja13rkr,t4nr7lsi,5e0857276aab7c17f7e21662,31,SELL,2,50.0,0,,0,10918,42.0,4
cja13rkr,ktltsbvm,6312ada1ce715ee3916c3748,32,SELL,5,43.0,0,,0,3930,36.0,3
cja13rkr,ktltsbvm,6312ada1ce715ee3916c3748,32,SELL,5,39.0,0,,0,5201,36.0,3
cja13rkr,ktltsbvm,6312ada1ce715ee3916c3748,32,SELL,1,47.0,0,,0,7776,36.0,3
cja13rkr,24ifp87v,62d86c63e2966588c71b9ff2,32,SELL,5,35.0,1,,0,10797,36.0,3
cja13rkr,avceru49,5fd66ce8aec66457ff73d743,32,BUY,1,33.0,0,,0,14477,36.0,3
cja13rkr,xffqjhaj,668d4819f7ea48371e78223f,32,BUY,2,42.0,2,,0,7219,36.0,3
cja13rkr,xffqjhaj,668d4819f7ea48371e78223f,32,SELL,2,45.0,0,,0,16488,36.0,3
cja13rkr,p9rwstcm,62fbdda6e4b5a034b71296f8,32,SELL,5,41.0,0,,0,7827,36.0,3
cja13rkr,p9rwstcm,62fbdda6e4b5a034b71296f8,32,SELL,3,42.0,0,,0,13669,36.0,3
cja13rkr,yxdim3bv,643bd8390dc7e4b22596d52b,32,SELL,2,40.0,0,,0,18295,36.0,3
cja13rkr,tu0dkodu,6604659d90f32e434cb25d96,32,BUY,1,42.0,1,,0,8689,36.0,3
cja13rkr,t4nr7lsi,5e0857276aab7c17f7e21662,32,SELL,2,34.0,2,,0,12021,36.0,3
cja13rkr,ktltsbvm,6312ada1ce715ee3916c3748,33,SELL,5,43.0,0,,0,3135,34.0,5
cja13rkr,ktltsbvm,6312ada1ce715ee3916c3748,33,SELL,5,44.0,0,,0,6416,34.0,5
cja13rkr,ktltsbvm,6312ada1ce715ee3916c3748,33,SELL,1,33.0,1,,0,10948,34.0,5
cja13rkr,24ifp87v,62d86c63e2966588c71b9ff2,33,SELL,4,28.0,4,,0,12422,34.0,5
cja13rkr,avceru49,5fd66ce8aec66457ff73d743,33,BUY,1,28.0,0,,0,13913,34.0,5
cja13rkr,xffqjhaj,668d4819f7ea48371e78223f,33,BUY,5,36.0,5,,0,11478,34.0,5
cja13rkr,p9rwstcm,62fbdda6e4b5a034b71296f8,33,SELL,5,33.0,0,,0,11152,34.0,5
cja13rkr,p9rwstcm,62fbdda6e4b5a034b71296f8,33,SELL,3,33.0,0,,0,14126,34.0,5
cja13rkr,yxdim3bv,643bd8390dc7e4b22596d52b,33,SELL,2,36.0,0,,0,19655,34.0,5
