session,part_label,participant,site,market_bonus,forecast_bonus,risk_bonus,quiz_bonus,total_bonus,showup,total_payment,attempted_trades,executed_trades
n9slx1c3,n9slx1c3_53O_2024-09-30,2slk8ma1,Lab,0.0,0.0,0.0,0.0,0.0,20.0,20.0,59.0,2.0
n9slx1c3,n9slx1c3_32X_2024-09-30,k70jlcxk,Lab,0.0,0.0,0.0,0.0,0.0,20.0,20.0,55.0,2.0
n9slx1c3,n9slx1c3_62F_2024-09-30,3kifwb2z,Lab,0.0,0.0,0.0,0.0,0.0,20.0,20.0,61.0,5.0
n9slx1c3,n9slx1c3_30J_2024-09-30,tx2cdzch,Lab,0.0,0.0,0.0,0.0,0.0,20.0,20.0,60.0,3.0
n9slx1c3,n9slx1c3_39I_2024-09-30,l25qvrng,Lab,0.0,0.0,0.0,0.0,0.0,20.0,20.0,62.0,6.0
n9slx1c3,n9slx1c3_17J_2024-09-30,6t0vcv3d,Lab,0.0,0.0,0.0,0.0,0.0,20.0,20.0,59.0,3.0
n9slx1c3,n9slx1c3_69Z_2024-09-30,lnkqdowe,Lab,0.0,0.0,0.0,0.0,0.0,20.0,20.0,60.0,3.0
n9slx1c3,n9slx1c3_82D_2024-09-30,iy7zp4kb,Lab,0.0,0.0,0.0,0.0,0.0,20.0,20.0,57.0,5.0
n9slx1c3,n9slx1c3_06Q_2024-09-30,ynnpfehe,Lab,0.0,0.0,0.0,0.0,0.0,20.0,20.0,59.0,2.0
n9slx1c3,n9slx1c3_22G_2024-09-30,pjrzzpo0,Lab,0.0,0.0,0.0,0.0,0.0,20.0,20.0,60.0,4.0
91yoqr0i,91yoqr0i_10A_2024-09-30,4bodkwz0,Lab,0.0,0.0,0.0,0.0,0.0,20.0,20.0,56.0,3.0
91yoqr0i,91yoqr0i_31J_2024-09-30,q0meb8fr,Lab,0.0,0.0,0.0,0.0,0.0,20.0,20.0,54.0,6.0
91yoqr0i,91yoqr0i_64D_2024-09-30,kyr0hdcu,Lab,0.0,0.0,0.0,0.0,0.0,20.0,20.0,51.0,6.0
91yoqr0i,91yoqr0i_11O_2024-09-30,ntn9mt0b,Lab,0.0,0.0,0.0,0.0,0.0,20.0,20.0,50.0,3.0
91yoqr0i,91yoqr0i_10V_2024-09-30,a48rg21e,Lab,0.0,0.0,0.0,0.0,0.0,20.0,20.0,54.0,5.0
91yoqr0i,91yoqr0i_24Z_2024-09-30,qucp5iqg,Lab,0.0,0.0,0.0,0.0,0.0,20.0,20.0,52.0,5.0
91yoqr0i,91yoqr0i_56W_2024-09-30,zz7ujz64,Lab,0.0,0.0,0.0,0.0,0.0,20.0,20.0,51.0,3.0
91yoqr0i,91yoqr0i_91I_2024-09-30,cmyzxjx6,Lab,0.0,0.0,0.0,0.0,0.0,20.0,20.0,48.0,6.0
91yoqr0i,91yoqr0i_88G_2024-09-30,v1pzes19,Lab,0.0,0.0,0.0,0.0,0.0,20.0,20.0,53.0,3.0
91yoqr0i,91yoqr0i_41J_2024-09-30,wfonsd0s,Lab,0.0,0.0,0.0,0.0,0.0,20.0,20.0,60.0,4.0
tnrp4x8n,tnrp4x8n_11C_2024-09-30,lyp7jali,Lab,0.0,0.0,0.0,0.0,0.0,20.0,20.0,60.0,4.0
tnrp4x8n,tnrp4x8n_51Y_2024-09-30,fw5voxye,Lab,0.0,0.0,0.0,0.0,0.0,20.0,20.0,51.0,8.0
tnrp4x8n,tnrp4x8n_74L_2024-09-30,sll8wt0g,Lab,0.0,0.0,0.0,0.0,0.0,20.0,20.0,62.0,6.0
tnrp4x8n,tnrp4x8n_33T_2024-09-30,xir2bxi8,Lab,0.0,0.0,0.0,0.0,0.0,20.0,20.0,58.0,6.0
tnrp4x8n,tnrp4x8n_02A_2024-09-30,wf3e1c1j,Lab,0.0,0.0,0.0,0.0,0.0,20.0,20.0,50.0,4.0
tnrp4x8n,tnrp4x8n_15G_2024-09-30,ifoea8bp,Lab,0.0,0.0,0.0,0.0,0.0,20.0,20.0,61.0,5.0
tnrp4x8n,tnrp4x8n_53Q_2024-09-30,dzldtjsq,Lab,0.0,0.0,0.0,0.0,0.0,20.0,20.0,62.0,8.0
tnrp4x8n,tnrp4x8n_01W_2024-09-30,g0uyqvlu,Lab,0.0,0.0,0.0,0.0,0.0,20.0,20.0,53.0,7.0
tnrp4x8n,tnrp4x8n_60L_2024-09-30,1m1bgaqm,Lab,0.0,0.0,0.0,0.0,0.0,20.0,20.0,64.0,5.0
tnrp4x8n,tnrp4x8n_49O_2024-09-30,bzy6ccza,Lab,0.0,0.0,0.0,0.0,0.0,20.0,20.0,56.0,7.0
8t7646lt,8t7646lt_21P_2024-10-01,skv10ui1,Lab,3.58,0.09,0.9,0.0,4.57,20.0,24.57,61.0,6.0
8t7646lt,8t7646lt_94I_2024-10-01,8lvroqem,Lab,3.47,0.05,0.15,0.0,3.67,20.0,23.67,57.0,4.0
8t7646lt,8t7646lt_02A_2024-10-01,uijtovna,Lab,3.93,0.1,0.03,0.0,4.06,20.0,24.06,57.0,5.0
8t7646lt,8t7646lt_62A_2024-10-01,hbado144,Lab,3.22,0.0,1.75,0.0,4.97,20.0,24.97,65.0,8.0
8t7646lt,8t7646lt_23G_2024-10-01,cqqhoa6r,Lab,3.08,0.03,1.75,0.0,4.86,20.0,24.86,54.0,7.0
8t7646lt,8t7646lt_96I_2024-10-01,pffh6g6f,Lab,3.61,0.06,0.05,0.0,3.72,20.0,23.72,55.0,5.0
8t7646lt,8t7646lt_03M_2024-10-01,yl9e5hhx,Lab,3.28,0.07,0.88,0.0,4.23,20.0,24.23,55.0,8.0
8t7646lt,8t7646lt_50V_2024-10-01,taujllne,Lab,3.62,0.06,0.13,0.0,3.81,20.0,23.81,54.0,7.0
8t7646lt,8t7646lt_87Q_2024-10-01,gotn5qxa,Lab,3.77,0.07,1.05,0.0,4.89,20.0,24.89,51.0,6.0
8t7646lt,8t7646lt_65I_2024-10-01,ipdu9515,Lab,3.47,0.05,0.15,0.0,3.67,20.0,23.67,62.0,2.0
dydjaml1,dydjaml1_98M_2024-10-12,n8p4lcgr,Lab,3.62,0.0,0.15,0.0,3.77,20.0,23.77,59.0,7.0
dydjaml1,dydjaml1_76Z_2024-10-12,d60o4c3d,Lab,2.51,0.05,0.97,0.0,3.53,20.0,23.53,66.0,4.0
dydjaml1,dydjaml1_17U_2024-10-12,2fzzepna,Lab,3.24,0.07,1.82,0.0,5.13,20.0,25.13,60.0,8.0
dydjaml1,dydjaml1_22A_2024-10-12,3d57rujq,Lab,2.97,0.06,0.88,0.0,3.91,20.0,23.91,61.0,4.0
dydjaml1,dydjaml1_19Y_2024-10-12,o5v2ykzg,Lab,3.63,0.01,0.85,0.0,4.49,20.0,24.490000000000002,52.0,7.0
dydjaml1,dydjaml1_68D_2024-10-12,9vumn1yb,Lab,3.64,0.03,0.83,0.0,4.5,20.0,24.5,57.0,6.0
dydjaml1,dydjaml1_43U_2024-10-12,wkpx6foi,Lab,3.78,0.06,0.9,0.0,4.74,20.0,24.740000000000002,57.0,10.0
dydjaml1,dydjaml1_08T_2024-10-12,cvbk6s6m,Lab,4.06,0.03,0.18,0.0,4.27,20.0,24.27,52.0,5.0
dydjaml1,dydjaml1_20T_2024-10-12,f85tf1hw,Lab,3.48,0.05,0.07,0.0,3.6,20.0,23.6,61.0,6.0
dydjaml1,dydjaml1_00D_2024-10-12,9aywigqw,Lab,3.58,0.03,1.1,0.0,4.71,20.0,24.71,49.0,5.0
dydjaml1,dydjaml1_78N_2024-10-12,r6dq52pt,Lab,3.97,0.04,0.07,0.0,4.08,20.0,24.08,49.0,7.0
dydjaml1,dydjaml1_04C_2024-10-12,7y5o81uq,Lab,2.81,0.03,0.15,0.0,2.99,20.0,22.990000000000002,59.0,6.0
dydjaml1,dydjaml1_05K_2024-10-12,4mjkegky,Lab,3.77,0.01,0.13,0.0,3.91,20.0,23.91,55.0,6.0
dydjaml1,dydjaml1_03Y_2024-10-12,x5sobnvr,Lab,3.05,0.04,1.1,0.0,4.19,20.0,24.19,64.0,7.0
dydjaml1,dydjaml1_69U_2024-10-12,rxp1vgsi,Lab,3.43,0.0,0.72,0.0,4.15,20.0,24.15,6.0,
dydjaml1,dydjaml1_15S_2024-10-12,6unh3bjm,Lab,3.6,0.01,1.75,0.0,5.36,20.0,25.36,57.0,6.0
dydjaml1,dydjaml1_68R_2024-10-12,10lkhiuo,Lab,3.99,0.1,0.15,0.0,4.24,20.0,24.240000000000002,58.0,5.0
dydjaml1,dydjaml1_74E_2024-10-12,2k22ntc5,Lab,2.86,0.07,0.15,0.0,3.08,20.0,23.08,59.0,6.0
dydjaml1,dydjaml1_39R_2024-10-12,dxb2vk3o,Lab,3.49,0.03,1.02,0.0,4.54,20.0,24.54,48.0,6.0
dydjaml1,dydjaml1_83I_2024-10-12,215emznz,Lab,3.09,0.03,0.13,0.0,3.25,20.0,23.25,61.0,7.0
wjsiy4f2,wjsiy4f2_86M_2024-10-13,shka7gj0,Lab,3.36,0.23,0.88,0.0,4.47,20.0,24.47,55.0,
wjsiy4f2,wjsiy4f2_33N_2024-10-13,8iglffgd,Lab,3.36,0.23,0.72,0.0,4.31,20.0,24.31,55.0,
wjsiy4f2,wjsiy4f2_66C_2024-10-13,951eb0zg,Lab,3.38,0.2,0.18,0.0,3.76,20.0,23.759999999999998,48.0,3.0
wjsiy4f2,wjsiy4f2_80G_2024-10-13,l0m4l961,Lab,3.39,0.19,0.13,0.0,3.71,20.0,23.71,51.0,2.0
wjsiy4f2,wjsiy4f2_75D_2024-10-13,pdxym8lv,Lab,3.33,0.18,0.05,0.0,3.56,20.0,23.56,56.0,4.0
wjsiy4f2,wjsiy4f2_14X_2024-10-13,1kglqblp,Lab,3.35,0.16,0.7,0.0,4.21,20.0,24.21,57.0,1.0
wjsiy4f2,wjsiy4f2_10K_2024-10-13,a9jsrbuu,Lab,3.34,0.13,0.13,0.0,3.6,20.0,23.6,59.0,2.0
wjsiy4f2,wjsiy4f2_15S_2024-10-13,ru78yjyo,Lab,3.33,0.16,0.15,0.0,3.64,20.0,23.64,56.0,2.0
wjsiy4f2,wjsiy4f2_05X_2024-10-13,5829jzun,Lab,3.36,0.16,0.13,0.0,3.65,20.0,23.65,40.0,
wjsiy4f2,wjsiy4f2_18T_2024-10-13,wzm6vxkz,Lab,3.4,0.23,0.78,0.0,4.41,20.0,24.41,26.0,4.0
wjsiy4f2,wjsiy4f2_97E_2024-10-13,a91hhp44,Lab,3.36,0.25,0.95,0.0,4.56,20.0,24.56,45.0,
wjsiy4f2,wjsiy4f2_39R_2024-10-13,pldez7dr,Lab,3.36,0.21,0.15,0.0,3.72,20.0,23.72,55.0,2.0
wjsiy4f2,wjsiy4f2_89N_2024-10-13,4dpvvh7p,Lab,3.35,0.2,0.83,0.0,4.38,20.0,24.38,52.0,1.0
wjsiy4f2,wjsiy4f2_44B_2024-10-13,b1bju4b3,Lab,3.33,0.19,0.95,0.0,4.47,20.0,24.47,53.0,1.0
wjsiy4f2,wjsiy4f2_66G_2024-10-13,8zlzai3l,Lab,3.36,0.24,0.1,0.0,3.7,20.0,23.7,48.0,
wjsiy4f2,wjsiy4f2_30I_2024-10-13,whwk23wu,Lab,3.29,0.16,0.9,0.0,4.35,20.0,24.35,55.0,9.0
wjsiy4f2,wjsiy4f2_29D_2024-10-13,pi6jlthh,Lab,3.37,0.2,0.15,0.0,3.72,20.0,23.72,56.0,2.0
wjsiy4f2,wjsiy4f2_81U_2024-10-13,hqhjskh1,Lab,3.36,0.05,0.13,0.0,3.54,20.0,23.54,9.0,
wjsiy4f2,wjsiy4f2_35R_2024-10-13,x913yduw,Lab,3.36,0.2,1.88,0.0,5.44,20.0,25.44,50.0,
wjsiy4f2,wjsiy4f2_30A_2024-10-13,ca4w9b5i,Lab,3.4,0.25,1.07,0.0,4.72,20.0,24.72,45.0,3.0
ca3g7jh7,ca3g7jh7_40O_2024-10-13,17o52rqs,Lab,3.39,0.0,0.0,0.0,3.39,20.0,23.39,,
ca3g7jh7,ca3g7jh7_96N_2024-10-13,y60pa15j,Lab,3.39,0.16,1.93,0.0,5.48,20.0,25.48,45.0,
ca3g7jh7,ca3g7jh7_28F_2024-10-13,2wy462zu,Lab,3.39,0.06,0.13,0.0,3.58,20.0,23.58,28.0,
ca3g7jh7,ca3g7jh7_19N_2024-10-13,tfcv4u8s,Lab,3.38,0.23,0.75,0.0,4.36,20.0,24.36,47.0,1.0
ca3g7jh7,ca3g7jh7_79K_2024-10-13,txvhe7ki,Lab,3.39,0.24,0.95,0.0,4.58,20.0,24.58,55.0,
ca3g7jh7,ca3g7jh7_25T_2024-10-13,u6m0nx96,Lab,3.42,0.18,0.72,0.0,4.32,20.0,24.32,53.0,1.0
ca3g7jh7,ca3g7jh7_68U_2024-10-13,bx9w0de3,Lab,3.39,0.15,2.0,0.0,5.54,20.0,25.54,53.0,
ca3g7jh7,ca3g7jh7_54V_2024-10-13,fkc357jo,Lab,3.39,0.23,0.8,0.0,4.42,20.0,24.42,53.0,
ca3g7jh7,ca3g7jh7_60O_2024-10-13,n31iq4ut,Lab,3.36,0.24,0.95,0.0,4.55,20.0,24.55,52.0,1.0
ca3g7jh7,ca3g7jh7_89C_2024-10-13,wbl6tdyb,Lab,3.4,0.2,0.15,0.0,3.75,20.0,23.75,61.0,2.0
ca3g7jh7,ca3g7jh7_43T_2024-10-13,rlcnt8j0,Lab,3.39,0.25,1.9,0.0,5.54,20.0,25.54,55.0,
ca3g7jh7,ca3g7jh7_28R_2024-10-13,vmn2st3a,Lab,3.39,0.25,0.93,0.0,4.57,20.0,24.57,50.0,
ca3g7jh7,ca3g7jh7_82S_2024-10-13,ycp2mpc0,Lab,3.39,0.15,0.18,0.0,3.72,20.0,23.72,31.0,
ca3g7jh7,ca3g7jh7_51T_2024-10-13,hkfjllbs,Lab,3.39,0.2,1.85,0.0,5.44,20.0,25.44,54.0,
ca3g7jh7,ca3g7jh7_48N_2024-10-13,cfctxpwy,Lab,3.39,0.2,0.1,0.0,3.69,20.0,23.69,51.0,
ca3g7jh7,ca3g7jh7_03I_2024-10-13,dlbwmrek,Lab,3.39,0.13,0.13,0.0,3.65,20.0,23.65,50.0,
ca3g7jh7,ca3g7jh7_90K_2024-10-13,vk0jbkvr,Lab,3.38,0.18,0.18,0.0,3.74,20.0,23.740000000000002,55.0,2.0
ca3g7jh7,ca3g7jh7_92B_2024-10-13,50111zss,Lab,3.39,0.23,0.95,0.0,4.57,20.0,24.57,51.0,
ca3g7jh7,ca3g7jh7_82F_2024-10-13,87t5a6k7,Lab,3.39,0.14,2.0,0.0,5.53,20.0,25.53,56.0,
ca3g7jh7,ca3g7jh7_05F_2024-10-13,s6gh7xk8,Lab,3.4,0.2,1.07,0.0,4.67,20.0,24.67,51.0,1.0
n4tf4zjp,n4tf4zjp_40B_2024-10-13,e01fzjy6,Lab,3.36,0.25,0.7,0.0,4.31,20.0,24.31,45.0,4.0
n4tf4zjp,n4tf4zjp_28S_2024-10-13,z02jia5b,Lab,3.2,0.21,0.72,0.0,4.13,20.0,24.13,59.0,1.0
n4tf4zjp,n4tf4zjp_08N_2024-10-13,4ugg4c0c,Lab,3.3,0.24,0.83,0.0,4.37,20.0,24.37,54.0,1.0
n4tf4zjp,n4tf4zjp_10R_2024-10-13,zg9fepx9,Lab,3.35,0.23,0.7,0.0,4.28,20.0,24.28,44.0,4.0
n4tf4zjp,n4tf4zjp_67P_2024-10-13,x46jysbm,Lab,3.27,0.16,0.13,0.0,3.56,20.0,23.56,54.0,6.0
n4tf4zjp,n4tf4zjp_77C_2024-10-13,jh6kr41g,Lab,3.33,0.25,0.75,0.0,4.33,20.0,24.33,54.0,7.0
n4tf4zjp,n4tf4zjp_66H_2024-10-13,p2dqfzdi,Lab,3.33,0.25,1.98,0.0,5.56,20.0,25.56,44.0,6.0
n4tf4zjp,n4tf4zjp_62S_2024-10-13,dpr0rmnt,Lab,3.24,0.25,0.72,0.0,4.21,20.0,24.21,53.0,9.0
n4tf4zjp,n4tf4zjp_24M_2024-10-13,etwmgsua,Lab,3.05,0.16,0.15,0.0,3.36,20.0,23.36,50.0,10.0
n4tf4zjp,n4tf4zjp_01X_2024-10-13,7457s754,Lab,3.1,0.21,1.73,0.0,5.04,20.0,25.04,54.0,5.0
n4tf4zjp,n4tf4zjp_51Q_2024-10-13,3fejo4lm,Lab,3.13,0.23,1.9,0.0,5.26,20.0,25.259999999999998,64.0,8.0
n4tf4zjp,n4tf4zjp_49M_2024-10-13,xv4nvldh,Lab,3.3,0.21,0.18,0.0,3.69,20.0,23.69,52.0,1.0
n4tf4zjp,n4tf4zjp_94E_2024-10-13,lujg6ycp,Lab,3.24,0.24,1.1,0.0,4.58,20.0,24.58,55.0,
n4tf4zjp,n4tf4zjp_83R_2024-10-13,h99115w8,Lab,3.13,0.23,0.18,0.0,3.54,20.0,23.54,54.0,2.0
n4tf4zjp,n4tf4zjp_92C_2024-10-13,hw0yhiuw,Lab,3.16,0.25,0.07,0.0,3.48,20.0,23.48,58.0,1.0
n4tf4zjp,n4tf4zjp_03H_2024-10-13,1tfirwx2,Lab,3.31,0.25,1.93,0.0,5.49,20.0,25.490000000000002,51.0,3.0
n4tf4zjp,n4tf4zjp_93Q_2024-10-13,y1nxqoga,Lab,3.12,0.2,0.88,0.0,4.2,20.0,24.2,57.0,4.0
n4tf4zjp,n4tf4zjp_56D_2024-10-13,elwuoix7,Lab,3.27,0.24,0.05,0.0,3.56,20.0,23.56,52.0,4.0
n4tf4zjp,n4tf4zjp_15Q_2024-10-13,dkw1fn3o,Lab,3.29,0.23,1.88,0.0,5.4,20.0,25.4,55.0,3.0
n4tf4zjp,n4tf4zjp_48C_2024-10-13,cge2zdvs,Lab,3.38,0.21,0.1,0.0,3.69,20.0,23.69,51.0,6.0
q6j65aev,q6j65aev_61V_2024-10-24,cf15pmsb,Lab,3.38,0.15,1.0,0.0,4.53,20.0,24.53,49.0,1.0
q6j65aev,q6j65aev_93W_2024-10-24,ylyiwt8h,Lab,3.37,0.06,0.78,0.0,4.21,20.0,24.21,50.0,2.0
q6j65aev,q6j65aev_27E_2024-10-24,bvwtju9x,Lab,3.42,0.13,0.97,0.0,4.52,20.0,24.52,52.0,2.0
q6j65aev,q6j65aev_41T_2024-10-24,tn2d5n20,Lab,3.41,0.16,0.85,0.0,4.42,20.0,24.42,53.0,2.0
q6j65aev,q6j65aev_75A_2024-10-24,yn7gcuck,Lab,3.37,0.16,0.1,0.0,3.63,20.0,23.63,49.0,3.0
q6j65aev,q6j65aev_98I_2024-10-24,x5605xgi,Lab,3.39,0.13,0.07,0.0,3.59,20.0,23.59,41.0,3.0
q6j65aev,q6j65aev_79F_2024-10-24,l1f6cotw,Lab,3.44,0.13,0.15,0.0,3.72,20.0,23.72,42.0,2.0
q6j65aev,q6j65aev_19U_2024-10-24,b0p2eyjx,Lab,3.37,0.14,0.18,0.0,3.69,20.0,23.69,53.0,2.0
q6j65aev,q6j65aev_70I_2024-10-24,04kf3q30,Lab,3.43,0.1,0.97,0.0,4.5,20.0,24.5,41.0,4.0
q6j65aev,q6j65aev_36J_2024-10-24,wohyfg5w,Lab,3.38,0.0,0.0,0.0,3.38,20.0,23.38,,
q6j65aev,q6j65aev_14I_2024-10-24,vi4f2mwp,Lab,3.38,0.16,0.18,0.0,3.72,20.0,23.72,42.0,
q6j65aev,q6j65aev_80Q_2024-10-24,ne3sbwpu,Lab,3.37,0.1,0.9,0.0,4.37,20.0,24.37,41.0,2.0
q6j65aev,q6j65aev_71R_2024-10-24,b7kznrif,Lab,3.38,0.11,0.85,0.0,4.34,20.0,24.34,40.0,1.0
q6j65aev,q6j65aev_86W_2024-10-24,aiv4g5i3,Lab,3.38,0.11,0.03,0.0,3.52,20.0,23.52,40.0,
q6j65aev,q6j65aev_46T_2024-10-24,74q94cb9,Lab,3.34,0.11,0.07,0.0,3.52,20.0,23.52,52.0,4.0
q6j65aev,q6j65aev_23F_2024-10-24,dyr2rm1s,Lab,3.21,0.03,0.15,0.0,3.39,20.0,23.39,47.0,5.0
q6j65aev,q6j65aev_44J_2024-10-24,m0qxqpkz,Lab,3.38,0.11,1.73,0.0,5.22,20.0,25.22,51.0,
q6j65aev,q6j65aev_73B_2024-10-24,os75lem4,Lab,3.37,0.13,0.95,0.0,4.45,20.0,24.45,47.0,3.0
q6j65aev,q6j65aev_35I_2024-10-24,n5k52rej,Lab,3.38,0.16,1.0,0.0,4.54,20.0,24.54,46.0,
q6j65aev,q6j65aev_82E_2024-10-24,49tecelj,Lab,3.38,0.14,0.78,0.0,4.3,20.0,24.3,46.0,4.0
eofp88wq,eofp88wq_07Z_2024-11-11,vqinuvik,Lab,3.38,0.06,1.05,0.0,4.49,20.0,24.490000000000002,55.0,3.0
eofp88wq,eofp88wq_37W_2024-11-11,rj4dbv1m,Lab,3.38,0.11,0.1,0.0,3.59,20.0,23.59,49.0,3.0
eofp88wq,eofp88wq_52M_2024-11-11,na5rdrop,Lab,3.36,0.07,0.85,0.0,4.28,20.0,24.28,54.0,4.0
eofp88wq,eofp88wq_16S_2024-11-11,iidwn4p8,Lab,3.37,0.1,1.9,0.0,5.37,20.0,25.37,57.0,1.0
eofp88wq,eofp88wq_61H_2024-11-11,5ykh46o0,Lab,3.38,0.13,0.72,0.0,4.23,20.0,24.23,37.0,4.0
6xlh0ljt,6xlh0ljt_79K_2024-11-14,eqses48o,Lab,3.22,0.0,0.75,0.0,3.97,20.0,23.97,30.0,4.0
6xlh0ljt,6xlh0ljt_59T_2024-11-14,zyk4s0uv,Lab,3.27,0.04,0.15,0.0,3.46,20.0,23.46,48.0,1.0
6xlh0ljt,6xlh0ljt_45A_2024-11-14,6o47wcui,Lab,3.28,0.03,1.85,0.0,5.16,20.0,25.16,53.0,3.0
6xlh0ljt,6xlh0ljt_33Z_2024-11-14,s89ooy4c,Lab,3.21,0.0,0.7,0.0,3.91,20.0,23.91,53.0,5.0
6xlh0ljt,6xlh0ljt_34O_2024-11-14,orby7txl,Lab,3.29,0.03,0.1,0.0,3.42,20.0,23.42,56.0,
6xlh0ljt,6xlh0ljt_42W_2024-11-14,wfxxoilm,Lab,3.32,0.07,0.18,0.0,3.57,20.0,23.57,55.0,1.0
6xlh0ljt,6xlh0ljt_21K_2024-11-14,ksoghzzn,Lab,3.29,0.04,0.15,0.0,3.48,20.0,23.48,49.0,
6xlh0ljt,6xlh0ljt_72P_2024-11-14,dfeu0srh,Lab,3.33,0.1,0.9,0.0,4.33,20.0,24.33,57.0,1.0
6xlh0ljt,6xlh0ljt_77W_2024-11-14,hfyrhfa9,Lab,3.3,0.07,1.95,0.0,5.32,20.0,25.32,46.0,1.0
6xlh0ljt,6xlh0ljt_32X_2024-11-14,ezg0xan8,Lab,3.36,0.1,0.85,0.0,4.31,20.0,24.31,49.0,4.0
6xlh0ljt,6xlh0ljt_39T_2024-11-14,s1na24zc,Lab,3.29,0.03,0.9,0.0,4.22,20.0,24.22,56.0,2.0
6xlh0ljt,6xlh0ljt_54M_2024-11-14,2albwk6d,Lab,3.15,0.01,1.07,0.0,4.23,20.0,24.23,52.0,7.0
6xlh0ljt,6xlh0ljt_35H_2024-11-14,h3fz0395,Lab,3.3,0.01,1.93,0.0,5.24,20.0,25.240000000000002,47.0,2.0
6xlh0ljt,6xlh0ljt_53J_2024-11-14,rkpfmzfo,Lab,3.26,0.03,0.18,0.0,3.47,20.0,23.47,52.0,3.0
6xlh0ljt,6xlh0ljt_02Z_2024-11-14,gi96sdln,Lab,3.29,0.0,0.1,0.0,3.39,20.0,23.39,22.0,
6xlh0ljt,6xlh0ljt_81Z_2024-11-14,croyc4k5,Lab,3.27,0.0,0.7,0.0,3.97,20.0,23.97,47.0,2.0
6xlh0ljt,6xlh0ljt_43F_2024-11-14,9k8zmfkm,Lab,3.36,0.06,0.18,0.0,3.6,20.0,23.6,45.0,3.0
6xlh0ljt,6xlh0ljt_89Z_2024-11-14,x3vbhm84,Lab,3.34,0.05,0.05,0.0,3.44,20.0,23.44,52.0,2.0
6xlh0ljt,6xlh0ljt_34E_2024-11-14,2hngkjt9,Lab,3.29,0.14,0.03,0.0,3.46,20.0,23.46,58.0,1.0
6xlh0ljt,6xlh0ljt_57K_2024-11-14,t1o8ij02,Lab,3.32,0.01,0.15,0.0,3.48,20.0,23.48,53.0,1.0
f4sjyk8e,f4sjyk8e_70G_2024-11-18,spty7ij0,Lab,3.36,0.04,0.72,0.0,4.12,20.0,24.12,42.0,4.0
f4sjyk8e,f4sjyk8e_64R_2024-11-18,hluwanne,Lab,3.37,0.01,1.0,0.0,4.38,20.0,24.38,48.0,8.0
f4sjyk8e,f4sjyk8e_75V_2024-11-18,5l9cv2ef,Lab,3.34,0.06,0.75,0.0,4.15,20.0,24.15,58.0,6.0
f4sjyk8e,f4sjyk8e_11F_2024-11-18,fsmcf90s,Lab,3.32,0.07,0.15,0.0,3.54,20.0,23.54,59.0,7.0
f4sjyk8e,f4sjyk8e_75L_2024-11-18,3lz3re88,Lab,3.34,0.04,0.13,0.0,3.51,20.0,23.509999999999998,55.0,8.0
f4sjyk8e,f4sjyk8e_01M_2024-11-18,nnmjqjri,Lab,3.33,0.0,0.03,0.0,3.36,20.0,23.36,36.0,3.0
f4sjyk8e,f4sjyk8e_68D_2024-11-18,ik592aw9,Lab,3.35,0.18,1.73,0.0,5.26,20.0,25.259999999999998,55.0,
f4sjyk8e,f4sjyk8e_98Q_2024-11-18,tpk56h8c,Lab,3.38,0.03,1.9,0.0,5.31,20.0,25.31,23.0,4.0
f4sjyk8e,f4sjyk8e_36A_2024-11-18,ygxqerss,Lab,3.35,0.14,0.85,0.0,4.34,20.0,24.34,51.0,7.0
f4sjyk8e,f4sjyk8e_76T_2024-11-18,p94286p5,Lab,3.37,0.0,0.7,0.0,4.07,20.0,24.07,48.0,5.0
f4sjyk8e,f4sjyk8e_10B_2024-11-18,pzm5pvjd,Lab,3.34,0.07,0.95,0.0,4.36,20.0,24.36,62.0,4.0
f4sjyk8e,f4sjyk8e_13U_2024-11-18,go7l6u7w,Lab,3.38,0.03,0.18,0.0,3.59,20.0,23.59,46.0,6.0
f4sjyk8e,f4sjyk8e_16F_2024-11-18,l9xavvg3,Lab,3.35,0.14,0.75,0.0,4.24,20.0,24.240000000000002,47.0,5.0
f4sjyk8e,f4sjyk8e_22D_2024-11-18,fw4e5gai,Lab,3.35,0.07,0.93,0.0,4.35,20.0,24.35,58.0,3.0
f4sjyk8e,f4sjyk8e_67X_2024-11-18,gqpon70k,Lab,3.35,0.04,0.78,0.0,4.17,20.0,24.17,50.0,1.0
f4sjyk8e,f4sjyk8e_83S_2024-11-18,3x0dbmot,Lab,3.33,0.03,1.85,0.0,5.21,20.0,25.21,55.0,6.0
f4sjyk8e,f4sjyk8e_47R_2024-11-18,3zsyj6qb,Lab,3.34,0.06,0.7,0.0,4.1,20.0,24.1,59.0,6.0
f4sjyk8e,f4sjyk8e_83J_2024-11-18,o2688sfv,Lab,3.36,0.01,0.05,0.0,3.42,20.0,23.42,45.0,4.0
f4sjyk8e,f4sjyk8e_34Y_2024-11-18,fne7jdme,Lab,3.32,0.04,0.85,0.0,4.21,20.0,24.21,55.0,7.0
f4sjyk8e,f4sjyk8e_72Y_2024-11-18,jck1a9uz,Lab,3.37,0.06,0.85,0.0,4.28,20.0,24.28,47.0,7.0
gkbl9ud8,gkbl9ud8_06Q_2024-11-19,3md1i3k9,Lab,3.46,0.0,0.07,0.0,3.53,20.0,23.53,60.0,
gkbl9ud8,gkbl9ud8_14J_2024-11-19,iznoscy7,Lab,3.46,0.0,0.18,0.0,3.64,20.0,23.64,60.0,
gkbl9ud8,gkbl9ud8_39Z_2024-11-19,pti6juje,Lab,3.46,0.0,0.85,0.0,4.31,20.0,24.31,59.0,
gkbl9ud8,gkbl9ud8_17Y_2024-11-19,rjd1dd9u,Lab,3.46,0.0,1.85,0.0,5.31,20.0,25.31,59.0,
gkbl9ud8,gkbl9ud8_31S_2024-11-19,lv2zq1st,Lab,3.46,0.0,2.0,0.0,5.46,20.0,25.46,60.0,
gkbl9ud8,gkbl9ud8_70L_2024-11-19,jq7lfm00,Lab,3.46,0.0,0.07,0.0,3.53,20.0,23.53,60.0,
gkbl9ud8,gkbl9ud8_45A_2024-11-19,kulhe9z4,Lab,3.46,0.0,1.75,0.0,5.21,20.0,25.21,58.0,
gkbl9ud8,gkbl9ud8_12B_2024-11-19,rnml9wq4,Lab,3.46,0.0,1.05,0.0,4.51,20.0,24.509999999999998,57.0,
gkbl9ud8,gkbl9ud8_09O_2024-11-19,5g2w8i2r,Lab,3.46,0.0,0.15,0.0,3.61,20.0,23.61,58.0,
gkbl9ud8,gkbl9ud8_45H_2024-11-19,1mftjpyn,Lab,3.46,0.0,1.0,0.0,4.46,20.0,24.46,57.0,
gkbl9ud8,gkbl9ud8_38I_2024-11-19,9065uhte,Lab,3.46,0.0,0.13,0.0,3.59,20.0,23.59,59.0,
gkbl9ud8,gkbl9ud8_55Y_2024-11-19,ni0l8dke,Lab,3.46,0.0,1.75,0.0,5.21,20.0,25.21,60.0,
gkbl9ud8,gkbl9ud8_49I_2024-11-19,k0ms01vp,Lab,3.46,0.0,0.13,0.0,3.59,20.0,23.59,59.0,
gkbl9ud8,gkbl9ud8_09B_2024-11-19,3iy4zf6x,Lab,3.46,0.0,1.88,0.0,5.34,20.0,25.34,58.0,
gkbl9ud8,gkbl9ud8_81O_2024-11-19,rxetpjuh,Lab,3.46,0.0,0.95,0.0,4.41,20.0,24.41,48.0,
gkbl9ud8,gkbl9ud8_20B_2024-11-19,p665bzt0,Lab,3.46,0.0,0.1,0.0,3.56,20.0,23.56,59.0,
gkbl9ud8,gkbl9ud8_62H_2024-11-19,n23mjf5x,Lab,3.46,0.0,0.18,0.0,3.64,20.0,23.64,60.0,
gkbl9ud8,gkbl9ud8_86V_2024-11-19,2k2wseah,Lab,3.46,0.0,0.18,0.0,3.64,20.0,23.64,60.0,
gkbl9ud8,gkbl9ud8_69U_2024-11-19,nzqyeq6k,Lab,3.46,0.0,0.9,0.0,4.36,20.0,24.36,57.0,
gkbl9ud8,gkbl9ud8_99G_2024-11-19,itddg64n,Lab,3.46,0.0,0.85,0.0,4.31,20.0,24.31,59.0,
mrjdikm4,mrjdikm4_76Y_2024-11-21,7kmzh1vg,Lab,4.32,0.01,0.8,0.0,5.13,20.0,25.13,55.0,12.0
mrjdikm4,mrjdikm4_52U_2024-11-21,qj1w4g0q,Lab,3.34,0.04,0.03,0.0,3.41,20.0,23.41,53.0,16.0
mrjdikm4,mrjdikm4_46P_2024-11-21,6eqyvdx1,Lab,1.92,0.01,0.7,0.0,2.63,20.0,22.63,60.0,16.0
mrjdikm4,mrjdikm4_74B_2024-11-21,vwq2m85j,Lab,2.22,0.0,0.9,0.0,3.12,20.0,23.12,30.0,8.0
mrjdikm4,mrjdikm4_76I_2024-11-21,13881mox,Lab,3.25,0.05,1.82,0.0,5.12,20.0,25.12,51.0,16.0
mrjdikm4,mrjdikm4_62Y_2024-11-21,0uvkxeod,Lab,2.75,0.04,0.72,0.0,3.51,20.0,23.509999999999998,55.0,17.0
mrjdikm4,mrjdikm4_94X_2024-11-21,fm3imyn2,Lab,4.68,0.01,0.15,0.0,4.84,20.0,24.84,62.0,9.0
mrjdikm4,mrjdikm4_55Z_2024-11-21,gq5zquuu,Lab,3.38,0.04,0.15,0.0,3.57,20.0,23.57,49.0,12.0
mrjdikm4,mrjdikm4_64A_2024-11-21,6zo47h4h,Lab,4.06,0.06,1.75,0.0,5.87,20.0,25.87,50.0,12.0
mrjdikm4,mrjdikm4_51E_2024-11-21,s7yip9hi,Lab,3.3,0.06,0.13,0.0,3.49,20.0,23.490000000000002,59.0,17.0
mrjdikm4,mrjdikm4_65A_2024-11-21,ik2mkawz,Lab,4.57,0.05,0.13,0.0,4.75,20.0,24.75,55.0,14.0
mrjdikm4,mrjdikm4_83P_2024-11-21,yq1pr1ti,Lab,2.14,0.05,0.9,0.0,3.09,20.0,23.09,51.0,7.0
mrjdikm4,mrjdikm4_56Y_2024-11-21,lw6x3nl2,Lab,3.82,0.03,1.9,0.0,5.75,20.0,25.75,51.0,16.0
mrjdikm4,mrjdikm4_90F_2024-11-21,w2o5nu0o,Lab,0.98,0.04,0.9,0.0,1.92,20.0,21.92,49.0,11.0
mrjdikm4,mrjdikm4_44B_2024-11-21,fi0vw73a,Lab,3.22,0.03,0.03,0.0,3.28,20.0,23.28,62.0,8.0
mrjdikm4,mrjdikm4_21F_2024-11-21,loitcgd2,Lab,4.82,0.05,2.0,0.0,6.87,20.0,26.87,56.0,9.0
mrjdikm4,mrjdikm4_37Q_2024-11-21,4hswz73h,Lab,4.3,0.03,0.97,0.0,5.3,20.0,25.3,55.0,17.0
mrjdikm4,mrjdikm4_64S_2024-11-21,9eugri1e,Lab,2.13,0.03,1.02,0.0,3.18,20.0,23.18,55.0,9.0
mrjdikm4,mrjdikm4_94D_2024-11-21,gqlhrosl,Lab,2.92,0.04,0.83,0.0,3.79,20.0,23.79,55.0,20.0
mrjdikm4,mrjdikm4_63D_2024-11-21,blogpuiq,Lab,3.54,0.01,0.9,0.0,4.45,20.0,24.45,49.0,16.0
ne4pwggz,ne4pwggz_13B_2025-01-06,mm32g1zk,Lab,3.48,0.0,0.0,0.0,3.48,20.0,23.48,54.0,1.0
ne4pwggz,ne4pwggz_15D_2025-01-06,bsi2dvxw,Lab,3.44,0.01,0.0,0.0,3.45,20.0,23.45,52.0,
ne4pwggz,ne4pwggz_73L_2025-01-06,4m0gs3c2,Lab,3.31,0.0,0.0,0.0,3.31,20.0,23.31,54.0,1.0
ne4pwggz,ne4pwggz_26H_2025-01-06,b12l5844,Lab,3.44,0.0,0.0,0.0,3.44,20.0,23.44,59.0,
ne4pwggz,ne4pwggz_97S_2025-01-06,e7bappu7,Lab,3.49,0.0,0.0,0.0,3.49,20.0,23.490000000000002,52.0,1.0
ne4pwggz,ne4pwggz_81U_2025-01-06,7caoive0,Lab,3.56,0.0,0.0,0.0,3.56,20.0,23.56,51.0,3.0
ne4pwggz,ne4pwggz_88D_2025-01-06,qrpu29md,Lab,3.36,0.01,0.0,0.0,3.37,20.0,23.37,50.0,1.0
ne4pwggz,ne4pwggz_62X_2025-01-06,vrgrpwjm,Lab,3.48,0.0,0.0,0.0,3.48,20.0,23.48,58.0,3.0
ne4pwggz,ne4pwggz_96E_2025-01-06,k0siraqt,Lab,3.41,0.0,0.0,0.0,3.41,20.0,23.41,56.0,1.0
ne4pwggz,ne4pwggz_88M_2025-01-06,9xip8tyn,Lab,3.44,0.0,0.0,0.0,3.44,20.0,23.44,51.0,
ne4pwggz,ne4pwggz_19B_2025-01-06,m9q9229c,Lab,3.48,0.0,0.0,0.0,3.48,20.0,23.48,54.0,1.0
ne4pwggz,ne4pwggz_82P_2025-01-06,6hy4ceg9,Lab,3.34,0.0,0.0,0.0,3.34,20.0,23.34,47.0,1.0
ne4pwggz,ne4pwggz_81V_2025-01-06,3uankezj,Lab,3.44,0.01,0.0,0.0,3.45,20.0,23.45,52.0,
ne4pwggz,ne4pwggz_71O_2025-01-06,jknjjbl6,Lab,3.31,0.0,0.0,0.0,3.31,20.0,23.31,51.0,2.0
ne4pwggz,ne4pwggz_02I_2025-01-06,kbk5fvkm,Lab,3.44,0.0,0.0,0.0,3.44,20.0,23.44,56.0,
ne4pwggz,ne4pwggz_00Y_2025-01-06,8t0fyntv,Lab,3.52,0.01,0.0,0.0,3.53,20.0,23.53,54.0,1.0
ne4pwggz,ne4pwggz_59B_2025-01-06,llzr77rw,Lab,3.44,0.0,0.0,0.0,3.44,20.0,23.44,50.0,
ne4pwggz,ne4pwggz_63M_2025-01-06,va2ib6go,Lab,3.44,0.0,0.0,0.0,3.44,20.0,23.44,56.0,
ne4pwggz,ne4pwggz_59H_2025-01-06,di6uj258,Lab,3.44,0.0,0.0,0.0,3.44,20.0,23.44,59.0,
ne4pwggz,ne4pwggz_63J_2025-01-06,ofjb3l8s,Lab,3.57,0.0,0.0,0.0,3.57,20.0,23.57,41.0,5.0
hrei2bal,hrei2bal_78O_2025-01-06,aw3sjqtx,Lab,3.3,0.0,0.0,0.0,3.3,20.0,23.3,56.0,
hrei2bal,hrei2bal_86R_2025-01-06,zyfg1owd,Lab,3.52,0.03,0.0,0.0,3.55,20.0,23.55,58.0,3.0
hrei2bal,hrei2bal_87T_2025-01-06,cs5svt3k,Lab,3.14,0.0,0.0,0.0,3.14,20.0,23.14,55.0,3.0
hrei2bal,hrei2bal_18U_2025-01-06,pbj5o6rv,Lab,3.24,0.01,0.0,0.0,3.25,20.0,23.25,49.0,2.0
hrei2bal,hrei2bal_87U_2025-01-06,5hyz198i,Lab,3.39,0.01,0.0,0.0,3.4,20.0,23.4,54.0,1.0
hrei2bal,hrei2bal_21V_2025-01-06,2vo7lh4a,Lab,3.29,0.01,0.0,0.0,3.3,20.0,23.3,53.0,2.0
hrei2bal,hrei2bal_95E_2025-01-06,dots2jdn,Lab,3.39,0.0,0.0,0.0,3.39,20.0,23.39,57.0,1.0
hrei2bal,hrei2bal_99I_2025-01-06,uy5s2z3w,Lab,3.23,0.0,0.0,0.0,3.23,20.0,23.23,52.0,1.0
hrei2bal,hrei2bal_21F_2025-01-06,yac7qdrr,Lab,3.3,0.0,0.0,0.0,3.3,20.0,23.3,52.0,
hrei2bal,hrei2bal_52G_2025-01-06,fgzmyxwz,Lab,3.44,0.0,0.0,0.0,3.44,20.0,23.44,47.0,1.0
hrei2bal,hrei2bal_23L_2025-01-06,harg922p,Lab,3.3,0.0,0.0,0.0,3.3,20.0,23.3,54.0,
hrei2bal,hrei2bal_76A_2025-01-06,srgcnutd,Lab,3.38,0.0,0.0,0.0,3.38,20.0,23.38,48.0,1.0
hrei2bal,hrei2bal_55J_2025-01-06,sf986m35,Lab,3.35,0.0,0.0,0.0,3.35,20.0,23.35,56.0,1.0
hrei2bal,hrei2bal_45B_2025-01-06,vhtzquja,Lab,3.22,0.01,0.0,0.0,3.23,20.0,23.23,53.0,1.0
hrei2bal,hrei2bal_63B_2025-01-06,wj5eryzi,Lab,2.94,0.01,0.0,0.0,2.95,20.0,22.95,59.0,6.0
hrei2bal,hrei2bal_29P_2025-01-06,4ns6zrqe,Lab,3.05,0.0,0.0,0.0,3.05,20.0,23.05,46.0,4.0
hrei2bal,hrei2bal_78W_2025-01-06,5zotiwts,Lab,3.26,0.01,0.0,0.0,3.27,20.0,23.27,58.0,4.0
hrei2bal,hrei2bal_13H_2025-01-06,dq8gcz55,Lab,3.4,0.0,0.0,0.0,3.4,20.0,23.4,56.0,2.0
hrei2bal,hrei2bal_10B_2025-01-06,fqdmfklc,Lab,3.3,0.0,0.0,0.0,3.3,20.0,23.3,54.0,
hrei2bal,hrei2bal_28D_2025-01-06,0jabbtxb,Lab,3.58,0.01,0.0,0.0,3.59,20.0,23.59,47.0,4.0
iej4b858,iej4b858_14E_2025-01-07,7pryiy8i,Lab,3.1,0.15,0.0,0.0,3.25,20.0,23.25,55.0,16.0
iej4b858,iej4b858_08K_2025-01-07,54mni6no,Lab,3.11,0.16,0.0,0.0,3.27,20.0,23.27,51.0,13.0
iej4b858,iej4b858_79S_2025-01-07,ikv8zt8k,Lab,2.99,0.18,0.0,0.0,3.17,20.0,23.17,57.0,10.0
iej4b858,iej4b858_49D_2025-01-07,iihbh313,Lab,3.38,0.18,0.0,0.0,3.56,20.0,23.56,49.0,10.0
iej4b858,iej4b858_10T_2025-01-07,vpdv4w0c,Lab,3.31,0.15,0.0,0.0,3.46,20.0,23.46,39.0,7.0
iej4b858,iej4b858_89N_2025-01-07,4gbrjzuw,Lab,3.46,0.18,0.0,0.0,3.64,20.0,23.64,74.0,12.0
iej4b858,iej4b858_67K_2025-01-07,1rd2d88w,Lab,3.35,0.2,0.0,0.0,3.55,20.0,23.55,47.0,12.0
iej4b858,iej4b858_60G_2025-01-07,aiwfrhz3,Lab,4.39,0.18,0.0,0.0,4.57,20.0,24.57,52.0,13.0
iej4b858,iej4b858_08U_2025-01-07,9gdyarx4,Lab,3.21,0.18,0.0,0.0,3.39,20.0,23.39,55.0,11.0
iej4b858,iej4b858_89B_2025-01-07,jprbfvao,Lab,3.18,0.18,0.0,0.0,3.36,20.0,23.36,51.0,14.0
iej4b858,iej4b858_34K_2025-01-07,gucgyw2b,Lab,3.14,0.15,0.0,0.0,3.29,20.0,23.29,56.0,11.0
iej4b858,iej4b858_79Q_2025-01-07,o623gggu,Lab,3.27,0.15,0.0,0.0,3.42,20.0,23.42,45.0,9.0
iej4b858,iej4b858_95K_2025-01-07,yuptcsp5,Lab,3.21,0.18,0.0,0.0,3.39,20.0,23.39,51.0,7.0
iej4b858,iej4b858_49W_2025-01-07,qqh1acw9,Lab,3.41,0.16,0.0,0.0,3.57,20.0,23.57,44.0,7.0
iej4b858,iej4b858_86I_2025-01-07,nh22uu08,Lab,3.89,0.16,0.0,0.0,4.05,20.0,24.05,61.0,8.0
iej4b858,iej4b858_35L_2025-01-07,ha7ard01,Lab,3.64,0.19,0.0,0.0,3.83,20.0,23.83,68.0,17.0
iej4b858,iej4b858_12L_2025-01-07,qvjkc266,Lab,3.35,0.16,0.0,0.0,3.51,20.0,23.509999999999998,43.0,6.0
iej4b858,iej4b858_91N_2025-01-07,2ctk00ae,Lab,3.19,0.15,0.0,0.0,3.34,20.0,23.34,59.0,16.0
iej4b858,iej4b858_21Z_2025-01-07,jcrd8vzj,Lab,3.38,0.14,0.0,0.0,3.52,20.0,23.52,46.0,7.0
iej4b858,iej4b858_68N_2025-01-07,5g2o4aa4,Lab,3.19,0.14,0.0,0.0,3.33,20.0,23.33,57.0,7.0
u36f2qv3,u36f2qv3_64A_2025-01-07,llg4iwii,Lab,3.31,0.13,0.0,0.0,3.44,20.0,23.44,43.0,11.0
u36f2qv3,u36f2qv3_74V_2025-01-07,n9qhrd1g,Lab,3.32,0.13,0.0,0.0,3.45,20.0,23.45,57.0,13.0
u36f2qv3,u36f2qv3_22U_2025-01-07,kgb6atxv,Lab,3.35,0.14,0.0,0.0,3.49,20.0,23.490000000000002,41.0,8.0
u36f2qv3,u36f2qv3_89Y_2025-01-07,eb2p6ezj,Lab,3.34,0.16,0.0,0.0,3.5,20.0,23.5,37.0,8.0
u36f2qv3,u36f2qv3_38A_2025-01-07,jxiu1da9,Lab,3.37,0.15,0.0,0.0,3.52,20.0,23.52,58.0,18.0
u36f2qv3,u36f2qv3_70S_2025-01-07,3q4nt20o,Lab,3.38,0.15,0.0,0.0,3.53,20.0,23.53,56.0,9.0
u36f2qv3,u36f2qv3_85H_2025-01-07,cg7ahbmx,Lab,3.36,0.13,0.0,0.0,3.49,20.0,23.490000000000002,58.0,15.0
u36f2qv3,u36f2qv3_78X_2025-01-07,t54gcz1y,Lab,3.26,0.13,0.0,0.0,3.39,20.0,23.39,72.0,14.0
u36f2qv3,u36f2qv3_45F_2025-01-07,gzosnrqb,Lab,3.15,0.11,0.0,0.0,3.26,20.0,23.259999999999998,44.0,9.0
u36f2qv3,u36f2qv3_60K_2025-01-07,hu681tsz,Lab,3.33,0.13,0.0,0.0,3.46,20.0,23.46,73.0,16.0
u36f2qv3,u36f2qv3_58T_2025-01-07,wx7rdo65,Lab,3.42,0.19,0.0,0.0,3.61,20.0,23.61,79.0,8.0
u36f2qv3,u36f2qv3_75L_2025-01-07,ervq31by,Lab,3.28,0.15,0.0,0.0,3.43,20.0,23.43,49.0,12.0
u36f2qv3,u36f2qv3_82H_2025-01-07,bjw7hsq3,Lab,3.28,0.13,0.0,0.0,3.41,20.0,23.41,73.0,15.0
u36f2qv3,u36f2qv3_74R_2025-01-07,7m98jlw3,Lab,3.25,0.14,0.0,0.0,3.39,20.0,23.39,59.0,17.0
u36f2qv3,u36f2qv3_30L_2025-01-07,v07pazv5,Lab,3.43,0.16,0.0,0.0,3.59,20.0,23.59,56.0,20.0
u36f2qv3,u36f2qv3_65X_2025-01-07,o5mifhh3,Lab,3.39,0.13,0.0,0.0,3.52,20.0,23.52,56.0,15.0
u36f2qv3,u36f2qv3_19U_2025-01-07,782ujap7,Lab,3.32,0.1,0.0,0.0,3.42,20.0,23.42,74.0,15.0
u36f2qv3,u36f2qv3_09U_2025-01-07,4glmsd1o,Lab,3.59,0.11,0.0,0.0,3.7,20.0,23.7,46.0,17.0
u36f2qv3,u36f2qv3_83A_2025-01-07,wmwb7gxw,Lab,3.16,0.15,0.0,0.0,3.31,20.0,23.31,44.0,11.0
u36f2qv3,u36f2qv3_52T_2025-01-07,5pxskyly,Lab,3.39,0.14,0.0,0.0,3.53,20.0,23.53,49.0,12.0
1vpzr064,1vpzr064_31Z_2025-01-09,0ln34kmf,Lab,3.39,0.15,0.0,0.0,3.54,20.0,23.54,52.0,10.0
1vpzr064,1vpzr064_16E_2025-01-09,pl7qoxqm,Lab,3.2,0.09,0.0,0.0,3.29,20.0,23.29,47.0,13.0
1vpzr064,1vpzr064_99N_2025-01-09,y9ak1dd4,Lab,3.36,0.14,0.0,0.0,3.5,20.0,23.5,38.0,10.0
1vpzr064,1vpzr064_33T_2025-01-09,0zzwzrpl,Lab,3.38,0.15,0.0,0.0,3.53,20.0,23.53,51.0,11.0
1vpzr064,1vpzr064_20J_2025-01-09,xw2ci1wr,Lab,3.1,0.15,0.0,0.0,3.25,20.0,23.25,54.0,15.0
1vpzr064,1vpzr064_02T_2025-01-09,x80lgd4n,Lab,3.72,0.15,0.0,0.0,3.87,20.0,23.87,59.0,14.0
1vpzr064,1vpzr064_36Q_2025-01-09,4dr6mfuq,Lab,2.98,0.15,0.0,0.0,3.13,20.0,23.13,55.0,12.0
1vpzr064,1vpzr064_39G_2025-01-09,zcdm0u1r,Lab,3.26,0.15,0.0,0.0,3.41,20.0,23.41,74.0,11.0
1vpzr064,1vpzr064_05N_2025-01-09,hwhugw3j,Lab,3.42,0.13,0.0,0.0,3.55,20.0,23.55,42.0,6.0
1vpzr064,1vpzr064_74T_2025-01-09,wb0dr8z6,Lab,3.45,0.15,0.0,0.0,3.6,20.0,23.6,43.0,10.0
1vpzr064,1vpzr064_64G_2025-01-09,huq2ijur,Lab,3.44,0.14,0.0,0.0,3.58,20.0,23.58,35.0,8.0
1vpzr064,1vpzr064_64M_2025-01-09,pyt4ps6t,Lab,3.5,0.14,0.0,0.0,3.64,20.0,23.64,45.0,7.0
1vpzr064,1vpzr064_27E_2025-01-09,nb0yc0mg,Lab,3.59,0.14,0.0,0.0,3.73,20.0,23.73,54.0,10.0
1vpzr064,1vpzr064_60P_2025-01-09,d7kc09i6,Lab,3.77,0.14,0.0,0.0,3.91,20.0,23.91,50.0,15.0
1vpzr064,1vpzr064_15G_2025-01-09,emdfk3d0,Lab,3.34,0.11,0.0,0.0,3.45,20.0,23.45,61.0,14.0
1vpzr064,1vpzr064_13T_2025-01-09,mu7grv7f,Lab,3.22,0.15,0.0,0.0,3.37,20.0,23.37,54.0,11.0
1vpzr064,1vpzr064_63Y_2025-01-09,fg0gf50d,Lab,3.32,0.15,0.0,0.0,3.47,20.0,23.47,52.0,13.0
1vpzr064,1vpzr064_27M_2025-01-09,3mia7ghl,Lab,3.94,0.15,0.0,0.0,4.09,20.0,24.09,57.0,15.0
1vpzr064,1vpzr064_90R_2025-01-09,p2de5r4j,Lab,3.43,0.11,0.0,0.0,3.54,20.0,23.54,60.0,9.0
1vpzr064,1vpzr064_53Q_2025-01-09,tbsqbfv6,Lab,3.19,0.15,0.0,0.0,3.34,20.0,23.34,48.0,11.0
rh51vc2x,rh51vc2x_86S_2025-01-10,gxxdpf5d,Lab,3.38,0.25,0.0,0.0,3.63,20.0,23.63,53.0,12.0
rh51vc2x,rh51vc2x_03U_2025-01-10,qasdu1rq,Lab,3.47,0.1,0.0,0.0,3.57,20.0,23.57,48.0,6.0
rh51vc2x,rh51vc2x_47L_2025-01-10,fhtsj9d2,Lab,3.46,0.18,0.0,0.0,3.64,20.0,23.64,56.0,8.0
rh51vc2x,rh51vc2x_62E_2025-01-10,24095d0a,Lab,3.51,0.16,0.0,0.0,3.67,20.0,23.67,52.0,6.0
rh51vc2x,rh51vc2x_42B_2025-01-10,2zo6ihl3,Lab,3.42,0.21,0.0,0.0,3.63,20.0,23.63,58.0,3.0
rh51vc2x,rh51vc2x_46L_2025-01-10,cyk3fo1r,Lab,3.41,0.14,0.0,0.0,3.55,20.0,23.55,58.0,4.0
rh51vc2x,rh51vc2x_48X_2025-01-10,yc6ug7v3,Lab,3.43,0.14,0.0,0.0,3.57,20.0,23.57,49.0,8.0
rh51vc2x,rh51vc2x_57G_2025-01-10,l0z3zxbp,Lab,3.42,0.05,0.0,0.0,3.47,20.0,23.47,57.0,1.0
rh51vc2x,rh51vc2x_08G_2025-01-10,eh3d7y8l,Lab,3.49,0.15,0.0,0.0,3.64,20.0,23.64,49.0,13.0
rh51vc2x,rh51vc2x_62I_2025-01-10,z1zn3zj8,Lab,3.43,0.15,0.0,0.0,3.58,20.0,23.58,55.0,2.0
rh51vc2x,rh51vc2x_25P_2025-01-10,68fngddx,Lab,3.47,0.2,0.0,0.0,3.67,20.0,23.67,54.0,4.0
rh51vc2x,rh51vc2x_09J_2025-01-10,fhl7j9qj,Lab,3.43,0.13,0.0,0.0,3.56,20.0,23.56,58.0,12.0
rh51vc2x,rh51vc2x_16A_2025-01-10,d31ceali,Lab,3.41,0.05,0.0,0.0,3.46,20.0,23.46,58.0,7.0
rh51vc2x,rh51vc2x_97O_2025-01-10,qv8sborv,Lab,3.45,0.1,0.0,0.0,3.55,20.0,23.55,47.0,7.0
rh51vc2x,rh51vc2x_94Z_2025-01-10,ujf3r8m4,Lab,3.43,0.21,0.0,0.0,3.64,20.0,23.64,52.0,4.0
rh51vc2x,rh51vc2x_68O_2025-01-10,f5bdy28h,Lab,3.41,0.25,0.0,0.0,3.66,20.0,23.66,58.0,6.0
rh51vc2x,rh51vc2x_50P_2025-01-10,gxfhzz00,Lab,3.42,0.23,0.0,0.0,3.65,20.0,23.65,56.0,9.0
rh51vc2x,rh51vc2x_93I_2025-01-10,3jx279vs,Lab,3.36,0.15,0.0,0.0,3.51,20.0,23.509999999999998,58.0,8.0
rh51vc2x,rh51vc2x_47Y_2025-01-10,1wrxfk2z,Lab,3.42,0.19,0.0,0.0,3.61,20.0,23.61,51.0,11.0
rh51vc2x,rh51vc2x_25N_2025-01-10,4wukwmjw,Lab,3.42,0.11,0.0,0.0,3.53,20.0,23.53,58.0,7.0
o053dd6l,o053dd6l_57T_2025-01-11,rzyrt6ei,Lab,3.19,0.24,0.0,0.0,3.43,20.0,23.43,57.0,8.0
o053dd6l,o053dd6l_06K_2025-01-11,7seztak0,Lab,3.28,0.11,0.0,0.0,3.39,20.0,23.39,47.0,9.0
o053dd6l,o053dd6l_45I_2025-01-11,ig8fx7fu,Lab,3.0,0.23,0.0,0.0,3.23,20.0,23.23,58.0,11.0
o053dd6l,o053dd6l_90L_2025-01-11,jcivweo3,Lab,3.28,0.23,0.0,0.0,3.51,20.0,23.509999999999998,49.0,6.0
o053dd6l,o053dd6l_09A_2025-01-11,b9p2oyxh,Lab,3.4,0.21,0.0,0.0,3.61,20.0,23.61,49.0,12.0
o053dd6l,o053dd6l_28K_2025-01-11,1tjvco40,Lab,3.26,0.18,0.0,0.0,3.44,20.0,23.44,58.0,1.0
o053dd6l,o053dd6l_58Q_2025-01-11,e95l1spb,Lab,3.26,0.21,0.0,0.0,3.47,20.0,23.47,60.0,3.0
o053dd6l,o053dd6l_90R_2025-01-11,t5qu0vdm,Lab,3.23,0.19,0.0,0.0,3.42,20.0,23.42,57.0,2.0
o053dd6l,o053dd6l_81O_2025-01-11,digjctv8,Lab,3.34,0.25,0.0,0.0,3.59,20.0,23.59,48.0,4.0
o053dd6l,o053dd6l_21X_2025-01-11,i6h7902c,Lab,3.29,0.11,0.0,0.0,3.4,20.0,23.4,59.0,3.0
o053dd6l,o053dd6l_81B_2025-01-11,y4gch5oc,Lab,3.11,0.14,0.0,0.0,3.25,20.0,23.25,56.0,9.0
o053dd6l,o053dd6l_75U_2025-01-11,hiol39ch,Lab,3.02,0.15,0.0,0.0,3.17,20.0,23.17,59.0,7.0
o053dd6l,o053dd6l_80R_2025-01-11,gsajvla4,Lab,3.44,0.19,0.0,0.0,3.63,20.0,23.63,57.0,11.0
o053dd6l,o053dd6l_28Y_2025-01-11,j9hawfsy,Lab,3.04,0.23,0.0,0.0,3.27,20.0,23.27,57.0,6.0
o053dd6l,o053dd6l_54D_2025-01-11,yyk0ncfn,Lab,3.39,0.23,0.0,0.0,3.62,20.0,23.62,47.0,11.0
o053dd6l,o053dd6l_81D_2025-01-11,439rv5ox,Lab,3.39,0.2,0.0,0.0,3.59,20.0,23.59,53.0,8.0
o053dd6l,o053dd6l_45F_2025-01-11,7mzbmu1x,Lab,3.22,0.14,0.0,0.0,3.36,20.0,23.36,51.0,7.0
o053dd6l,o053dd6l_93H_2025-01-11,jr6c1hyp,Lab,3.31,0.23,0.0,0.0,3.54,20.0,23.54,63.0,1.0
o053dd6l,o053dd6l_21O_2025-01-11,pqtuzmqu,Lab,3.29,0.23,0.0,0.0,3.52,20.0,23.52,56.0,4.0
o053dd6l,o053dd6l_15P_2025-01-11,bv1iel1u,Lab,3.43,0.18,0.0,0.0,3.61,20.0,23.61,54.0,6.0
strhps7i,strhps7i_66J_2025-01-11,53ev7bla,Lab,3.37,0.24,0.0,0.0,3.61,20.0,23.61,57.0,4.0
strhps7i,strhps7i_70Y_2025-01-11,xzdsb21x,Lab,3.34,0.11,0.0,0.0,3.45,20.0,23.45,47.0,8.0
strhps7i,strhps7i_93R_2025-01-11,zwg42h84,Lab,3.32,0.14,0.0,0.0,3.46,20.0,23.46,58.0,6.0
strhps7i,strhps7i_23Z_2025-01-11,9dfxxohp,Lab,3.44,0.21,0.0,0.0,3.65,20.0,23.65,52.0,6.0
strhps7i,strhps7i_45D_2025-01-11,9qlv4dmh,Lab,3.31,0.25,0.0,0.0,3.56,20.0,23.56,58.0,3.0
strhps7i,strhps7i_62Y_2025-01-11,8y57dr0o,Lab,3.25,0.23,0.0,0.0,3.48,20.0,23.48,60.0,5.0
strhps7i,strhps7i_66Q_2025-01-11,vyo8nb3v,Lab,3.14,0.25,0.0,0.0,3.39,20.0,23.39,60.0,7.0
strhps7i,strhps7i_63N_2025-01-11,nbrztqtk,Lab,3.42,0.16,0.0,0.0,3.58,20.0,23.58,50.0,9.0
strhps7i,strhps7i_26Z_2025-01-11,o9apatfx,Lab,3.23,0.09,0.0,0.0,3.32,20.0,23.32,59.0,6.0
strhps7i,strhps7i_69W_2025-01-11,0n24t3pq,Lab,3.43,0.2,0.0,0.0,3.63,20.0,23.63,48.0,11.0
strhps7i,strhps7i_69Z_2025-01-11,0oeqccwy,Lab,3.38,0.16,0.0,0.0,3.54,20.0,23.54,55.0,2.0
strhps7i,strhps7i_69G_2025-01-11,m0sxhiae,Lab,3.4,0.25,0.0,0.0,3.65,20.0,23.65,51.0,13.0
strhps7i,strhps7i_02K_2025-01-11,9gfdkh24,Lab,3.4,0.23,0.0,0.0,3.63,20.0,23.63,54.0,6.0
strhps7i,strhps7i_55P_2025-01-11,arqn8mzy,Lab,3.2,0.19,0.0,0.0,3.39,20.0,23.39,56.0,11.0
strhps7i,strhps7i_30H_2025-01-11,fvitq22f,Lab,3.33,0.07,0.0,0.0,3.4,20.0,23.4,59.0,5.0
strhps7i,strhps7i_40W_2025-01-11,y72u0pj6,Lab,3.39,0.16,0.0,0.0,3.55,20.0,23.55,52.0,5.0
strhps7i,strhps7i_82Y_2025-01-11,cotoylyf,Lab,3.3,0.19,0.0,0.0,3.49,20.0,23.490000000000002,52.0,12.0
strhps7i,strhps7i_35H_2025-01-11,pfeta19l,Lab,3.39,0.11,0.0,0.0,3.5,20.0,23.5,55.0,6.0
strhps7i,strhps7i_31A_2025-01-11,p0yk04lv,Lab,3.3,0.15,0.0,0.0,3.45,20.0,23.45,60.0,3.0
strhps7i,strhps7i_86T_2025-01-11,a3hfa1e1,Lab,3.44,0.23,0.0,0.0,3.67,20.0,23.67,53.0,8.0
k5fe3pel,k5fe3pel_94W_2025-01-11,8f6u06xj,Lab,3.34,0.0,0.0,0.0,3.34,20.0,23.34,,
k5fe3pel,k5fe3pel_41G_2025-01-11,4j0t9cgl,Lab,3.34,0.0,0.0,0.0,3.34,20.0,23.34,,
k5fe3pel,k5fe3pel_65A_2025-01-11,964a8fqv,Lab,3.34,0.0,0.0,0.0,3.34,20.0,23.34,,
k5fe3pel,k5fe3pel_48N_2025-01-11,4azy2yoh,Lab,3.34,0.0,0.0,0.0,3.34,20.0,23.34,,
k5fe3pel,k5fe3pel_70Q_2025-01-11,40apjpy6,Lab,3.34,0.0,0.0,0.0,3.34,20.0,23.34,,
k5fe3pel,k5fe3pel_85H_2025-01-11,m47zxhef,Lab,3.34,0.0,0.0,0.0,3.34,20.0,23.34,,
k5fe3pel,k5fe3pel_32Q_2025-01-11,eel9yej5,Lab,3.34,0.0,0.0,0.0,3.34,20.0,23.34,,
k5fe3pel,k5fe3pel_61X_2025-01-11,3o7ubreu,Lab,3.34,0.0,0.0,0.0,3.34,20.0,23.34,,
k5fe3pel,k5fe3pel_15N_2025-01-11,b0799vow,Lab,3.34,0.0,0.0,0.0,3.34,20.0,23.34,,
k5fe3pel,k5fe3pel_01V_2025-01-11,aqm8d8aa,Lab,3.34,0.0,0.0,0.0,3.34,20.0,23.34,,
k5fe3pel,k5fe3pel_19A_2025-01-11,vu4fttgl,Lab,3.34,0.0,0.0,0.0,3.34,20.0,23.34,,
k5fe3pel,k5fe3pel_90N_2025-01-11,fe9u00d2,Lab,3.34,0.0,0.0,0.0,3.34,20.0,23.34,,
k5fe3pel,k5fe3pel_88O_2025-01-11,pltlhghh,Lab,3.34,0.0,0.0,0.0,3.34,20.0,23.34,,
k5fe3pel,k5fe3pel_46Z_2025-01-11,q3h7zip9,Lab,3.34,0.0,0.0,0.0,3.34,20.0,23.34,,
k5fe3pel,k5fe3pel_47C_2025-01-11,s39roj8o,Lab,3.34,0.0,0.0,0.0,3.34,20.0,23.34,,
k5fe3pel,k5fe3pel_59J_2025-01-11,q44hnjrv,Lab,3.34,0.0,0.0,0.0,3.34,20.0,23.34,,
k5fe3pel,k5fe3pel_82G_2025-01-11,6kbox79b,Lab,3.34,0.0,0.0,0.0,3.34,20.0,23.34,,
k5fe3pel,k5fe3pel_60Y_2025-01-11,ul5dyyxh,Lab,3.34,0.0,0.0,0.0,3.34,20.0,23.34,,
k5fe3pel,k5fe3pel_14T_2025-01-11,7ddg3ts5,Lab,3.34,0.0,0.0,0.0,3.34,20.0,23.34,,
k5fe3pel,k5fe3pel_88A_2025-01-11,z4s4v0sy,Lab,3.34,0.0,0.0,0.0,3.34,20.0,23.34,,
fsx0h5fb,fsx0h5fb_21I_2025-01-11,tjve4qn3,Lab,3.37,0.0,0.0,0.0,3.37,20.0,23.37,,
fsx0h5fb,fsx0h5fb_30G_2025-01-11,u7y0rcx9,Lab,3.37,0.0,0.0,0.0,3.37,20.0,23.37,,
fsx0h5fb,fsx0h5fb_46U_2025-01-11,ciqfxpbw,Lab,3.37,0.0,0.0,0.0,3.37,20.0,23.37,,
fsx0h5fb,fsx0h5fb_66O_2025-01-11,5qh9u4e8,Lab,3.37,0.0,0.0,0.0,3.37,20.0,23.37,,
fsx0h5fb,fsx0h5fb_40L_2025-01-11,57ew6d25,Lab,3.37,0.0,0.0,0.0,3.37,20.0,23.37,,
fsx0h5fb,fsx0h5fb_13D_2025-01-11,jsaymdgh,Lab,3.37,0.0,0.0,0.0,3.37,20.0,23.37,,
fsx0h5fb,fsx0h5fb_99F_2025-01-11,ud04gq11,Lab,3.37,0.0,0.0,0.0,3.37,20.0,23.37,,
fsx0h5fb,fsx0h5fb_87M_2025-01-11,fyrbcjsq,Lab,3.37,0.0,0.0,0.0,3.37,20.0,23.37,,
fsx0h5fb,fsx0h5fb_62V_2025-01-11,ywofypp2,Lab,3.37,0.0,0.0,0.0,3.37,20.0,23.37,,
fsx0h5fb,fsx0h5fb_23A_2025-01-11,acrqgjvr,Lab,3.37,0.0,0.0,0.0,3.37,20.0,23.37,,
fsx0h5fb,fsx0h5fb_72B_2025-01-11,ztm3ebih,Lab,3.37,0.0,0.0,0.0,3.37,20.0,23.37,,
fsx0h5fb,fsx0h5fb_09K_2025-01-11,snc0qhan,Lab,3.37,0.0,0.0,0.0,3.37,20.0,23.37,,
fsx0h5fb,fsx0h5fb_47D_2025-01-11,zl4cb83b,Lab,3.37,0.0,0.0,0.0,3.37,20.0,23.37,,
fsx0h5fb,fsx0h5fb_98K_2025-01-11,kebpjuoe,Lab,3.37,0.0,0.0,0.0,3.37,20.0,23.37,,
fsx0h5fb,fsx0h5fb_32B_2025-01-11,zyisa6ij,Lab,3.37,0.0,0.0,0.0,3.37,20.0,23.37,,
fsx0h5fb,fsx0h5fb_42T_2025-01-11,230ke9m9,Lab,3.37,0.0,0.0,0.0,3.37,20.0,23.37,,
fsx0h5fb,fsx0h5fb_99O_2025-01-11,f3yp58jx,Lab,3.37,0.0,0.0,0.0,3.37,20.0,23.37,,
fsx0h5fb,fsx0h5fb_12L_2025-01-11,2ksrt00v,Lab,3.37,0.0,0.0,0.0,3.37,20.0,23.37,,
fsx0h5fb,fsx0h5fb_84Y_2025-01-11,iethlu9q,Lab,3.37,0.0,0.0,0.0,3.37,20.0,23.37,,
fsx0h5fb,fsx0h5fb_99T_2025-01-11,ooqq7omg,Lab,3.37,0.0,0.0,0.0,3.37,20.0,23.37,,
2d2ckysg,2d2ckysg_38B_2025-01-11,23n42yz9,Lab,3.32,0.0,0.0,0.0,3.32,20.0,23.32,,
2d2ckysg,2d2ckysg_84F_2025-01-11,7kucdex3,Lab,3.32,0.0,0.0,0.0,3.32,20.0,23.32,,
2d2ckysg,2d2ckysg_25E_2025-01-11,6nnx308f,Lab,3.32,0.0,0.0,0.0,3.32,20.0,23.32,,
2d2ckysg,2d2ckysg_25N_2025-01-11,tnn7gn17,Lab,3.32,0.0,0.0,0.0,3.32,20.0,23.32,,
2d2ckysg,2d2ckysg_30A_2025-01-11,12mxoe6g,Lab,3.32,0.0,0.0,0.0,3.32,20.0,23.32,,
2d2ckysg,2d2ckysg_63G_2025-01-11,bv4aejyj,Lab,3.32,0.0,0.0,0.0,3.32,20.0,23.32,,
2d2ckysg,2d2ckysg_63M_2025-01-11,gay6uca3,Lab,3.32,0.0,0.0,0.0,3.32,20.0,23.32,,
2d2ckysg,2d2ckysg_72S_2025-01-11,xiwr050c,Lab,3.32,0.0,0.0,0.0,3.32,20.0,23.32,,
2d2ckysg,2d2ckysg_84Z_2025-01-11,qze2nhuw,Lab,3.32,0.0,0.0,0.0,3.32,20.0,23.32,,
2d2ckysg,2d2ckysg_00V_2025-01-11,rcsdgzav,Lab,3.32,0.0,0.0,0.0,3.32,20.0,23.32,,
2d2ckysg,2d2ckysg_98G_2025-01-11,w7mnz1kv,Lab,3.32,0.0,0.0,0.0,3.32,20.0,23.32,,
2d2ckysg,2d2ckysg_66C_2025-01-11,16vcniu7,Lab,3.32,0.0,0.0,0.0,3.32,20.0,23.32,,
2d2ckysg,2d2ckysg_97Q_2025-01-11,kyf61n8o,Lab,3.32,0.0,0.0,0.0,3.32,20.0,23.32,,
2d2ckysg,2d2ckysg_91N_2025-01-11,c2nq29yp,Lab,3.32,0.0,0.0,0.0,3.32,20.0,23.32,,
2d2ckysg,2d2ckysg_90Z_2025-01-11,i79vw09k,Lab,3.32,0.0,0.0,0.0,3.32,20.0,23.32,,
2d2ckysg,2d2ckysg_12S_2025-01-11,d6rqbs6r,Lab,3.32,0.0,0.0,0.0,3.32,20.0,23.32,,
2d2ckysg,2d2ckysg_06T_2025-01-11,q07yq3ti,Lab,3.32,0.0,0.0,0.0,3.32,20.0,23.32,,
2d2ckysg,2d2ckysg_99E_2025-01-11,csk7p8or,Lab,3.32,0.0,0.0,0.0,3.32,20.0,23.32,,
2d2ckysg,2d2ckysg_55N_2025-01-11,vqxky4qs,Lab,3.32,0.0,0.0,0.0,3.32,20.0,23.32,,
2d2ckysg,2d2ckysg_37D_2025-01-11,3kb7zm8b,Lab,3.32,0.0,0.0,0.0,3.32,20.0,23.32,,
newmfpwu,newmfpwu_67W_2025-01-11,sja7g68l,Lab,3.56,0.06,0.0,0.0,3.62,20.0,23.62,53.0,11.0
newmfpwu,newmfpwu_53X_2025-01-11,qeco8zfa,Lab,3.47,0.07,0.0,0.0,3.54,20.0,23.54,47.0,9.0
newmfpwu,newmfpwu_35W_2025-01-11,9zj7uux6,Lab,3.63,0.09,0.0,0.0,3.72,20.0,23.72,71.0,11.0
newmfpwu,newmfpwu_36M_2025-01-11,nrv5aaw1,Lab,3.46,0.03,0.0,0.0,3.49,20.0,23.490000000000002,49.0,6.0
newmfpwu,newmfpwu_07B_2025-01-11,4r3a2y9p,Lab,3.33,0.1,0.0,0.0,3.43,20.0,23.43,45.0,11.0
newmfpwu,newmfpwu_85A_2025-01-11,d26aq8bk,Lab,3.28,0.06,0.0,0.0,3.34,20.0,23.34,54.0,6.0
newmfpwu,newmfpwu_90Z_2025-01-11,o0ksp59o,Lab,3.43,0.04,0.0,0.0,3.47,20.0,23.47,56.0,7.0
newmfpwu,newmfpwu_52W_2025-01-11,we9nzi4c,Lab,3.16,0.06,0.0,0.0,3.22,20.0,23.22,69.0,11.0
newmfpwu,newmfpwu_38B_2025-01-11,j5blbvue,Lab,2.73,0.06,0.0,0.0,2.79,20.0,22.79,58.0,14.0
newmfpwu,newmfpwu_09Y_2025-01-11,yaardztc,Lab,3.84,0.1,0.0,0.0,3.94,20.0,23.94,56.0,13.0
newmfpwu,newmfpwu_65V_2025-01-11,cce8euw9,Lab,2.94,0.06,0.0,0.0,3.0,20.0,23.0,80.0,16.0
newmfpwu,newmfpwu_55O_2025-01-11,a8iryq2p,Lab,3.58,0.05,0.0,0.0,3.63,20.0,23.63,49.0,10.0
newmfpwu,newmfpwu_88C_2025-01-11,9c1lqzqe,Lab,3.32,0.07,0.0,0.0,3.39,20.0,23.39,52.0,10.0
newmfpwu,newmfpwu_20K_2025-01-11,vgj7cnt9,Lab,3.29,0.09,0.0,0.0,3.38,20.0,23.38,58.0,14.0
newmfpwu,newmfpwu_22Q_2025-01-11,dgcref1v,Lab,4.52,0.05,0.0,0.0,4.57,20.0,24.57,54.0,23.0
newmfpwu,newmfpwu_63P_2025-01-11,2cuq2phv,Lab,3.64,0.11,0.0,0.0,3.75,20.0,23.75,50.0,7.0
newmfpwu,newmfpwu_77Z_2025-01-11,kqd0x2k4,Lab,3.54,0.06,0.0,0.0,3.6,20.0,23.6,54.0,7.0
newmfpwu,newmfpwu_18N_2025-01-11,5swtlgg8,Lab,3.5,0.07,0.0,0.0,3.57,20.0,23.57,51.0,9.0
newmfpwu,newmfpwu_91U_2025-01-11,hxm4t62t,Lab,3.98,0.11,0.0,0.0,4.09,20.0,24.09,45.0,13.0
newmfpwu,newmfpwu_90N_2025-01-11,8brnxnoe,Lab,3.02,0.05,0.0,0.0,3.07,20.0,23.07,49.0,14.0
qovurr4n,qovurr4n_89O_2025-01-11,0grw4oxw,Lab,3.72,0.18,0.0,0.0,3.9,20.0,23.9,87.0,18.0
qovurr4n,qovurr4n_99B_2025-01-11,m7su1pkc,Lab,3.5,0.25,0.0,0.0,3.75,20.0,23.75,85.0,4.0
qovurr4n,qovurr4n_50F_2025-01-11,xe753oeg,Lab,3.51,0.2,0.0,0.0,3.71,20.0,23.71,61.0,16.0
qovurr4n,qovurr4n_76J_2025-01-11,t3odepae,Lab,3.49,0.25,0.0,0.0,3.74,20.0,23.740000000000002,53.0,9.0
qovurr4n,qovurr4n_92N_2025-01-11,3ta7qi1b,Lab,3.54,0.18,0.0,0.0,3.72,20.0,23.72,58.0,8.0
qovurr4n,qovurr4n_88V_2025-01-11,81y45gwj,Lab,3.51,0.16,0.0,0.0,3.67,20.0,23.67,101.0,16.0
qovurr4n,qovurr4n_49H_2025-01-11,cv2o1vp5,Lab,3.48,0.19,0.0,0.0,3.67,20.0,23.67,43.0,12.0
qovurr4n,qovurr4n_19M_2025-01-11,enc16bgy,Lab,3.47,0.09,0.0,0.0,3.56,20.0,23.56,49.0,13.0
qovurr4n,qovurr4n_54X_2025-01-11,ufrgkhu3,Lab,3.63,0.24,0.0,0.0,3.87,20.0,23.87,59.0,16.0
qovurr4n,qovurr4n_29H_2025-01-11,h5hx1xyn,Lab,3.49,0.1,0.0,0.0,3.59,20.0,23.59,53.0,10.0
qovurr4n,qovurr4n_33G_2025-01-11,26vqzhxp,Lab,3.53,0.21,0.0,0.0,3.74,20.0,23.740000000000002,54.0,20.0
qovurr4n,qovurr4n_37L_2025-01-11,bbcy493l,Lab,3.48,0.24,0.0,0.0,3.72,20.0,23.72,55.0,16.0
qovurr4n,qovurr4n_18Z_2025-01-11,6fuwp15z,Lab,3.47,0.24,0.0,0.0,3.71,20.0,23.71,47.0,8.0
qovurr4n,qovurr4n_07D_2025-01-11,xraxkj4s,Lab,3.5,0.19,0.0,0.0,3.69,20.0,23.69,56.0,7.0
qovurr4n,qovurr4n_38O_2025-01-11,ekpyt141,Lab,3.49,0.18,0.0,0.0,3.67,20.0,23.67,62.0,23.0
qovurr4n,qovurr4n_07V_2025-01-11,udop487g,Lab,3.49,0.18,0.0,0.0,3.67,20.0,23.67,71.0,7.0
qovurr4n,qovurr4n_16K_2025-01-11,o48zipc9,Lab,3.49,0.25,0.0,0.0,3.74,20.0,23.740000000000002,50.0,4.0
qovurr4n,qovurr4n_55K_2025-01-11,bhob32nl,Lab,3.7,0.23,0.0,0.0,3.93,20.0,23.93,78.0,17.0
qovurr4n,qovurr4n_28L_2025-01-11,kjrb9gwn,Lab,3.54,0.13,0.0,0.0,3.67,20.0,23.67,59.0,5.0
qovurr4n,qovurr4n_87C_2025-01-11,dz670vmt,Lab,3.53,0.25,0.0,0.0,3.78,20.0,23.78,63.0,12.0
v75bhhk5,v75bhhk5_54X_2025-01-11,aa6uxtg8,Lab,3.01,0.14,0.0,0.0,3.15,20.0,23.15,81.0,15.0
v75bhhk5,v75bhhk5_05B_2025-01-11,u3p1sl6o,Lab,3.4,0.21,0.0,0.0,3.61,20.0,23.61,40.0,8.0
v75bhhk5,v75bhhk5_69W_2025-01-11,x2kcl4cl,Lab,3.51,0.13,0.0,0.0,3.64,20.0,23.64,71.0,12.0
v75bhhk5,v75bhhk5_82I_2025-01-11,je751z6y,Lab,3.42,0.13,0.0,0.0,3.55,20.0,23.55,55.0,10.0
v75bhhk5,v75bhhk5_73J_2025-01-11,llldcuv6,Lab,3.39,0.15,0.0,0.0,3.54,20.0,23.54,54.0,4.0
v75bhhk5,v75bhhk5_98K_2025-01-11,a7f7nind,Lab,3.48,0.25,0.0,0.0,3.73,20.0,23.73,56.0,13.0
v75bhhk5,v75bhhk5_17U_2025-01-11,7xhx2d4c,Lab,3.4,0.14,0.0,0.0,3.54,20.0,23.54,47.0,7.0
v75bhhk5,v75bhhk5_07S_2025-01-11,iq4obgys,Lab,3.0,0.13,0.0,0.0,3.13,20.0,23.13,51.0,16.0
v75bhhk5,v75bhhk5_08C_2025-01-11,tz3bjina,Lab,3.28,0.11,0.0,0.0,3.39,20.0,23.39,77.0,4.0
v75bhhk5,v75bhhk5_99H_2025-01-11,x2cmjfv1,Lab,3.24,0.21,0.0,0.0,3.45,20.0,23.45,52.0,16.0
v75bhhk5,v75bhhk5_75Z_2025-01-11,cdgeh8d2,Lab,3.19,0.09,0.0,0.0,3.28,20.0,23.28,55.0,10.0
v75bhhk5,v75bhhk5_63P_2025-01-11,kwtebbha,Lab,3.33,0.13,0.0,0.0,3.46,20.0,23.46,60.0,11.0
v75bhhk5,v75bhhk5_75V_2025-01-11,wiu5wwxv,Lab,3.3,0.18,0.0,0.0,3.48,20.0,23.48,52.0,17.0
v75bhhk5,v75bhhk5_16L_2025-01-11,dhcacvnn,Lab,3.61,0.15,0.0,0.0,3.76,20.0,23.759999999999998,57.0,11.0
v75bhhk5,v75bhhk5_07K_2025-01-11,fahj3fl6,Lab,3.24,0.13,0.0,0.0,3.37,20.0,23.37,56.0,13.0
v75bhhk5,v75bhhk5_66S_2025-01-11,si0dj3p1,Lab,3.22,0.11,0.0,0.0,3.33,20.0,23.33,54.0,16.0
v75bhhk5,v75bhhk5_25I_2025-01-11,j1oewp2a,Lab,3.5,0.15,0.0,0.0,3.65,20.0,23.65,61.0,7.0
v75bhhk5,v75bhhk5_10O_2025-01-11,6428a3wm,Lab,3.35,0.18,0.0,0.0,3.53,20.0,23.53,47.0,10.0
v75bhhk5,v75bhhk5_47O_2025-01-11,79o2f0pf,Lab,3.47,0.06,0.0,0.0,3.53,20.0,23.53,55.0,12.0
v75bhhk5,v75bhhk5_50Q_2025-01-11,41vx9o1e,Lab,3.47,0.15,0.0,0.0,3.62,20.0,23.62,59.0,10.0
hd5e6kig,hd5e6kig_49G_2025-01-11,1fybdpfs,Lab,3.44,0.0,0.0,0.0,3.44,20.0,23.44,,
hd5e6kig,hd5e6kig_69B_2025-01-11,dgs3y4z2,Lab,3.44,0.0,0.0,0.0,3.44,20.0,23.44,,
hd5e6kig,hd5e6kig_90F_2025-01-11,iupzaaea,Lab,3.3,0.19,0.0,0.0,3.49,20.0,23.490000000000002,54.0,14.0
hd5e6kig,hd5e6kig_57W_2025-01-11,daly6lvy,Lab,3.44,0.0,0.0,0.0,3.44,20.0,23.44,,
hd5e6kig,hd5e6kig_56S_2025-01-11,pmu4l6zi,Lab,3.53,0.16,0.0,0.0,3.69,20.0,23.69,34.0,14.0
hd5e6kig,hd5e6kig_85G_2025-01-11,guvqix68,Lab,3.44,0.0,0.0,0.0,3.44,20.0,23.44,,
hd5e6kig,hd5e6kig_48B_2025-01-11,iiudephb,Lab,3.41,0.14,0.0,0.0,3.55,20.0,23.55,45.0,3.0
hd5e6kig,hd5e6kig_22I_2025-01-11,7j0l8i0c,Lab,3.52,0.16,0.0,0.0,3.68,20.0,23.68,44.0,4.0
hd5e6kig,hd5e6kig_14O_2025-01-11,y5nsr5w3,Lab,3.24,0.21,0.0,0.0,3.45,20.0,23.45,52.0,8.0
hd5e6kig,hd5e6kig_19D_2025-01-11,xcw4oqkg,Lab,3.52,0.18,0.0,0.0,3.7,20.0,23.7,48.0,8.0
hd5e6kig,hd5e6kig_33L_2025-01-11,ob2oucuz,Lab,3.5,0.19,0.0,0.0,3.69,20.0,23.69,39.0,2.0
hd5e6kig,hd5e6kig_92N_2025-01-11,u2nftlsf,Lab,3.53,0.18,0.0,0.0,3.71,20.0,23.71,37.0,6.0
hd5e6kig,hd5e6kig_62T_2025-01-11,vnh726mk,Lab,3.44,0.0,0.0,0.0,3.44,20.0,23.44,,
hd5e6kig,hd5e6kig_74Y_2025-01-11,zi5n8alh,Lab,3.56,0.18,0.0,0.0,3.74,20.0,23.740000000000002,42.0,4.0
hd5e6kig,hd5e6kig_76B_2025-01-11,xmof18mv,Lab,3.48,0.16,0.0,0.0,3.64,20.0,23.64,49.0,8.0
hd5e6kig,hd5e6kig_33F_2025-01-11,qvqn6tbg,Lab,3.44,0.0,0.0,0.0,3.44,20.0,23.44,,
hd5e6kig,hd5e6kig_83V_2025-01-11,azz1vopo,Lab,3.56,0.14,0.0,0.0,3.7,20.0,23.7,43.0,4.0
hd5e6kig,hd5e6kig_33U_2025-01-11,hmgsszij,Lab,3.04,0.18,0.0,0.0,3.22,20.0,23.22,69.0,16.0
hd5e6kig,hd5e6kig_01R_2025-01-11,qiz12o6y,Lab,3.51,0.18,0.0,0.0,3.69,20.0,23.69,44.0,6.0
hd5e6kig,hd5e6kig_17P_2025-01-11,gxpvpgqp,Lab,3.44,0.0,0.0,0.0,3.44,20.0,23.44,,
7q3yvb8o,7q3yvb8o_89V_2025-01-13,wc8i2a3c,Lab,3.34,0.0,0.0,0.0,3.34,20.0,23.34,,
7q3yvb8o,7q3yvb8o_69V_2025-01-13,5kydoetb,Lab,3.34,0.0,0.0,0.0,3.34,20.0,23.34,,
7q3yvb8o,7q3yvb8o_82C_2025-01-13,fu4oov75,Lab,3.34,0.0,0.0,0.0,3.34,20.0,23.34,,
7q3yvb8o,7q3yvb8o_49L_2025-01-13,tta1ny4c,Lab,3.31,0.15,0.0,0.0,3.46,20.0,23.46,37.0,8.0
7q3yvb8o,7q3yvb8o_68O_2025-01-13,98cmf6tc,Lab,3.31,0.2,0.0,0.0,3.51,20.0,23.509999999999998,46.0,4.0
7q3yvb8o,7q3yvb8o_96G_2025-01-13,8rgkg7pj,Lab,3.34,0.0,0.0,0.0,3.34,20.0,23.34,,
7q3yvb8o,7q3yvb8o_61P_2025-01-13,ifdftrt2,Lab,3.34,0.0,0.0,0.0,3.34,20.0,23.34,,
7q3yvb8o,7q3yvb8o_86N_2025-01-13,u8wow51s,Lab,3.34,0.0,0.0,0.0,3.34,20.0,23.34,,
7q3yvb8o,7q3yvb8o_00W_2025-01-13,cqftx3nb,Lab,3.39,0.23,0.0,0.0,3.62,20.0,23.62,43.0,6.0
7q3yvb8o,7q3yvb8o_94S_2025-01-13,svdmoo89,Lab,3.35,0.21,0.0,0.0,3.56,20.0,23.56,48.0,1.0
7q3yvb8o,7q3yvb8o_75Q_2025-01-13,24xm6s6r,Lab,3.39,0.21,0.0,0.0,3.6,20.0,23.6,39.0,6.0
7q3yvb8o,7q3yvb8o_21R_2025-01-13,op90ch01,Lab,3.34,0.0,0.0,0.0,3.34,20.0,23.34,,
7q3yvb8o,7q3yvb8o_29U_2025-01-13,7t52v3gl,Lab,3.34,0.0,0.0,0.0,3.34,20.0,23.34,,
7q3yvb8o,7q3yvb8o_54U_2025-01-13,3ugu3qyd,Lab,3.34,0.0,0.0,0.0,3.34,20.0,23.34,,
7q3yvb8o,7q3yvb8o_45G_2025-01-13,lzl2g9zb,Lab,3.33,0.2,0.0,0.0,3.53,20.0,23.53,43.0,2.0
7q3yvb8o,7q3yvb8o_95Y_2025-01-13,zjbtyrgg,Lab,3.34,0.0,0.0,0.0,3.34,20.0,23.34,,
7q3yvb8o,7q3yvb8o_32F_2025-01-13,cvkm8hmx,Lab,3.34,0.0,0.0,0.0,3.34,20.0,23.34,,
7q3yvb8o,7q3yvb8o_43Q_2025-01-13,8sfvdb63,Lab,3.34,0.23,0.0,0.0,3.57,20.0,23.57,49.0,6.0
7q3yvb8o,7q3yvb8o_42F_2025-01-13,xy0qt0te,Lab,3.34,0.0,0.0,0.0,3.34,20.0,23.34,,
7q3yvb8o,7q3yvb8o_04N_2025-01-13,plfebkmm,Lab,3.34,0.0,0.0,0.0,3.34,20.0,23.34,,
czji0zow,czji0zow_00O_2025-01-13,x89xn7l7,Lab,3.4,0.0,0.0,0.0,3.4,20.0,23.4,,
czji0zow,czji0zow_87R_2025-01-13,86ybyyrl,Lab,3.4,0.0,0.0,0.0,3.4,20.0,23.4,,
czji0zow,czji0zow_76W_2025-01-13,3wi7uvrl,Lab,3.4,0.0,0.0,0.0,3.4,20.0,23.4,,
czji0zow,czji0zow_42Y_2025-01-13,ven6xoi8,Lab,3.4,0.0,0.0,0.0,3.4,20.0,23.4,,
czji0zow,czji0zow_14F_2025-01-13,7plym7nr,Lab,3.4,0.0,0.0,0.0,3.4,20.0,23.4,,
czji0zow,czji0zow_80D_2025-01-13,bcdpk3aw,Lab,3.4,0.0,0.0,0.0,3.4,20.0,23.4,,
czji0zow,czji0zow_18G_2025-01-13,hsgx39fz,Lab,3.4,0.0,0.0,0.0,3.4,20.0,23.4,,
czji0zow,czji0zow_27P_2025-01-13,2xz3vyjk,Lab,3.4,0.0,0.0,0.0,3.4,20.0,23.4,,
czji0zow,czji0zow_95G_2025-01-13,gl2psbbv,Lab,3.4,0.0,0.0,0.0,3.4,20.0,23.4,,
czji0zow,czji0zow_93Q_2025-01-13,fnjcdos2,Lab,3.4,0.0,0.0,0.0,3.4,20.0,23.4,,
czji0zow,czji0zow_72N_2025-01-13,hkydt3g6,Lab,3.4,0.0,0.0,0.0,3.4,20.0,23.4,,
czji0zow,czji0zow_88I_2025-01-13,y2aprulu,Lab,3.4,0.0,0.0,0.0,3.4,20.0,23.4,,
czji0zow,czji0zow_13B_2025-01-13,tqqayf60,Lab,3.4,0.0,0.0,0.0,3.4,20.0,23.4,,
czji0zow,czji0zow_99X_2025-01-13,5hmh8uhr,Lab,3.4,0.0,0.0,0.0,3.4,20.0,23.4,,
czji0zow,czji0zow_96G_2025-01-13,sxbrsegm,Lab,3.4,0.0,0.0,0.0,3.4,20.0,23.4,,
czji0zow,czji0zow_52D_2025-01-13,d65vlhif,Lab,3.4,0.0,0.0,0.0,3.4,20.0,23.4,,
czji0zow,czji0zow_08A_2025-01-13,jgsjv0tw,Lab,3.4,0.0,0.0,0.0,3.4,20.0,23.4,,
czji0zow,czji0zow_30P_2025-01-13,jicl5c82,Lab,3.4,0.0,0.0,0.0,3.4,20.0,23.4,,
czji0zow,czji0zow_19R_2025-01-13,0ab5f91e,Lab,3.4,0.0,0.0,0.0,3.4,20.0,23.4,,
czji0zow,czji0zow_04U_2025-01-13,ucmvd1lx,Lab,3.4,0.0,0.0,0.0,3.4,20.0,23.4,,
8l7rnwu8,8l7rnwu8_81O_2025-01-13,f2rsmxlp,Lab,3.51,0.18,0.0,0.0,3.69,20.0,23.69,40.0,6.0
8l7rnwu8,8l7rnwu8_12J_2025-01-13,6y84hrtg,Lab,3.32,0.18,0.0,0.0,3.5,20.0,23.5,59.0,14.0
8l7rnwu8,8l7rnwu8_32Y_2025-01-13,ixtpgevm,Lab,3.51,0.18,0.0,0.0,3.69,20.0,23.69,44.0,5.0
8l7rnwu8,8l7rnwu8_78P_2025-01-13,688dogi6,Lab,3.35,0.14,0.0,0.0,3.49,20.0,23.490000000000002,48.0,10.0
8l7rnwu8,8l7rnwu8_01T_2025-01-13,xhotitbq,Lab,3.39,0.16,0.0,0.0,3.55,20.0,23.55,55.0,7.0
8l7rnwu8,8l7rnwu8_96B_2025-01-13,5hm8xvme,Lab,3.51,0.2,0.0,0.0,3.71,20.0,23.71,43.0,6.0
8l7rnwu8,8l7rnwu8_47M_2025-01-13,wx4yoyrc,Lab,3.51,0.15,0.0,0.0,3.66,20.0,23.66,49.0,10.0
8l7rnwu8,8l7rnwu8_92F_2025-01-13,bvabhq56,Lab,3.47,0.15,0.0,0.0,3.62,20.0,23.62,41.0,8.0
8l7rnwu8,8l7rnwu8_49B_2025-01-13,3a9bnbjf,Lab,3.56,0.2,0.0,0.0,3.76,20.0,23.759999999999998,52.0,5.0
8l7rnwu8,8l7rnwu8_71L_2025-01-13,825d9v58,Lab,3.44,0.13,0.0,0.0,3.57,20.0,23.57,41.0,7.0
8l7rnwu8,8l7rnwu8_04L_2025-01-13,eyw3e6sj,Lab,3.45,0.18,0.0,0.0,3.63,20.0,23.63,53.0,5.0
8l7rnwu8,8l7rnwu8_89Q_2025-01-13,jg99ope5,Lab,3.47,0.14,0.0,0.0,3.61,20.0,23.61,45.0,1.0
8l7rnwu8,8l7rnwu8_04O_2025-01-13,5vjje2hc,Lab,3.48,0.15,0.0,0.0,3.63,20.0,23.63,33.0,12.0
8l7rnwu8,8l7rnwu8_30G_2025-01-13,noonu5s8,Lab,3.54,0.16,0.0,0.0,3.7,20.0,23.7,38.0,8.0
8l7rnwu8,8l7rnwu8_43B_2025-01-13,s8w9mtjx,Lab,3.55,0.18,0.0,0.0,3.73,20.0,23.73,40.0,7.0
8l7rnwu8,8l7rnwu8_12Y_2025-01-13,a5ux7vph,Lab,3.61,0.19,0.0,0.0,3.8,20.0,23.8,37.0,7.0
8l7rnwu8,8l7rnwu8_71F_2025-01-13,na0zsiwt,Lab,3.51,0.18,0.0,0.0,3.69,20.0,23.69,40.0,5.0
8l7rnwu8,8l7rnwu8_26P_2025-01-13,l4t4lwlm,Lab,3.43,0.18,0.0,0.0,3.61,20.0,23.61,47.0,7.0
8l7rnwu8,8l7rnwu8_52M_2025-01-13,4ia3f8k6,Lab,3.48,0.18,0.0,0.0,3.66,20.0,23.66,48.0,8.0
8l7rnwu8,8l7rnwu8_29O_2025-01-13,lclrlcb4,Lab,3.32,0.16,0.0,0.0,3.48,20.0,23.48,50.0,13.0
0ry2mwqc,0ry2mwqc_95C_2025-01-13,alzvsttl,Lab,3.32,0.25,0.0,0.0,3.57,20.0,23.57,60.0,2.0
0ry2mwqc,0ry2mwqc_84P_2025-01-13,ckb8z13g,Lab,3.44,0.25,0.0,0.0,3.69,20.0,23.69,61.0,12.0
0ry2mwqc,0ry2mwqc_09M_2025-01-13,v2go23v3,Lab,3.42,0.25,0.0,0.0,3.67,20.0,23.67,60.0,2.0
0ry2mwqc,0ry2mwqc_84I_2025-01-13,8fm9ab39,Lab,3.44,0.24,0.0,0.0,3.68,20.0,23.68,60.0,10.0
0ry2mwqc,0ry2mwqc_22U_2025-01-13,9ninylaw,Lab,3.47,0.21,0.0,0.0,3.68,20.0,23.68,52.0,16.0
0ry2mwqc,0ry2mwqc_96S_2025-01-13,41ihmnfb,Lab,3.38,0.25,0.0,0.0,3.63,20.0,23.63,69.0,14.0
0ry2mwqc,0ry2mwqc_03T_2025-01-13,2woelkoy,Lab,3.43,0.25,0.0,0.0,3.68,20.0,23.68,61.0,2.0
0ry2mwqc,0ry2mwqc_21M_2025-01-13,igcecwh7,Lab,3.45,0.25,0.0,0.0,3.7,20.0,23.7,43.0,5.0
0ry2mwqc,0ry2mwqc_51E_2025-01-13,cfz55odj,Lab,3.44,0.25,0.0,0.0,3.69,20.0,23.69,60.0,4.0
0ry2mwqc,0ry2mwqc_74J_2025-01-13,k88pcb0f,Lab,3.44,0.14,0.0,0.0,3.58,20.0,23.58,58.0,4.0
0ry2mwqc,0ry2mwqc_72X_2025-01-13,0edjry38,Lab,3.34,0.13,0.0,0.0,3.47,20.0,23.47,83.0,9.0
0ry2mwqc,0ry2mwqc_62D_2025-01-13,ydnyvaa4,Lab,3.29,0.13,0.0,0.0,3.42,20.0,23.42,64.0,11.0
0ry2mwqc,0ry2mwqc_21H_2025-01-13,sxv27ohz,Lab,3.51,0.25,0.0,0.0,3.76,20.0,23.759999999999998,69.0,14.0
0ry2mwqc,0ry2mwqc_19T_2025-01-13,o4mk20fm,Lab,3.16,0.1,0.0,0.0,3.26,20.0,23.259999999999998,60.0,16.0
0ry2mwqc,0ry2mwqc_07O_2025-01-13,snimy46y,Lab,3.5,0.25,0.0,0.0,3.75,20.0,23.75,60.0,5.0
0ry2mwqc,0ry2mwqc_77V_2025-01-13,ray4monl,Lab,3.21,0.09,0.0,0.0,3.3,20.0,23.3,48.0,15.0
0ry2mwqc,0ry2mwqc_04G_2025-01-13,kf318byp,Lab,3.5,0.25,0.0,0.0,3.75,20.0,23.75,59.0,9.0
0ry2mwqc,0ry2mwqc_45F_2025-01-13,ixny8wgk,Lab,3.25,0.13,0.0,0.0,3.38,20.0,23.38,83.0,7.0
0ry2mwqc,0ry2mwqc_34J_2025-01-13,17mmy9aq,Lab,3.44,0.25,0.0,0.0,3.69,20.0,23.69,59.0,13.0
0ry2mwqc,0ry2mwqc_47W_2025-01-13,jkyu13nf,Lab,3.37,0.16,0.0,0.0,3.53,20.0,23.53,60.0,12.0
uo4ihlcd,uo4ihlcd_17S_2025-01-16,lrcnkwk5,Lab,3.24,0.0,0.0,0.0,3.24,20.0,23.240000000000002,59.0,4.0
uo4ihlcd,uo4ihlcd_22F_2025-01-16,64wae3gb,Lab,3.41,0.0,0.0,0.0,3.41,20.0,23.41,53.0,9.0
uo4ihlcd,uo4ihlcd_61U_2025-01-16,ygihjvmc,Lab,3.29,0.0,0.0,0.0,3.29,20.0,23.29,53.0,5.0
uo4ihlcd,uo4ihlcd_13N_2025-01-16,0bci8ox1,Lab,3.33,0.01,0.0,0.0,3.34,20.0,23.34,57.0,7.0
uo4ihlcd,uo4ihlcd_84M_2025-01-16,djmwcno0,Lab,3.25,0.09,0.0,0.0,3.34,20.0,23.34,60.0,5.0
uo4ihlcd,uo4ihlcd_53A_2025-01-16,uk4yqhhb,Lab,3.39,0.13,0.0,0.0,3.52,20.0,23.52,58.0,3.0
uo4ihlcd,uo4ihlcd_85J_2025-01-16,tetd7ktv,Lab,3.41,0.05,0.0,0.0,3.46,20.0,23.46,58.0,1.0
uo4ihlcd,uo4ihlcd_02E_2025-01-16,lhv17uxr,Lab,3.2,0.05,0.0,0.0,3.25,20.0,23.25,57.0,7.0
uo4ihlcd,uo4ihlcd_32Q_2025-01-16,uf6m8kcd,Lab,3.5,0.16,0.0,0.0,3.66,20.0,23.66,43.0,4.0
uo4ihlcd,uo4ihlcd_29M_2025-01-16,h7kvth1z,Lab,3.6,0.19,0.0,0.0,3.79,20.0,23.79,54.0,10.0
uo4ihlcd,uo4ihlcd_95P_2025-01-16,5ej7cad1,Lab,3.36,0.07,0.0,0.0,3.43,20.0,23.43,74.0,15.0
uo4ihlcd,uo4ihlcd_20J_2025-01-16,uvs9bh75,Lab,3.45,0.13,0.0,0.0,3.58,20.0,23.58,58.0,9.0
uo4ihlcd,uo4ihlcd_50J_2025-01-16,q9jbpn91,Lab,3.27,0.09,0.0,0.0,3.36,20.0,23.36,37.0,8.0
uo4ihlcd,uo4ihlcd_81A_2025-01-16,eb70piia,Lab,3.05,0.13,0.0,0.0,3.18,20.0,23.18,47.0,10.0
uo4ihlcd,uo4ihlcd_52J_2025-01-16,d43p8kej,Lab,3.09,0.11,0.0,0.0,3.2,20.0,23.2,50.0,11.0
uo4ihlcd,uo4ihlcd_23W_2025-01-16,x655ejk3,Lab,3.43,0.15,0.0,0.0,3.58,20.0,23.58,48.0,6.0
uo4ihlcd,uo4ihlcd_60U_2025-01-16,aswurzsk,Lab,3.49,0.07,0.0,0.0,3.56,20.0,23.56,48.0,4.0
uo4ihlcd,uo4ihlcd_49A_2025-01-16,w7j4wsrr,Lab,3.61,0.14,0.0,0.0,3.75,20.0,23.75,55.0,8.0
uo4ihlcd,uo4ihlcd_75A_2025-01-16,ykscvftn,Lab,3.28,0.06,0.0,0.0,3.34,20.0,23.34,52.0,8.0
uo4ihlcd,uo4ihlcd_31V_2025-01-16,e65e310g,Lab,3.55,0.05,0.0,0.0,3.6,20.0,23.6,47.0,4.0
uo4ihlcd,uo4ihlcd_59J_2025-01-16,hswzdpnj,Lab,3.17,0.11,0.0,0.0,3.28,20.0,23.28,78.0,9.0
uo4ihlcd,uo4ihlcd_78M_2025-01-16,xnp7p4ve,Lab,3.31,0.1,0.0,0.0,3.41,20.0,23.41,63.0,9.0
uo4ihlcd,uo4ihlcd_21O_2025-01-16,rer3c3jc,Lab,3.62,0.24,0.0,0.0,3.86,20.0,23.86,63.0,9.0
uo4ihlcd,uo4ihlcd_94F_2025-01-16,otmyhnot,Lab,3.23,0.14,0.0,0.0,3.37,20.0,23.37,65.0,8.0
