1720554873.000000, 1720554873.000000, 1720554873.000000
32.000000, 32.000000, 32.000000
-28,-32,48
-28,-31,49
-26,-31,50
-26,-32,50
-29,-29,51
-23,-30,52
-25,-30,50
-26,-30,50
-26,-30,50
-26,-31,50
-26,-30,50
-24,-31,50
-25,-31,50
-26,-30,51
-25,-30,51
-26,-30,50
-26,-30,50
-26,-30,50
-26,-30,50
-25,-31,50
-26,-30,50
-26,-31,50
-25,-31,50
-25,-30,50
-26,-31,49
-26,-30,50
-26,-31,50
-26,-31,49
-26,-31,50
-26,-30,50
-27,-30,50
-26,-31,49
-26,-30,50
-26,-30,50
-25,-31,50
-26,-31,50
-26,-31,50
-26,-30,50
-26,-31,50
-26,-30,50
-26,-31,49
-26,-31,50
-26,-30,50
-26,-30,50
-26,-31,50
-26,-31,50
-27,-30,50
-26,-31,49
-26,-30,50
-26,-30,50
-26,-31,50
-26,-31,50
-26,-30,50
-27,-30,49
-26,-31,49
-27,-31,50
-27,-30,50
-26,-31,49
-26,-30,50
-26,-31,50
-26,-31,50
-27,-30,50
-26,-30,50
-26,-30,50
-27,-30,49
-26,-31,50
-27,-30,50
-26,-30,50
-26,-31,50
-26,-31,50
-26,-31,50
-26,-31,50
-26,-30,49
-26,-31,50
-26,-30,50
-27,-31,50
-27,-31,50
-26,-30,49
-26,-30,50
-27,-31,49
-27,-30,50
-26,-30,50
-26,-30,50
-26,-31,50
-26,-31,50
-26,-30,50
-27,-30,50
-26,-30,50
-27,-30,49
-26,-30,49
-27,-30,50
-27,-30,50
-26,-31,50
-26,-31,50
-26,-31,50
-26,-31,49
-27,-31,50
-26,-30,50
-27,-31,50
-26,-31,49
-26,-31,50
-26,-30,50
-26,-30,50
-26,-31,50
-26,-31,50
-27,-31,49
-26,-31,50
-26,-31,50
-26,-30,50
-26,-30,49
-26,-31,49
-26,-30,50
-26,-30,49
-26,-31,50
-26,-31,50
-27,-31,49
-27,-30,49
-26,-31,50
-26,-31,50
-27,-31,50
-26,-31,49
-26,-31,50
-27,-31,50
-27,-31,49
-27,-31,50
-27,-31,49
-27,-30,49
-26,-31,50
-26,-31,50
-26,-31,50
-27,-31,49
-26,-31,50
-26,-31,50
-27,-31,49
-26,-31,49
-26,-31,50
-26,-31,49
-27,-31,50
-26,-31,50
-26,-31,50
-27,-31,49
-26,-31,50
-26,-31,49
-26,-31,49
-26,-31,50
-26,-31,50
-27,-30,49
-27,-31,49
-26,-31,49
-26,-31,49
-26,-31,50
-27,-31,49
-27,-31,49
-26,-31,50
-26,-30,50
-26,-30,50
-27,-31,49
-26,-31,49
-26,-31,50
-27,-31,49
-26,-31,49
-26,-31,49
-26,-30,50
-27,-31,49
-26,-31,50
-26,-31,50
-26,-31,50
-26,-31,49
-26,-31,50
-26,-31,49
-26,-31,50
-26,-31,50
-26,-30,49
-27,-31,50
-26,-31,49
-27,-31,50
-26,-30,50
-26,-31,49
-27,-31,49
-26,-31,50
-26,-31,50
-26,-31,49
-26,-31,50
-27,-31,50
-27,-31,49
-26,-30,50
-26,-31,50
-26,-31,50
-27,-31,49
-26,-31,49
-26,-31,50
-26,-31,50
-26,-31,50
-26,-31,49
-26,-31,50
-27,-30,49
-26,-31,50
-26,-31,50
-27,-31,50
-26,-30,50
-26,-30,49
-26,-30,50
-26,-31,50
-27,-31,50
-26,-31,49
-26,-31,50
-27,-31,49
-26,-31,49
-26,-30,50
-27,-31,50
-26,-31,50
-26,-31,50
-27,-31,49
-26,-31,50
-26,-31,50
-27,-31,50
-27,-30,50
-26,-31,50
-26,-30,50
-26,-31,49
-26,-31,50
-27,-31,49
-26,-31,49
-26,-31,50
-27,-31,50
-26,-31,50
-26,-31,50
-26,-31,50
-26,-31,50
-26,-31,49
-27,-31,49
-26,-31,49
-26,-31,50
-26,-31,49
-26,-31,49
-26,-31,49
-26,-31,49
-26,-31,50
-26,-31,49
-26,-31,49
-27,-31,50
-26,-31,49
-27,-31,49
-26,-31,50
-26,-31,49
-26,-31,50
-26,-31,49
-26,-31,49
-26,-31,49
-26,-31,50
-26,-31,49
-26,-31,49
-26,-31,49
-26,-31,49
-26,-31,50
-26,-31,49
-27,-31,50
-26,-31,49
-26,-31,50
-26,-31,49
-26,-31,49
-27,-31,50
-27,-31,49
-26,-31,50
-26,-31,49
-27,-31,49
-26,-31,49
-27,-31,49
-26,-31,49
-26,-31,50
-26,-31,50
-26,-31,49
-26,-31,49
-26,-31,49
-26,-31,50
-26,-31,49
-26,-31,49
-26,-31,50
-27,-31,49
-26,-31,50
-27,-31,49
-26,-31,50
-26,-31,49
-26,-31,49
-26,-31,50
-27,-31,49
-26,-31,49
-26,-30,49
-26,-31,49
-26,-31,49
-27,-31,49
-26,-31,49
-26,-31,50
-26,-31,50
-26,-31,50
-26,-31,49
-26,-31,49
-26,-31,49
-27,-31,49
-27,-31,49
-26,-31,50
-26,-31,49
-27,-31,49
-26,-31,49
-26,-31,50
-26,-31,50
-26,-31,49
-27,-31,50
-26,-31,50
-27,-31,50
-26,-30,49
-26,-31,49
-26,-31,50
-26,-31,49
-26,-31,50
-26,-31,49
-26,-31,49
-26,-31,50
-27,-31,49
-26,-31,50
-26,-31,50
-26,-31,49
-27,-31,49
-26,-31,49
-26,-31,50
-27,-31,49
-27,-31,49
-26,-31,49
-26,-31,50
-26,-31,50
-26,-31,49
-26,-31,50
-27,-31,50
-27,-31,49
-27,-30,49
-26,-31,50
-27,-31,49
-26,-31,49
-26,-31,50
-26,-31,49
-26,-31,50
-27,-31,49
-26,-31,50
-26,-31,50
-27,-31,49
-27,-31,49
-26,-31,50
-27,-31,49
-26,-31,49
-26,-31,50
-27,-31,49
-26,-31,49
-27,-30,49
-26,-31,49
-27,-31,49
-26,-31,50
-27,-31,49
-27,-31,50
-26,-31,50
-27,-31,49
-26,-31,49
-26,-31,49
-26,-31,49
-26,-31,49
-26,-31,49
-27,-31,49
-27,-31,49
-26,-31,49
-26,-31,49
-27,-31,49
-27,-31,49
-26,-31,49
-27,-31,49
-26,-31,49
-26,-31,49
-27,-31,49
-26,-30,49
-27,-31,49
-27,-31,50
-27,-31,50
-26,-31,49
-26,-31,49
-26,-31,49
-27,-31,49
-26,-31,50
-26,-31,49
-26,-31,49
-26,-31,50
-26,-31,50
-26,-31,49
-26,-31,49
-26,-31,50
-26,-31,49
-26,-31,49
-26,-31,49
-26,-31,49
-27,-31,49
-26,-31,49
-26,-31,49
-26,-31,49
-26,-31,49
-26,-31,50
-27,-31,49
-26,-31,49
-26,-31,49
-26,-31,49
-27,-31,50
-27,-31,49
-26,-31,50
-26,-31,50
-26,-31,49
-26,-31,50
-26,-31,49
-26,-31,49
-26,-31,49
-26,-31,50
-26,-31,49
-26,-31,49
-26,-31,50
-27,-31,49
-26,-31,50
-27,-31,49
-26,-31,49
-26,-31,50
-26,-31,49
-27,-32,50
-27,-31,50
-26,-30,49
-26,-31,50
-26,-31,49
-27,-31,49
-26,-31,49
-26,-31,49
-26,-31,49
-26,-31,49
-27,-31,49
-26,-31,50
-26,-31,50
-27,-31,49
-26,-31,49
-26,-31,50
-26,-31,49
-26,-31,49
-27,-31,49
-26,-31,49
-26,-31,49
-26,-31,50
-26,-31,49
-27,-31,50
-26,-31,49
-26,-31,49
-26,-31,49
-27,-31,49
-26,-31,49
-26,-31,50
-26,-31,50
-26,-31,50
-27,-31,50
-26,-31,49
-26,-31,49
-26,-31,49
-26,-31,49
-26,-31,50
-26,-31,50
-26,-31,49
-26,-31,49
-26,-31,50
-26,-31,49
-26,-31,49
-26,-31,49
-26,-31,49
-27,-31,49
-26,-31,49
-27,-31,49
-26,-31,50
-26,-31,50
-26,-31,49
-26,-31,50
-26,-31,49
-26,-31,49
-26,-31,49
-26,-31,49
-26,-31,49
-26,-31,49
-26,-31,49
-27,-31,49
-26,-31,49
-27,-31,49
-26,-31,49
-26,-31,49
-26,-31,49
-26,-31,49
-26,-31,49
-26,-31,50
-27,-31,50
-26,-31,49
-26,-31,49
-26,-31,49
-27,-31,49
-26,-31,49
-26,-31,50
-26,-31,50
-26,-31,49
-26,-31,50
-26,-31,49
-26,-31,49
-26,-31,50
-26,-31,50
-26,-31,50
-26,-31,49
-27,-31,49
-26,-31,50
-27,-31,49
-26,-31,49
-26,-31,49
-26,-31,50
-26,-31,50
-26,-31,49
-26,-31,49
-26,-31,49
-26,-31,49
-26,-31,49
-26,-31,50
-26,-31,49
-26,-31,49
-26,-31,49
-26,-31,50
-26,-31,49
-27,-31,49
-26,-31,50
-26,-31,50
-26,-31,49
-26,-31,50
-26,-31,50
-26,-31,50
-27,-31,49
-26,-31,49
-26,-31,49
-26,-31,49
-26,-31,49
-26,-31,50
-27,-31,50
-26,-31,49
-26,-30,50
-27,-31,49
-26,-32,49
-26,-31,50
-26,-31,49
-27,-31,49
-26,-31,49
-26,-31,50
-27,-31,49
-26,-31,49
-26,-31,50
-27,-31,49
-26,-31,50
-26,-31,49
-26,-31,49
-26,-31,50
-26,-31,49
-27,-31,49
-26,-31,50
-26,-31,49
-26,-31,49
-26,-31,50
-27,-31,49
-26,-31,49
-26,-31,50
-26,-31,49
-27,-31,50
-26,-31,49
-26,-31,50
-26,-31,49
-26,-31,50
-26,-31,50
-26,-31,49
-26,-31,49
-26,-31,50
-26,-31,49
-26,-31,49
-26,-31,49
-26,-31,49
-26,-31,49
-26,-31,49
-26,-31,49
-26,-31,49
-26,-31,49
-26,-31,49
-26,-31,49
-26,-31,49
-26,-31,49
-27,-31,50
-26,-31,49
-26,-31,49
-26,-31,50
-26,-31,49
-26,-31,49
-26,-31,50
-26,-31,49
-26,-31,49
-27,-31,49
-26,-31,49
-26,-31,49
-26,-31,49
-27,-31,49
-26,-31,49
-26,-31,49
-26,-31,49
-26,-31,49
-26,-31,49
-26,-31,49
-26,-31,50
-26,-31,49
-26,-31,49
-26,-31,49
-26,-31,50
-27,-31,49
-26,-31,49
-26,-31,50
-26,-31,49
-26,-31,49
-26,-31,49
-26,-31,50
-26,-31,49
-26,-31,49
-26,-31,49
-26,-31,50
-26,-31,49
-26,-31,49
-26,-31,49
-26,-31,50
-26,-31,50
-26,-31,49
-26,-31,49
-26,-31,49
-26,-31,49
-26,-31,49
-26,-31,50
-26,-31,50
-26,-32,49
-26,-31,49
-26,-31,50
-26,-31,49
-27,-31,49
-26,-31,49
-26,-31,49
-26,-31,49
-26,-31,49
-26,-31,49
-26,-31,49
-26,-31,49
-26,-31,49
-26,-31,49
-26,-31,49
-26,-31,49
-26,-31,49
-26,-32,50
-26,-31,50
-27,-31,49
-27,-31,49
-26,-31,49
-26,-31,49
-26,-32,49
-26,-31,49
-26,-31,50
-26,-31,50
-26,-31,49
-26,-31,49
-26,-31,49
-26,-31,50
-26,-31,49
-26,-31,49
-26,-31,49
-26,-31,49
-26,-31,50
-27,-31,49
-26,-31,49
-26,-31,49
-26,-31,50
-26,-32,49
-26,-31,49
-26,-31,49
-27,-31,49
-26,-31,49
-26,-31,49
-26,-31,49
-27,-31,49
-26,-31,49
-26,-31,49
-26,-31,50
-27,-31,49
-26,-31,50
-26,-31,49
-26,-31,49
-26,-31,49
-26,-31,49
-26,-31,49
-26,-31,49
-27,-31,50
-26,-31,49
-26,-31,49
-26,-31,49
-26,-31,50
-26,-31,49
-27,-31,50
-27,-31,50
-26,-31,49
-26,-31,50
-26,-31,49
-27,-31,49
-26,-31,50
-26,-31,49
-26,-31,50
-26,-31,49
-27,-31,49
-26,-31,49
-26,-31,49
-26,-31,50
-26,-31,49
-26,-31,49
-26,-31,50
-26,-31,49
-26,-31,49
-26,-31,50
-26,-31,49
-26,-31,50
-27,-32,49
-26,-31,50
-26,-31,49
-26,-31,49
-26,-31,50
-26,-31,50
-26,-31,50
-26,-31,49
-26,-31,49
-26,-32,50
-26,-31,50
-26,-31,50
-26,-31,50
-27,-31,50
-26,-31,49
-26,-31,50
-26,-31,49
-27,-31,49
-26,-31,49
-26,-31,50
-26,-31,49
-26,-31,50
-27,-31,50
-26,-31,50
-26,-31,49
-26,-31,49
-26,-31,50
-26,-31,49
-26,-31,49
-26,-31,50
-26,-31,49
-26,-31,50
-26,-31,49
-26,-31,49
-26,-31,50
-26,-31,49
-26,-31,49
-26,-31,50
-26,-31,49
-26,-31,49
-26,-31,50
-26,-31,50
-26,-31,50
-27,-31,49
-25,-31,50
-26,-31,50
-26,-31,50
-26,-31,49
-26,-31,50
-26,-31,50
-26,-31,50
-26,-30,50
-27,-31,49
-25,-31,50
-26,-32,50
-24,-31,52
-25,-31,53
-24,-30,52
-23,-30,51
-26,-30,49
-27,-30,50
-25,-31,51
-26,-32,50
-25,-35,51
-23,-35,51
-24,-36,47
-25,-36,45
-27,-37,45
-28,-35,46
-24,-35,49
-24,-35,48
-24,-37,47
-23,-37,47
-27,-43,44
-19,-32,51
-14,-39,49
-23,-38,46
-21,-35,47
-20,-31,46
-20,-27,48
-22,-21,51
-27,-18,54
-24,-14,55
-19,-15,54
-24,-13,58
-31,-7,61
-22,-14,57
-19,-13,58
-31,-5,61
-28,-8,60
-20,-14,60
-22,-12,60
-26,-13,58
-25,-13,59
-23,-12,59
-29,-10,59
-27,-14,58
-21,-14,60
-26,-11,60
-27,-12,59
-27,-13,58
-23,-15,58
-26,-14,58
-27,-14,57
-26,-13,58
-27,-14,57
-26,-14,56
-25,-14,56
-26,-14,55
-25,-17,55
-25,-16,55
-26,-17,56
-27,-19,56
-27,-17,57
-27,-17,57
-28,-18,56
-27,-17,55
-27,-16,55
-28,-16,55
-26,-17,56
-27,-18,57
-28,-17,57
-26,-17,57
-27,-18,57
-27,-18,56
-27,-18,56
-27,-18,56
-27,-18,55
-26,-17,56
-26,-18,56
-26,-18,56
-27,-18,56
-26,-18,56
-26,-18,56
-27,-18,56
-26,-18,56
-27,-18,56
-27,-18,56
-27,-18,55
-27,-18,55
-27,-19,55
-26,-19,55
-26,-20,55
-26,-19,55
-26,-19,55
-26,-19,55
-26,-19,56
-27,-19,55
-26,-18,56
-27,-18,56
-26,-18,56
-26,-17,56
-26,-17,56
-25,-18,56
-25,-18,57
-25,-18,57
-24,-17,57
-24,-18,56
-22,-18,56
-22,-17,57
-23,-18,58
-21,-17,57
-21,-17,57
-19,-17,56
-20,-16,56
-16,-15,61
-22,-9,65
-19,-15,61
-20,-15,58
-23,-15,56
-22,-17,57
-22,-18,59
-22,-16,61
-25,-18,58
-23,-16,59
-25,-19,57
-24,-20,56
-25,-21,53
-25,-20,53
-25,-20,54
-27,-19,55
-26,-19,55
-26,-18,56
-26,-17,57
-24,-17,58
-24,-17,59
-24,-16,58
-24,-12,59
-23,-14,60
-27,-13,59
-25,-13,59
-30,-16,58
-30,-20,59
-29,-20,57
-30,-23,55
-27,-23,55
-25,-24,54
-26,-29,51
-27,-28,46
-27,-29,45
-31,-44,46
-35,-44,47
-23,-31,51
-25,-29,45
-24,-31,44
-25,-35,42
-23,-39,44
-21,-41,44
-22,-40,42
-25,-42,42
-23,-44,41
-20,-42,41
-22,-42,40
-21,-44,38
-19,-44,38
-17,-45,38
-19,-45,38
-18,-45,37
-18,-45,38
-19,-45,39
-19,-44,39
-21,-45,39
-22,-45,40
-22,-44,41
-20,-44,41
-21,-44,42
-21,-44,41
-20,-44,41
-20,-44,40
-20,-44,41
-20,-44,41
-20,-44,41
-20,-44,41
-20,-44,41
-20,-44,41
-20,-44,40
-20,-45,40
-20,-44,40
-20,-45,40
-20,-45,40
-20,-44,40
-21,-44,41
-20,-44,41
-20,-44,41
-20,-44,41
-20,-44,41
-20,-44,41
-19,-44,41
-20,-44,41
-20,-44,42
-20,-44,41
-20,-44,41
-20,-44,41
-21,-44,41
-20,-44,41
-20,-44,41
-20,-44,41
-19,-45,40
-19,-45,41
-20,-44,40
-20,-44,41
-20,-44,41
-20,-44,41
-20,-45,41
-20,-44,40
-20,-44,41
-20,-44,41
-20,-44,41
-20,-44,41
-20,-44,41
-20,-44,41
-19,-44,41
-20,-44,41
-21,-44,41
-20,-44,41
-20,-44,41
-20,-44,41
-19,-44,41
-20,-44,41
-20,-44,41
-20,-44,41
-20,-44,41
-20,-44,41
-20,-44,41
-20,-44,41
-20,-44,41
-20,-44,41
-20,-44,41
-20,-44,41
-20,-44,42
-20,-44,41
-20,-43,41
-20,-44,42
-21,-44,41
-20,-44,41
-20,-44,41
-21,-44,41
-20,-44,41
-21,-45,41
-21,-44,41
-20,-45,41
-20,-45,40
-19,-45,41
-20,-46,40
-18,-46,39
-18,-46,39
-19,-47,38
-18,-48,36
-17,-48,36
-18,-50,34
-19,-49,34
-18,-50,33
-18,-50,33
-18,-51,32
-19,-51,32
-17,-52,32
-18,-51,31
-14,-52,31
-15,-53,29
-17,-53,30
-18,-53,29
-14,-53,29
-16,-54,28
-18,-53,27
-16,-54,27
-19,-54,26
-18,-54,26
-17,-54,26
-18,-54,25
-18,-54,25
-18,-54,25
-18,-54,25
-19,-54,25
-19,-55,25
-19,-54,24
-19,-54,24
-19,-55,23
-18,-54,24
-21,-55,23
-20,-55,24
-20,-55,24
-19,-54,24
-20,-55,25
-20,-54,25
-20,-54,24
-19,-54,25
-20,-55,25
-19,-55,24
-19,-54,24
-19,-54,24
-19,-55,24
-18,-54,25
-19,-55,25
-20,-54,25
-20,-54,25
-19,-55,25
-18,-54,25
-20,-55,25
-20,-55,25
-18,-54,25
-18,-54,26
-20,-55,25
-20,-54,25
-19,-55,25
-19,-54,25
-18,-54,25
-19,-54,25
-19,-54,25
-19,-54,25
-18,-55,25
-19,-54,25
-18,-55,25
-18,-55,25
-18,-54,25
-19,-54,25
-19,-55,25
-20,-54,25
-18,-54,25
-18,-55,25
-18,-54,25
-18,-55,25
-19,-54,25
-18,-54,25
-18,-55,25
-19,-54,25
-18,-55,25
-19,-54,25
-19,-55,25
-18,-54,26
-18,-54,26
-18,-54,25
-19,-54,26
-18,-55,25
-18,-54,26
-18,-54,26
-19,-54,26
-18,-54,26
-17,-54,26
-19,-55,26
-19,-54,26
-18,-54,26
-18,-55,26
-18,-54,26
-18,-54,26
-18,-55,26
-18,-54,26
-18,-55,26
-19,-54,26
-19,-54,26
-18,-54,26
-19,-55,26
-17,-54,26
-18,-54,26
-18,-54,26
-18,-54,26
-18,-54,26
-18,-54,26
-18,-54,26
-18,-54,26
-18,-54,26
-18,-54,26
-18,-54,26
-18,-54,26
-18,-54,26
-18,-54,26
-18,-54,26
-18,-54,26
-18,-54,26
-19,-54,26
-18,-54,26
-18,-54,26
-18,-54,26
-18,-54,26
-18,-54,26
-18,-54,26
-18,-54,26
-18,-54,26
-18,-55,26
-18,-54,26
-18,-54,26
-18,-55,26
-18,-54,26
-18,-54,26
-18,-54,26
-18,-54,26
-18,-54,26
-18,-54,26
-18,-54,26
-17,-54,27
-18,-54,26
-18,-54,26
-18,-54,26
-18,-54,26
-18,-54,27
-18,-54,27
-18,-54,27
-18,-52,28
-18,-53,28
-18,-52,28
-18,-51,29
-18,-53,29
-21,-49,30
-19,-50,31
-20,-46,33
-20,-42,35
-19,-43,36
-20,-42,38
-23,-43,39
-24,-43,39
-24,-42,36
-20,-38,36
-22,-43,42
-25,-39,45
-19,-38,45
-18,-38,49
-22,-37,49
-22,-36,49
-26,-34,51
-24,-33,53
-15,-32,55
-20,-30,54
-27,-29,55
-20,-28,59
-22,-26,55
-28,-26,52
-27,-24,56
-20,-25,59
-26,-25,55
-28,-26,53
-30,-26,52
-29,-27,52
-24,-27,53
-32,-25,54
-31,-25,53
-28,-25,53
-28,-26,54
-31,-25,52
-28,-25,51
-29,-25,51
-30,-25,51
-30,-25,50
-29,-25,50
-31,-29,48
-28,-29,46
-29,-30,46
-28,-30,47
-34,-28,48
-39,-29,44
-34,-30,44
-37,-31,42
-41,-34,39
-42,-33,36
-52,-28,35
-38,-27,44
-43,-28,41
-51,-31,34
-48,-30,31
-49,-31,31
-44,-31,33
-49,-31,32
-47,-33,28
-57,-30,27
-52,-30,26
-41,-31,24
-50,-30,22
-53,-31,24
-48,-33,26
-45,-33,26
-42,-32,26
-50,-26,32
-46,-27,39
-46,-25,40
-48,-27,38
-45,-27,38
-36,-27,44
-55,-29,31
-42,-28,27
-50,-33,21
-54,-34,17
-54,-33,15
-55,-33,14
-56,-32,12
-53,-34,11
-54,-30,10
-50,-33,7
-46,-34,8
-38,-37,12
-45,-38,11
-49,-30,23
-50,-28,26
-60,-27,21
-66,-25,25
-44,-26,36
-49,-21,34
-52,-24,29
-59,-20,30
-52,-23,32
-52,-23,29
-55,-24,26
-44,-23,31
-52,-29,22
-61,-32,10
-55,-32,12
-51,-31,11
-57,-33,9
-71,-31,9
-81,-31,5
-41,-37,7
-20,-36,23
-50,-17,46
-35,-22,57
-40,-28,45
-32,-31,37
-50,-27,17
-59,-17,19
-66,-22,12
-64,-22,13
-59,-22,5
-65,-22,5
-64,-22,11
-62,-25,5
-45,-28,1
-55,-26,-1
-61,-33,-11
-58,-30,-7
-62,-29,-4
-60,-28,-7
-62,-27,-9
-58,-25,-5
-61,-25,-4
-59,-23,-1
-57,-23,-1
-60,-24,-2
-61,-23,-1
-64,-25,-2
-60,-25,-1
-63,-22,-1
-59,-24,-1
-61,-25,-2
-60,-24,-2
-60,-24,0
-60,-24,0
-58,-23,2
-60,-24,1
-59,-26,-2
-58,-26,-2
-56,-24,0
-59,-24,0
-59,-26,-2
-59,-25,-2
-59,-25,0
-57,-23,1
-58,-22,0
-55,-25,0
-55,-22,2
-64,-22,-1
-58,-22,0
-66,-24,-4
-61,-23,-1
-64,-23,-4
-61,-22,-3
-60,-25,-4
-59,-25,-5
-57,-26,-9
-57,-26,-11
-53,-27,-13
-53,-26,-15
-56,-27,-19
-55,-27,-17
-56,-27,-18
-55,-28,-18
-56,-27,-16
-57,-26,-16
-56,-26,-18
-56,-26,-18
-57,-25,-18
-56,-25,-18
-56,-25,-19
-55,-25,-20
-57,-25,-20
-55,-25,-20
-57,-25,-21
-57,-25,-22
-55,-24,-20
-57,-24,-21
-57,-24,-21
-55,-23,-20
-56,-24,-20
-57,-23,-20
-57,-24,-20
-56,-23,-20
-57,-23,-20
-56,-23,-21
-57,-23,-21
-56,-23,-21
-56,-23,-21
-55,-24,-23
-57,-23,-22
-56,-24,-22
-55,-24,-21
-56,-23,-21
-56,-23,-22
-55,-23,-22
-55,-24,-24
-55,-23,-23
-54,-24,-25
-55,-23,-24
-54,-24,-25
-54,-24,-25
-54,-24,-25
-54,-24,-25
-54,-24,-25
-54,-24,-26
-55,-23,-26
-54,-23,-26
-53,-24,-26
-54,-23,-26
-53,-24,-26
-54,-24,-26
-54,-24,-27
-54,-24,-27
-53,-24,-27
-53,-24,-27
-53,-24,-27
-53,-24,-27
-53,-24,-27
-54,-24,-27
-52,-24,-27
-54,-24,-25
-54,-24,-25
-55,-23,-24
-55,-24,-24
-54,-24,-25
-54,-24,-26
-53,-24,-28
-53,-24,-27
-52,-25,-28
-53,-24,-27
-52,-25,-28
-53,-24,-28
-52,-25,-28
-53,-25,-28
-52,-24,-28
-53,-25,-29
-56,-25,-32
-57,-25,-32
-50,-25,-25
-56,-25,-26
-58,-27,-28
-52,-26,-22
-50,-23,-12
-60,-23,-11
-59,-22,-4
-57,-21,1
-60,-22,0
-61,-22,-2
-59,-22,-2
-57,-22,-4
-58,-23,-5
-61,-23,-9
-59,-24,-9
-56,-23,-11
-58,-23,-13
-57,-25,-19
-59,-24,-21
-55,-24,-21
-54,-23,-20
-56,-25,-26
-55,-25,-26
-55,-23,-24
-52,-24,-24
-54,-25,-28
-52,-25,-29
-53,-24,-25
-57,-23,-25
-53,-25,-27
-52,-24,-28
-55,-24,-28
-55,-24,-27
-54,-24,-27
-55,-24,-28
-53,-24,-27
-54,-23,-27
-55,-23,-27
-57,-24,-26
-52,-24,-25
-56,-24,-24
-55,-23,-23
-59,-23,-25
-63,-25,-26
-53,-21,-10
-57,-22,-10
-62,-24,-13
-58,-24,-8
-54,-23,-4
-61,-24,-8
-56,-23,-8
-53,-24,-9
-58,-25,-16
-60,-26,-19
-56,-25,-21
-57,-25,-22
-55,-25,-23
-54,-23,-23
-57,-23,-24
-52,-24,-23
-53,-25,-23
-58,-25,-23
-54,-25,-23
-57,-25,-25
-54,-24,-24
-56,-25,-24
-55,-25,-26
-59,-24,-28
-59,-25,-30
-50,-26,-26
-56,-27,-27
-56,-26,-20
-53,-23,-11
-57,-22,-7
-58,-22,-7
-62,-21,-7
-62,-21,-8
-55,-22,-4
-58,-23,-6
-64,-25,-10
-60,-26,-8
-60,-25,-6
-60,-26,-4
-60,-26,-2
-60,-24,2
-56,-21,10
-61,-21,10
-60,-21,11
-60,-20,13
-58,-20,13
-58,-22,12
-58,-22,11
-64,-21,10
-61,-23,12
-60,-22,14
-58,-21,17
-55,-22,16
-58,-21,18
-57,-20,16
-57,-21,17
-61,-23,13
-55,-24,19
-59,-20,23
-55,-21,21
-62,-21,10
-64,-21,5
-55,-25,-2
-54,-26,-7
-56,-28,-18
-53,-29,-19
-55,-29,-21
-53,-29,-22
-54,-29,-21
-55,-29,-21
-56,-29,-21
-54,-28,-20
-57,-27,-20
-56,-26,-20
-56,-26,-20
-56,-26,-20
-57,-25,-20
-55,-26,-21
-55,-27,-22
-53,-27,-22
-55,-27,-22
-54,-27,-22
-54,-27,-23
-54,-26,-21
-54,-26,-22
-54,-26,-22
-54,-27,-23
-53,-27,-23
-54,-27,-23
-53,-27,-23
-53,-27,-24
-54,-27,-24
-54,-27,-24
-54,-26,-24
-54,-27,-23
-53,-27,-24
-52,-27,-23
-52,-27,-24
-52,-27,-24
-53,-28,-25
-53,-27,-25
-53,-27,-24
-53,-27,-24
-52,-27,-24
-53,-27,-24
-53,-27,-25
-54,-27,-25
-54,-27,-25
-53,-26,-24
-54,-26,-24
-53,-26,-23
-54,-26,-23
-53,-26,-24
-54,-26,-23
-56,-25,-22
-54,-25,-23
-56,-25,-24
-55,-25,-22
-54,-24,-20
-57,-26,-24
-58,-26,-23
-58,-25,-20
-55,-24,-16
-59,-25,-18
-62,-26,-20
-54,-26,-13
-53,-26,-8
-62,-22,-8
-60,-23,-4
-53,-23,3
-63,-21,1
-55,-21,9
-56,-22,8
-57,-24,3
-54,-24,4
-54,-23,4
-58,-24,0
-62,-24,-7
-61,-22,-11
-59,-23,-15
-59,-22,-16
-59,-25,-22
-58,-25,-20
-58,-24,-20
-57,-25,-20
-57,-25,-19
-59,-23,-19
-59,-23,-18
-57,-23,-17
-57,-23,-17
-59,-22,-17
-60,-23,-19
-59,-24,-18
-57,-24,-16
-63,-23,-13
-62,-23,-10
-59,-23,-6
-60,-24,-4
-58,-23,-1
-60,-23,0
-58,-23,4
-58,-24,4
-57,-25,7
-57,-25,7
-58,-25,8
-57,-24,9
-58,-24,11
-57,-24,11
-58,-24,10
-60,-23,10
-60,-24,9
-59,-23,9
-59,-24,8
-64,-24,9
-58,-24,10
-61,-24,10
-62,-24,8
-56,-24,13
-57,-22,12
-57,-25,11
-53,-23,11
-56,-25,9
-58,-23,9
-57,-26,4
-53,-26,1
-57,-26,-10
-61,-28,-15
-55,-28,-18
-55,-28,-21
-55,-27,-24
-56,-28,-27
-51,-27,-22
-55,-28,-24
-55,-28,-22
-55,-26,-21
-57,-26,-21
-58,-25,-20
-54,-25,-19
-58,-25,-22
-56,-25,-20
-56,-24,-21
-57,-24,-21
-55,-24,-21
-53,-25,-22
-56,-24,-22
-55,-24,-22
-56,-25,-24
-59,-25,-26
-57,-27,-29
-54,-26,-27
-59,-24,-23
-57,-25,-20
-59,-25,-17
-53,-22,-12
-65,-21,-8
-70,-21,-5
-56,-18,2
-67,-18,0
-61,-18,5
-58,-20,4
-61,-19,3
-64,-21,1
-58,-22,2
-61,-23,0
-60,-23,1
-59,-22,0
-59,-22,1
-61,-23,0
-61,-22,0
-60,-22,1
-60,-23,-1
-59,-22,-1
-60,-23,-1
-62,-22,-4
-62,-23,-2
-61,-20,0
-62,-21,1
-59,-19,4
-61,-18,5
-55,-18,8
-59,-21,3
-61,-24,-4
-59,-24,-7
-60,-25,-17
-60,-23,-19
-54,-23,-22
-51,-26,-25
-55,-26,-27
-51,-27,-24
-53,-26,-23
-55,-27,-25
-55,-27,-24
-54,-25,-23
-58,-24,-24
-57,-24,-21
-55,-22,-20
-58,-24,-21
-56,-22,-19
-55,-23,-20
-53,-24,-19
-57,-25,-21
-55,-25,-21
-58,-23,-20
-58,-23,-21
-56,-23,-20
-55,-23,-21
-56,-23,-21
-56,-22,-21
-56,-23,-22
-57,-23,-21
-57,-23,-22
-55,-23,-22
-57,-23,-22
-56,-23,-23
-55,-23,-23
-56,-24,-23
-58,-24,-25
-59,-25,-28
-56,-26,-28
-58,-25,-24
-59,-25,-21
-60,-24,-13
-62,-22,-8
-58,-21,-1
-59,-20,1
-60,-19,5
-59,-18,9
-53,-18,12
-57,-20,10
-60,-21,8
-59,-21,12
-57,-22,11
-62,-22,10
-58,-22,10
-58,-23,9
-58,-22,9
-58,-22,9
-61,-22,5
-61,-21,5
-61,-21,5
-61,-23,4
-62,-23,3
-60,-21,8
-63,-19,10
-63,-18,12
-60,-19,13
-55,-19,10
-62,-21,4
-59,-23,-4
-56,-24,-8
-60,-25,-19
-55,-26,-21
-55,-26,-22
-52,-27,-25
-55,-27,-24
-56,-27,-25
-53,-27,-23
-55,-27,-23
-57,-27,-23
-55,-26,-22
-56,-25,-23
-56,-25,-25
-56,-25,-24
-53,-26,-24
-55,-25,-23
-57,-26,-22
-57,-26,-21
-61,-24,-17
-59,-25,-16
-54,-24,-9
-59,-21,-7
-67,-20,-7
-65,-18,-2
-53,-19,5
-52,-22,1
-61,-19,4
-61,-19,9
-62,-18,12
-64,-19,10
-62,-21,7
-61,-20,5
-58,-21,5
-58,-22,3
-59,-21,5
-60,-21,5
-60,-20,8
-60,-20,6
-62,-20,6
-57,-20,7
-60,-21,6
-60,-21,4
-60,-20,4
-60,-21,3
-64,-22,2
-60,-21,5
-61,-20,5
-61,-20,4
-61,-20,7
-56,-18,10
-67,-20,3
-61,-22,-4
-56,-23,-10
-65,-29,-20
-61,-29,-18
-63,-27,-12
-61,-25,-7
-61,-23,5
-66,-21,9
-60,-20,16
-58,-17,23
-52,-19,33
-45,-24,28
-46,-26,27
-43,-27,29
-43,-25,33
-49,-27,25
-50,-25,25
-56,-29,10
-58,-26,4
-45,-29,-3
-51,-32,-14
-59,-30,-19
-53,-27,-20
-59,-33,-26
-57,-32,-25
-55,-31,-24
-55,-30,-22
-57,-29,-23
-55,-29,-23
-54,-27,-20
-54,-27,-21
-55,-26,-23
-57,-26,-23
-55,-25,-22
-55,-25,-23
-54,-25,-26
-56,-25,-27
-53,-26,-28
-55,-25,-29
-57,-26,-28
-55,-26,-27
-57,-25,-26
-55,-24,-22
-55,-24,-21
-58,-25,-21
-54,-25,-18
-54,-25,-17
-55,-25,-19
-52,-26,-17
-54,-26,-17
-55,-25,-16
-59,-25,-20
-57,-24,-19
-60,-25,-20
-57,-23,-15
-59,-23,-16
-55,-24,-14
-59,-25,-16
-58,-24,-15
-61,-24,-16
-60,-24,-16
-62,-23,-13
-59,-24,-15
-57,-26,-17
-59,-28,-21
-59,-28,-20
-54,-31,-25
-55,-28,-16
-60,-30,-19
-51,-32,-14
-49,-31,-8
-59,-33,-19
-57,-31,-14
-55,-27,-1
-56,-26,6
-57,-35,-3
-45,-30,8
-57,-32,15
-41,-32,20
-49,-33,20
-55,-32,28
-37,-43,32
-36,-38,43
-32,-43,40
-17,-39,40
-6,-41,36
-14,-39,28
-26,-39,24
-32,-37,34
-29,-35,36
-27,-31,56
-29,-31,57
-21,-31,34
-33,-24,40
-40,-16,67
-38,-14,59
-44,-21,49
-50,-21,50
-40,-23,52
-37,-27,49
-33,-21,50
-38,-24,40
-30,-22,65
-24,-23,60
-34,-24,46
-33,-21,50
-27,-22,55
-30,-21,58
-34,-25,48
-38,-25,43
-34,-28,49
-29,-27,55
-41,-31,44
-39,-33,41
-34,-26,56
-31,-27,55
-21,-25,47
-31,-26,46
-29,-23,47
-25,-26,47
-43,-29,45
-58,-34,32
-45,-34,27
-24,-5,33
-55,6,1
-107,-31,-12
-111,-40,-8
-37,-40,6
-44,-44,4
-50,-50,-7
-35,-49,1
-31,-35,22
-31,-33,31
-31,-29,43
-36,-26,42
-41,-23,46
-36,-21,49
-35,-19,49
-36,-17,52
-33,-17,52
-35,-17,55
-36,-16,53
-32,-17,50
-35,-17,51
-38,-15,54
-33,-15,58
-32,-19,53
-35,-18,52
-33,-17,52
-30,-17,55
-36,-18,54
-37,-19,53
-34,-18,54
-35,-18,51
-35,-15,51
-37,-17,50
-37,-19,49
-37,-19,49
-37,-20,48
-38,-21,47
-39,-21,47
-38,-18,50
-36,-19,51
-38,-20,47
-39,-19,52
-37,-18,54
-34,-17,57
-33,-22,54
-35,-22,51
-24,-20,59
-23,-24,55
-36,-22,48
-34,-22,51
-38,-29,52
-40,-34,37
-21,-32,47
-21,-30,49
-17,-35,43
-18,-31,45
-12,-29,54
-21,-30,54
-26,-26,55
-31,-33,51
-22,-34,54
-16,-39,47
-40,-42,20
-22,-39,36
-15,-39,44
-20,-36,43
-18,-35,59
-17,-26,60
-27,-31,53
-28,-29,57
-29,-26,61
-35,-31,43
-39,-28,45
-21,-27,58
-27,-29,46
-48,-27,45
-35,-30,54
-19,-36,61
-31,-44,40
-37,-48,39
-19,-51,46
-7,-48,49
-15,-46,44
-27,-47,25
-23,-47,26
-22,-40,18
-21,-42,13
-31,-40,5
-35,-38,5
-20,-37,6
-30,-38,-2
-36,-39,-1
-34,-38,0
-43,-39,1
-43,-38,3
-47,-39,2
-56,-38,4
-60,-32,7
-67,-33,9
-71,-33,8
-70,-26,8
-75,-23,13
-69,-23,11
-65,-23,7
-63,-21,8
-65,-21,7
-60,-20,7
-57,-20,7
-61,-21,9
-70,-26,-1
-71,-30,-1
-72,-26,-2
-56,-25,0
-67,-29,-4
-54,-26,0
-55,-26,-6
-66,-20,-3
-66,-21,-2
-55,-24,-4
-57,-23,-3
-54,-19,9
-58,-19,8
-63,-18,6
-60,-21,5
-57,-22,7
-62,-20,9
-65,-22,5
-57,-23,4
-54,-26,1
-58,-24,1
-58,-22,0
-59,-24,4
-64,-23,4
-57,-23,3
-61,-22,3
-63,-20,9
-59,-21,8
-63,-23,5
-65,-23,6
-63,-24,8
-56,-24,7
-57,-23,12
-56,-23,12
-59,-28,10
-61,-23,16
-58,-21,16
-61,-20,14
-62,-21,17
-51,-21,27
-54,-20,27
-56,-20,29
-57,-21,31
-52,-22,33
-54,-23,32
-48,-26,29
-42,-25,31
-50,-26,21
-57,-28,16
-52,-25,17
-56,-26,14
-65,-27,9
-56,-27,14
-53,-28,14
-57,-28,13
-60,-25,16
-55,-27,18
-56,-24,18
-59,-24,18
-56,-26,18
-56,-25,17
-56,-26,17
-56,-25,17
-57,-24,17
-57,-26,17
-55,-24,19
-58,-24,17
-56,-23,18
-56,-24,18
-57,-24,18
-56,-22,21
-57,-24,21
-58,-24,21
-56,-24,21
-54,-23,24
-52,-26,23
-55,-26,24
-53,-25,29
-49,-26,33
-47,-27,35
-47,-24,33
-49,-25,32
-41,-25,38
-42,-26,41
-50,-24,43
-47,-26,38
-44,-24,36
-43,-24,38
-48,-24,37
-46,-25,36
-45,-24,38
-46,-25,37
-44,-25,38
-46,-24,37
-47,-25,37
-46,-25,37
-45,-25,38
-46,-26,37
-46,-26,37
-45,-25,38
-45,-26,38
-45,-26,36
-45,-26,37
-47,-26,36
-45,-26,38
-42,-26,39
-46,-27,36
-48,-26,35
-49,-24,33
-47,-24,34
-48,-25,34
-47,-25,35
-46,-26,36
-47,-27,36
-44,-26,38
-47,-27,36
-46,-27,36
-44,-26,37
-44,-25,38
-44,-27,38
-45,-26,37
-46,-27,36
-45,-26,37
-45,-26,36
-45,-26,38
-44,-25,37
-48,-26,36
-48,-26,34
-47,-27,32
-46,-27,32
-50,-26,34
-47,-25,36
-48,-25,38
-45,-25,37
-47,-24,38
-47,-23,40
-43,-24,42
-44,-23,41
-42,-25,39
-45,-25,39
-44,-25,39
-45,-25,38
-44,-25,38
-45,-25,38
-46,-25,39
-43,-24,39
-44,-24,40
-44,-24,40
-44,-24,39
-44,-23,41
-43,-24,41
-45,-23,41
-44,-23,42
-44,-24,40
-45,-23,40
-43,-24,40
-44,-24,40
-43,-24,40
-44,-24,40
-44,-24,40
-44,-24,40
-43,-24,40
-43,-24,40
-44,-24,40
-43,-24,40
-43,-24,40
-43,-24,40
-43,-24,40
-44,-24,40
-44,-24,41
-43,-24,40
-44,-24,40
-43,-25,40
-43,-24,41
-44,-24,40
-44,-24,40
-44,-24,40
-43,-24,40
-43,-24,40
-43,-24,41
-44,-25,41
-43,-25,41
-43,-23,41
-43,-23,40
-45,-24,40
-44,-24,40
-43,-24,41
-43,-24,41
-44,-24,40
-43,-24,41
-43,-24,40
-44,-23,40
-43,-24,40
-44,-25,41
-43,-25,41
-43,-24,40
-44,-24,40
-44,-24,40
-43,-23,40
-44,-24,41
-44,-25,40
-43,-24,41
-43,-24,40
-44,-24,40
-44,-24,40
-43,-23,40
-43,-24,40
-44,-24,41
-43,-25,41
-43,-24,40
-43,-24,40
-44,-24,41
-43,-24,41
-44,-23,40
-44,-24,40
-43,-24,41
-43,-24,41
-43,-24,41
-44,-24,40
-44,-24,40
-43,-24,41
-43,-24,41
-44,-24,40
-44,-24,40
-43,-24,41
-43,-23,41
-44,-24,40
-43,-24,40
-43,-24,41
-43,-24,41
-44,-24,40
-44,-24,40
-44,-25,41
-43,-24,41
-44,-23,40
-44,-24,40
-43,-25,41
-43,-24,41
-44,-24,40
-44,-24,40
-43,-24,41
-44,-24,41
-44,-24,40
-44,-24,40
-43,-24,40
-43,-23,41
-44,-24,41
-44,-24,41
-43,-24,41
-43,-24,41
-44,-24,41
-43,-23,40
-44,-23,40
-43,-24,41
-44,-24,40
-43,-24,41
-43,-25,41
-43,-24,40
-44,-24,40
-43,-24,40
-44,-24,41
-43,-24,41
-43,-24,40
-44,-24,40
-44,-25,41
-43,-24,41
-43,-24,40
-43,-23,40
-44,-24,40
-44,-24,40
-43,-24,41
-43,-24,41
-43,-24,41
-44,-24,40
-44,-23,40
-44,-23,40
-43,-25,41
-43,-25,42
-42,-24,42
-43,-24,40
-45,-23,40
-44,-24,40
-43,-25,42
-42,-25,42
-45,-23,39
-45,-24,40
-43,-25,41
-42,-24,41
-44,-24,40
-44,-24,40
-43,-25,41
-44,-24,41
-44,-23,41
-43,-23,40
-43,-25,40
-41,-25,43
-40,-25,42
-44,-23,40
-44,-24,40
-44,-24,41
-43,-24,41
-43,-24,42
-43,-23,42
-42,-23,42
-43,-24,41
-45,-25,39
-45,-25,38
-44,-25,37
-45,-25,38
-44,-24,40
-43,-24,40
-47,-23,38
-45,-23,37
-44,-25,34
-48,-25,38
-36,-24,45
-38,-27,47
-37,-24,52
-33,-24,53
-32,-23,49
-33,-23,48
-36,-25,47
-37,-24,48
-36,-24,48
-34,-23,50
-35,-23,50
-36,-24,47
-36,-23,47
-37,-24,47
-35,-24,48
-35,-24,48
-36,-24,47
-38,-24,47
-36,-24,48
-36,-23,48
-36,-24,47
-37,-24,48
-36,-24,48
-36,-23,48
-35,-23,48
-37,-23,47
-37,-24,48
-36,-24,48
-35,-24,48
-36,-23,47
-36,-24,48
-36,-24,48
-35,-24,48
-36,-24,48
-36,-23,47
-37,-24,47
-35,-24,48
-36,-24,48
-36,-24,47
-36,-23,47
-35,-23,48
-36,-23,48
-36,-24,48
-36,-24,48
-36,-23,47
-36,-24,47
-36,-24,47
-36,-24,48
-35,-24,48
-36,-24,48
-36,-23,48
-36,-23,47
-36,-24,48
-36,-24,48
-36,-24,48
-36,-23,48
-36,-23,47
-36,-24,48
-36,-24,48
-35,-24,48
-36,-24,48
-37,-24,48
-37,-23,47
-35,-24,48
-36,-24,48
-36,-24,48
-36,-24,48
-36,-24,48
-36,-24,48
-36,-24,48
-36,-24,48
-36,-23,48
-36,-23,48
-35,-24,48
-36,-24,48
-36,-24,48
-36,-23,48
-36,-24,48
-36,-23,48
-36,-23,48
-36,-24,48
-36,-24,48
-35,-24,48
-36,-23,48
-36,-24,48
-36,-24,48
-35,-24,48
-36,-23,48
-36,-24,48
-36,-24,48
-35,-23,47
-36,-24,47
-36,-25,48
-35,-23,48
-36,-23,48
-36,-24,48
-36,-24,48
-35,-24,48
-36,-24,48
-36,-24,48
-36,-24,48
-36,-24,48
-37,-23,47
-36,-24,48
-36,-23,48
-36,-24,48
-35,-25,48
-36,-23,48
-36,-23,47
-35,-24,48
-35,-24,48
-36,-24,48
-37,-24,47
-36,-24,48
-35,-24,48
-36,-24,48
-36,-23,48
-36,-24,47
-36,-24,48
-35,-24,48
-36,-23,48
-36,-23,47
-36,-24,48
-36,-24,48
-36,-24,48
-36,-24,48
-36,-24,48
-35,-24,48
-36,-24,48
-35,-23,48
-36,-24,48
-36,-24,48
-36,-23,47
-36,-23,48
-36,-25,48
-35,-24,48
-37,-23,47
-37,-23,47
-35,-24,48
-35,-24,49
-36,-24,48
-37,-23,48
-36,-24,48
-35,-23,48
-36,-24,48
-36,-24,48
-36,-23,47
-37,-23,47
-36,-24,48
-35,-24,48
-36,-23,47
-36,-23,47
-36,-24,48
-36,-24,48
-36,-24,47
-35,-24,48
-35,-24,48
-36,-24,48
-36,-23,48
-36,-23,48
-36,-23,48
-35,-24,48
-35,-24,48
-36,-24,48
-35,-23,48
-36,-23,47
-36,-23,48
-35,-24,48
-36,-24,48
-36,-23,47
-37,-23,47
-35,-24,49
-35,-24,49
-37,-24,47
-36,-23,47
-35,-23,48
-36,-24,47
-35,-24,48
-36,-24,48
-36,-23,48
-36,-23,48
-36,-23,48
-35,-24,48
-35,-24,48
-36,-24,48
-35,-23,48
-36,-23,48
-36,-24,48
-35,-23,48
-36,-23,48
-36,-25,48
-36,-24,48
-35,-23,48
-36,-23,48
-36,-24,48
-36,-24,48
-36,-24,48
-36,-24,48
-36,-23,47
-36,-23,47
-36,-24,48
-36,-24,48
-35,-24,48
-36,-23,48
-36,-24,48
-36,-24,48
-36,-24,48
-36,-24,48
-35,-24,48
-36,-23,48
-36,-23,47
-35,-24,48
-36,-24,48
-35,-24,48
-35,-23,48
-36,-24,48
-36,-24,48
-36,-23,48
-36,-23,48
-35,-24,48
-35,-24,48
-36,-24,48
-36,-24,48
-35,-23,48
-36,-24,48
-36,-24,48
-36,-24,48
-36,-23,48
-36,-23,47
-35,-24,48
-36,-24,48
-35,-24,48
-36,-24,48
-36,-24,48
-36,-23,47
-36,-23,48
-35,-24,48
-36,-24,48
-35,-24,48
-35,-24,48
-35,-24,48
-35,-23,48
-36,-24,48
-35,-24,48
-36,-24,48
-36,-24,48
-36,-23,48
-36,-24,48
-36,-24,48
-36,-24,48
-35,-24,48
-36,-23,48
-36,-24,48
-35,-23,48
-37,-24,48
-35,-24,48
-35,-23,48
-36,-23,47
-36,-24,48
-35,-24,49
-36,-24,48
-36,-23,48
-35,-23,48
-35,-23,48
-36,-23,47
-37,-24,47
-35,-24,49
-35,-24,48
-36,-23,48
-36,-24,48
-36,-23,48
-36,-24,48
-36,-24,48
-35,-23,48
-36,-23,48
-36,-24,48
-35,-24,49
-36,-24,48
-36,-24,48
-35,-23,48
-36,-24,48
-35,-24,48
-36,-23,47
-37,-23,47
-35,-24,48
-35,-24,49
-36,-24,47
-37,-23,47
-35,-24,48
-35,-24,48
-36,-24,48
-35,-24,48
-35,-23,48
-36,-23,47
-36,-24,48
-35,-24,49
-35,-24,48
-36,-23,48
-36,-24,48
-35,-24,48
-36,-24,48
-36,-23,47
-36,-23,48
-35,-23,48
-36,-24,48
-35,-23,48
-36,-23,47
-36,-23,48
-35,-24,48
-36,-24,48
-36,-23,48
-36,-23,48
-36,-24,48
-36,-23,48
-36,-23,48
-36,-24,48
-36,-24,49
-35,-23,47
-37,-23,46
-35,-24,48
-35,-24,49
-37,-24,48
-35,-24,47
-36,-23,48
-36,-24,48
-36,-23,48
-36,-23,47
-36,-24,48
-35,-24,48
-37,-24,48
-37,-23,47
-36,-22,47
-37,-25,47
-37,-25,47
-38,-23,48
-36,-21,50
-36,-23,46
-39,-23,45
-40,-26,44
-40,-25,44
-38,-25,43
-40,-23,44
-39,-24,45
-38,-23,46
-39,-24,45
-39,-25,45
-39,-24,46
-38,-23,46
-38,-23,45
-39,-23,45
-39,-24,45
-39,-24,46
-39,-24,45
-39,-24,45
-39,-24,45
-39,-23,45
-39,-24,45
-39,-24,45
-39,-24,45
-39,-25,46
-39,-24,45
-39,-23,45
-39,-23,45
-38,-24,45
-38,-24,46
-39,-24,45
-39,-24,45
-39,-23,45
-38,-23,45
-39,-23,45
-39,-24,45
-38,-24,45
-39,-24,45
-39,-24,45
-39,-24,45
-39,-23,45
-39,-23,45
-39,-24,45
-38,-24,46
-39,-24,45
-38,-24,45
-39,-24,45
-39,-23,45
-39,-24,45
-39,-23,45
-39,-23,45
-39,-24,45
-39,-24,46
-39,-24,45
-39,-24,45
-39,-23,45
-39,-23,45
-39,-24,46
-39,-25,46
-38,-23,47
-39,-23,48
-39,-24,46
-40,-25,44
-42,-25,41
-42,-24,41
-40,-25,41
-39,-24,40
-48,-24,40
-44,-26,41
-41,-27,41
-50,-28,36
-49,-30,34
-42,-29,36
-39,-29,37
-38,-30,35
-39,-28,34
-45,-27,29
-54,-28,29
-52,-17,38
-53,-15,42
-59,-11,44
-53,-17,45
-48,-14,50
-36,-20,49
-38,-23,37
-40,-28,31
-23,-29,44
-17,-30,44
-20,-34,48
-12,-32,56
-18,-32,54
-28,-34,51
-30,-32,52
-26,-33,52
-32,-30,47
-36,-29,46
-37,-27,46
-33,-27,48
-36,-27,48
-31,-27,46
-34,-28,46
-36,-27,48
-34,-27,48
-35,-28,47
-35,-26,48
-34,-27,48
-36,-28,47
-34,-26,46
-34,-27,46
-36,-27,47
-37,-27,47
-34,-27,48
-33,-26,48
-35,-25,48
-37,-27,47
-36,-27,45
-36,-26,47
-39,-27,48
-38,-28,46
-34,-27,42
-32,-23,45
-38,-29,47
-38,-22,43
-34,-24,46
-40,-27,48
-44,-28,38
-39,-30,39
-36,-29,42
-46,-27,49
-47,-27,54
-39,-27,52
-27,-25,50
-19,-20,47
-30,-23,41
-33,-32,31
-38,-31,36
-35,-29,39
-26,-31,38
-60,-22,36
-67,-26,36
-40,-29,35
-44,-29,34
-56,-21,47
-37,-19,52
-37,-24,48
-39,-20,45
-38,-20,46
-42,-20,44
-42,-21,45
-45,-22,45
-39,-23,44
-40,-22,45
-43,-22,44
-42,-21,45
-40,-20,46
-40,-21,45
-40,-21,46
-40,-21,46
-37,-23,47
-42,-23,46
-40,-21,45
-40,-22,45
-39,-22,45
-39,-22,47
-37,-22,47
-38,-22,46
-40,-21,46
-37,-21,49
-39,-21,47
-37,-21,47
-37,-21,48
-39,-21,47
-38,-21,47
-39,-20,48
-39,-21,48
-38,-21,48
-38,-21,47
-39,-21,47
-38,-21,47
-38,-21,48
-38,-21,47
-38,-21,47
-38,-21,48
-38,-21,48
-38,-21,47
-39,-21,47
-37,-21,48
-37,-21,48
-38,-21,47
-37,-21,46
-38,-21,48
-38,-21,48
-37,-21,47
-37,-21,47
-38,-21,48
-38,-21,47
-37,-21,47
-38,-20,48
-37,-21,48
-40,-20,47
-39,-21,46
-37,-21,46
-42,-20,44
-46,-21,43
-40,-22,45
-43,-20,44
-45,-21,43
-46,-20,41
-47,-19,40
-44,-20,41
-45,-20,41
-45,-21,42
-46,-21,41
-47,-20,39
-48,-21,38
-49,-22,34
-50,-22,34
-48,-22,33
-50,-23,31
-50,-21,36
-48,-21,35
-48,-21,36
-48,-22,33
-52,-22,33
-49,-22,32
-55,-22,32
-50,-21,33
-53,-22,33
-51,-21,34
-49,-21,34
-55,-21,32
-50,-21,30
-54,-22,30
-53,-22,31
-53,-22,29
-53,-22,29
-53,-22,31
-54,-22,28
-55,-22,27
-53,-21,26
-55,-21,26
-55,-22,25
-54,-22,24
-54,-21,25
-56,-23,25
-56,-23,24
-56,-23,24
-56,-23,23
-56,-22,23
-56,-22,23
-56,-22,23
-55,-23,23
-55,-23,23
-56,-23,23
-55,-23,23
-56,-23,24
-55,-23,23
-56,-23,24
-55,-23,24
-55,-23,24
-55,-22,24
-55,-23,24
-55,-23,23
-55,-23,23
-55,-23,23
-55,-23,22
-56,-23,24
-54,-24,23
-55,-23,23
-55,-22,23
-55,-23,23
-55,-22,22
-55,-23,22
-57,-22,24
-56,-23,23
-54,-24,21
-56,-24,24
-56,-23,21
-57,-23,22
-57,-23,22
-56,-23,23
-55,-22,24
-59,-23,21
-60,-23,21
-59,-22,22
-60,-24,22
-62,-26,18
-62,-24,20
-60,-26,21
-52,-25,21
-50,-27,18
-49,-26,19
-44,-26,19
-48,-26,19
-49,-26,23
-53,-26,24
-52,-25,24
-53,-25,24
-55,-25,23
-55,-26,23
-53,-26,25
-53,-25,27
-54,-23,28
-52,-23,28
-53,-24,27
-53,-25,27
-52,-25,26
-53,-24,27
-51,-25,28
-53,-25,27
-54,-25,27
-59,-21,26
-59,-20,27
-53,-21,27
-51,-21,26
-58,-20,24
-57,-19,23
-55,-22,25
-55,-22,24
-56,-23,22
-55,-23,22
-57,-23,23
-55,-23,22
-56,-23,21
-55,-23,23
-56,-22,21
-56,-22,21
-59,-21,21
-56,-22,20
-58,-22,20
-58,-20,21
-56,-21,21
-58,-21,21
-57,-22,20
-57,-21,21
-58,-21,20
-58,-21,20
-57,-20,19
-58,-22,19
-58,-21,20
-57,-22,20
-57,-22,20
-57,-22,20
-57,-22,20
-57,-22,20
-57,-22,20
-57,-22,20
-57,-21,20
-57,-22,21
-57,-22,21
-57,-22,20
-57,-22,20
-57,-22,20
-57,-22,20
-57,-22,21
-57,-22,20
-57,-22,21
-57,-22,20
-57,-22,21
-57,-22,21
-57,-22,21
-57,-22,21
-57,-22,20
-57,-22,20
-57,-22,21
-57,-22,21
-57,-22,21
-57,-22,21
-57,-22,20
-57,-22,21
-57,-22,21
-57,-22,21
-56,-22,21
-57,-22,21
-57,-22,21
-57,-22,21
-57,-22,21
-57,-22,21
-57,-22,21
-57,-22,21
-57,-22,21
-57,-22,21
-57,-22,21
-57,-22,21
-57,-22,21
-57,-21,21
-57,-22,21
-57,-22,21
-57,-22,21
-57,-22,21
-57,-22,21
-57,-22,21
-57,-22,21
-57,-22,21
-57,-22,21
-57,-22,21
-57,-22,21
-57,-22,21
-57,-22,21
-57,-22,21
-56,-22,21
-57,-22,21
-57,-22,21
-57,-22,21
-57,-22,21
-57,-22,22
-57,-22,21
-57,-22,21
-57,-22,21
-57,-22,21
-57,-22,21
-56,-22,21
-56,-22,21
-57,-22,21
-57,-22,21
-57,-22,21
-57,-22,21
-56,-22,21
-57,-22,21
-57,-22,21
-57,-22,21
-57,-22,21
-57,-21,21
-57,-22,21
-57,-22,21
-57,-22,21
-57,-22,21
-57,-22,21
-57,-22,21
-57,-22,21
-57,-22,21
-57,-22,21
-57,-22,21
-57,-22,21
-57,-22,21
-57,-22,21
-57,-22,21
-57,-22,21
-57,-22,21
-56,-22,21
-57,-22,21
-57,-22,21
-57,-21,21
-57,-22,21
-57,-22,21
-57,-22,21
-57,-22,21
-57,-22,21
-57,-22,21
-57,-22,21
-57,-22,21
-57,-22,21
-57,-22,21
-57,-22,21
-57,-22,21
-57,-21,21
-57,-21,21
-57,-22,21
-57,-22,21
-57,-22,21
-57,-22,21
-57,-22,21
-56,-22,22
-57,-22,21
-57,-22,21
-58,-22,21
-56,-22,22
-57,-21,22
-56,-21,23
-56,-21,22
-57,-22,22
-56,-22,22
-56,-22,22
-57,-22,22
-56,-22,22
-56,-22,22
-57,-22,22
-57,-22,22
-57,-22,22
-56,-21,22
-56,-22,22
-56,-22,22
-56,-22,22
-57,-22,22
-56,-21,22
-56,-21,22
-57,-22,22
-56,-22,22
-57,-22,21
-57,-22,21
-57,-22,21
-57,-22,21
-57,-22,22
-57,-21,23
-57,-22,22
-58,-22,23
-64,-21,22
-61,-20,28
-61,-21,30
-59,-25,28
-49,-25,27
-38,-26,31
-43,-30,31
-41,-29,31
-44,-31,30
-45,-30,30
-45,-29,33
-50,-26,34
-43,-29,33
-51,-32,30
-40,-31,30
-39,-33,29
-42,-31,28
-52,-27,29
-53,-26,31
-54,-25,34
-54,-22,36
-60,-24,33
-54,-25,34
-49,-24,38
-46,-26,42
-46,-26,39
-40,-26,40
-30,-31,43
-35,-30,43
-33,-30,47
-34,-30,47
-31,-30,49
-23,-29,46
-30,-32,43
-33,-32,41
-36,-32,40
-33,-31,45
-40,-31,45
-41,-33,40
-43,-33,36
-52,-33,26
-53,-32,25
-52,-31,27
-46,-30,32
-40,-31,32
-51,-31,33
-42,-32,36
-32,-32,38
-42,-34,37
-46,-38,33
-44,-40,28
-46,-38,22
-48,-32,26
-38,-28,17
-42,-33,2
-31,-27,20
-68,7,-12
-86,-14,-39
-110,-53,-51
-73,-53,-45
-42,-54,-34
-25,-51,-15
-18,-29,24
-12,-22,55
-33,-23,51
-56,-25,40
-44,-26,46
-26,-25,54
-31,-29,48
-38,-27,47
-36,-29,48
-34,-28,44
-31,-27,44
-34,-24,54
-47,-25,50
-34,-25,45
-34,-26,44
-39,-23,45
-34,-23,45
-45,-25,44
-40,-27,44
-38,-25,44
-40,-26,44
-41,-24,44
-40,-25,45
-40,-25,45
-37,-25,45
-39,-25,44
-40,-25,44
-39,-25,44
-40,-25,44
-40,-25,44
-38,-26,44
-40,-25,44
-38,-25,44
-38,-25,44
-39,-25,44
-40,-26,44
-39,-25,44
-38,-25,44
-41,-24,43
-40,-25,44
-38,-26,44
-38,-26,44
-40,-26,44
-40,-25,43
-40,-25,43
-40,-25,44
-38,-26,44
-39,-26,44
-41,-25,43
-40,-25,44
-39,-25,44
-40,-26,44
-39,-26,44
-40,-25,44
-39,-25,43
-39,-25,44
-39,-26,44
-39,-26,44
-39,-26,44
-39,-26,43
-40,-25,43
-40,-23,44
-38,-24,44
-38,-27,45
-39,-26,45
-38,-26,44
-37,-23,44
-45,-23,43
-44,-22,43
-45,-27,45
-40,-27,47
-36,-28,46
-36,-27,43
-23,-27,47
-26,-26,49
-35,-27,44
-37,-28,44
-35,-27,48
-35,-28,47
-39,-28,44
-34,-29,45
-31,-28,46
-37,-28,45
-35,-29,44
-35,-28,45
-35,-28,47
-36,-27,46
-35,-28,46
-35,-28,46
-35,-29,46
-41,-30,41
-42,-33,37
-39,-29,37
-38,-28,45
-25,-21,47
-39,-25,38
-61,-29,39
-44,-26,37
-45,-34,32
-48,-36,32
-55,-28,45
-37,-28,42
-37,-26,36
-18,-19,41
-27,-21,37
-53,-27,28
-45,-29,32
-46,-28,39
-51,-29,38
-48,-29,40
-48,-27,40
-52,-27,33
-50,-27,32
-51,-22,36
-46,-22,39
-43,-24,40
-46,-23,40
-46,-23,41
-47,-21,45
-48,-22,47
-49,-21,44
-51,-20,47
-53,-19,47
-42,-25,39
-42,-28,31
-47,-36,21
-52,-36,22
-40,-34,20
-39,-36,20
-48,-39,20
-45,-34,31
-37,-32,32
-50,-34,27
-53,-33,30
-38,-29,42
-35,-30,40
-47,-30,47
-47,-29,44
-34,-34,36
-38,-36,32
-47,-39,26
-47,-37,28
-45,-36,32
-41,-37,33
-38,-34,41
-47,-31,41
-39,-37,39
-44,-30,44
-45,-29,51
-49,-36,52
-44,-27,48
-54,-32,42
-48,-31,40
-41,-33,37
-40,-36,35
-41,-36,27
-45,-37,26
-38,-39,27
-34,-41,24
-41,-41,23
-38,-39,27
-33,-46,21
-37,-45,21
-37,-44,23
-34,-45,23
-32,-46,24
-31,-46,23
-30,-47,22
-28,-46,20
-34,-49,15
-34,-47,18
-28,-48,16
-34,-46,14
-31,-46,14
-32,-46,12
-36,-44,10
-37,-43,9
-39,-44,9
-42,-44,5
-43,-44,1
-54,-36,12
-51,-37,14
-49,-41,6
-59,-40,7
-57,-38,15
-58,-37,14
-58,-38,20
-49,-39,25
-46,-48,23
-46,-48,25
-35,-49,22
-35,-53,22
-27,-56,22
-22,-52,25
-14,-55,32
-9,-52,32
-7,-48,33
-18,-49,30
-25,-42,32
-29,-45,34
-27,-42,34
-29,-40,37
-19,-42,35
-24,-44,28
-36,-43,28
-23,-44,31
-21,-44,33
-30,-45,28
-31,-46,28
-28,-46,31
-32,-48,29
-33,-50,29
-35,-48,32
-37,-45,35
-35,-46,33
-34,-47,31
-33,-46,28
-37,-44,27
-34,-44,29
-33,-45,27
-33,-45,27
-35,-44,28
-35,-46,27
-32,-46,27
-34,-47,26
-37,-45,26
-38,-44,26
-38,-42,28
-36,-43,25
-38,-42,25
-39,-43,22
-37,-44,22
-38,-42,26
-39,-41,25
-39,-40,25
-42,-39,24
-40,-37,25
-43,-37,24
-44,-36,26
-43,-35,26
-47,-33,26
-48,-32,27
-49,-30,28
-51,-30,26
-52,-28,26
-52,-28,25
-54,-28,25
-56,-28,24
-54,-27,25
-56,-26,24
-58,-24,23
-57,-24,22
-58,-23,21
-58,-22,21
-57,-22,21
-57,-22,21
-55,-22,21
-57,-22,18
-59,-21,17
-66,-20,20
-58,-18,22
-68,-19,19
-68,-21,18
-58,-21,16
-57,-19,15
-58,-18,16
-60,-17,17
-61,-19,17
-59,-19,17
-60,-18,16
-60,-18,15
-62,-17,13
-61,-17,13
-60,-18,14
-61,-17,14
-59,-18,16
-60,-17,16
-59,-18,17
-59,-17,15
-61,-18,14
-60,-17,13
-61,-16,12
-60,-18,13
-61,-18,13
-60,-18,13
-60,-17,13
-60,-17,14
-61,-18,14
-60,-17,14
-60,-17,14
-61,-18,14
-60,-18,14
-61,-17,14
-60,-17,14
-60,-17,14
-60,-18,14
-60,-18,14
-60,-17,14
-60,-17,14
-60,-17,14
-60,-18,14
-60,-17,14
-60,-17,13
-60,-17,14
-60,-18,13
-60,-18,14
-60,-17,14
-60,-18,13
-60,-18,14
-60,-18,14
-60,-18,14
-61,-17,14
-61,-18,13
-60,-18,13
-60,-17,14
-60,-18,14
-60,-17,14
-60,-18,14
-60,-18,14
-60,-17,14
-60,-17,14
-60,-18,14
-60,-18,13
-60,-18,13
-60,-17,14
-60,-17,14
-60,-17,14
-60,-18,13
-60,-18,13
-61,-18,13
-60,-17,13
-61,-17,14
-60,-18,14
-60,-17,14
-60,-18,13
-60,-18,14
-60,-17,13
-60,-17,14
-61,-17,13
-60,-18,13
-60,-17,13
-60,-17,14
-60,-17,13
-60,-17,14
-60,-18,13
-61,-17,14
-60,-17,14
-60,-17,13
-60,-18,13
-60,-17,13
-61,-17,13
-60,-17,13
-60,-18,14
-60,-18,13
-61,-18,13
-61,-17,13
-60,-18,13
-60,-17,13
-60,-17,13
-60,-17,13
-60,-18,13
-60,-18,13
-60,-17,14
-60,-18,13
-60,-17,14
-61,-18,13
-60,-18,13
-60,-17,13
-60,-17,13
-60,-18,13
-60,-18,13
-60,-17,13
-60,-18,13
-60,-17,13
-60,-17,13
-60,-18,13
-61,-18,13
-60,-18,13
-60,-18,13
-60,-17,14
-60,-17,14
-60,-18,13
-60,-17,13
-60,-17,14
-60,-17,14
-60,-17,13
-61,-18,13
-60,-17,14
-60,-17,14
-60,-17,14
-60,-17,13
-60,-18,14
-60,-17,14
-60,-18,13
-60,-17,13
-60,-17,14
-60,-17,14
-60,-18,14
-60,-18,13
-60,-18,14
-60,-18,14
-60,-17,14
-60,-17,14
-60,-18,13
-60,-17,13
-60,-18,14
-60,-18,14
-60,-18,13
-61,-17,14
-60,-17,14
-60,-18,14
-60,-18,14
-60,-17,14
-60,-17,13
-60,-18,14
-60,-18,14
-60,-18,14
-60,-17,14
-60,-18,14
-60,-18,14
-60,-17,13
-60,-18,14
-60,-17,14
-60,-17,14
-60,-17,14
-60,-18,13
-61,-17,14
-60,-17,14
-60,-17,14
-60,-18,14
-60,-18,14
-60,-17,14
-60,-17,13
-60,-18,14
-60,-17,14
-60,-17,14
-60,-18,13
-60,-18,14
-60,-18,14
-60,-17,14
-60,-17,14
-60,-18,13
-60,-17,13
-60,-17,14
-60,-17,14
-60,-17,14
-60,-17,14
-61,-18,13
-60,-18,14
-60,-17,14
-60,-18,14
-60,-18,13
-60,-18,13
-61,-17,13
-60,-17,14
-60,-17,13
-60,-18,14
-60,-17,14
-60,-17,14
-60,-18,13
-60,-17,13
-60,-17,14
-60,-18,14
-60,-17,13
-60,-17,14
-60,-18,14
-60,-18,14
-60,-17,13
-60,-17,13
-61,-18,13
-60,-18,14
-60,-17,14
-60,-17,14
-60,-18,14
-60,-17,14
-60,-17,14
-60,-17,13
-60,-17,14
-60,-17,14
-60,-17,14
-60,-17,14
-60,-17,14
-60,-18,14
-60,-17,14
-60,-17,14
-60,-17,14
-60,-17,14
-60,-18,14
-61,-17,13
-60,-17,14
-60,-18,14
-61,-18,14
-60,-18,14
-60,-17,14
-60,-18,14
-60,-18,14
-60,-18,13
-60,-17,14
-60,-17,14
-60,-18,13
-60,-17,14
-60,-18,14
-61,-18,13
-60,-18,14
-60,-18,14
-60,-17,14
-60,-17,14
-60,-17,14
-60,-17,14
-60,-17,14
-61,-18,13
-60,-17,14
-60,-17,14
-60,-18,14
-60,-18,14
-60,-17,14
-60,-17,14
-60,-18,14
-60,-17,14
-60,-17,14
-60,-17,14
-60,-17,14
-60,-18,14
-60,-17,14
-60,-17,14
-60,-18,14
-60,-18,14
-60,-17,14
-60,-17,14
-60,-18,14
-60,-18,14
-60,-18,14
-60,-18,14
-60,-18,14
-60,-17,14
-60,-17,14
-60,-18,14
-61,-17,14
-60,-17,14
-60,-18,14
-60,-18,14
-60,-17,14
-60,-17,14
-60,-18,14
-60,-17,14
-60,-17,14
-60,-18,14
-60,-18,14
-60,-18,14
-60,-18,14
-60,-18,14
-60,-18,14
-60,-18,14
-60,-17,14
-60,-18,14
-60,-17,14
-60,-18,14
-60,-17,14
-60,-18,14
-60,-18,14
-60,-18,14
-60,-17,14
-60,-17,14
-60,-18,14
-60,-18,14
-60,-17,14
-60,-18,14
-60,-17,14
-60,-17,14
-60,-17,14
-60,-18,14
-60,-17,14
-60,-18,14
-60,-17,14
-60,-17,14
-60,-17,14
-60,-17,14
-60,-18,14
-60,-18,14
-60,-18,14
-60,-17,14
-60,-17,14
-60,-18,14
-60,-18,14
-60,-18,14
-60,-17,14
-60,-17,14
-60,-18,14
-60,-18,14
-60,-17,14
-60,-18,14
-60,-17,14
-60,-18,14
-60,-18,14
-60,-18,14
-60,-18,14
-60,-17,14
-60,-18,14
-60,-17,14
-60,-18,14
-60,-18,14
-60,-18,14
-60,-18,14
-60,-17,14
-60,-17,14
-60,-17,14
-60,-18,14
-60,-17,14
-60,-17,14
-60,-18,14
-60,-17,14
-60,-18,14
-60,-18,14
-60,-18,14
-60,-18,14
-60,-17,14
-60,-17,14
-60,-17,14
-60,-17,14
-60,-17,14
-60,-17,14
-60,-17,14
-60,-18,14
-60,-18,14
-60,-18,14
-60,-17,14
-60,-18,14
-60,-17,14
-60,-17,14
-60,-18,14
-60,-18,14
-60,-18,14
-60,-18,14
-60,-17,14
-60,-17,14
-60,-18,14
-60,-18,14
-60,-17,14
-60,-17,14
-60,-17,14
-60,-18,14
-60,-18,14
-60,-17,14
-60,-17,14
-60,-17,14
-60,-17,14
-60,-18,14
-60,-18,14
-60,-17,14
-60,-17,14
-60,-17,14
-60,-17,14
-60,-17,14
-60,-17,14
-60,-18,14
-60,-18,14
-60,-17,14
-60,-18,14
-60,-17,14
-60,-17,14
-60,-18,14
-60,-17,14
-60,-17,14
-60,-18,14
-60,-17,14
-60,-18,14
-60,-17,14
-60,-17,14
-60,-17,14
-60,-18,14
-60,-18,14
-60,-17,14
-60,-18,14
-60,-18,14
-60,-18,14
-60,-18,14
-60,-18,14
-60,-17,14
-60,-17,14
-61,-18,14
-61,-18,14
-60,-18,14
-60,-17,14
-60,-17,14
-60,-17,14
-61,-18,14
-60,-18,14
-60,-17,14
-60,-17,14
-60,-18,14
-60,-17,14
-60,-17,14
-60,-17,14
-60,-17,14
-60,-17,14
-60,-17,13
-60,-17,14
-60,-18,14
-60,-18,14
-60,-17,14
-60,-17,14
-60,-18,14
-60,-18,14
-60,-17,14
-60,-18,14
-60,-17,14
-60,-18,14
-60,-18,14
-60,-17,14
-61,-18,14
-60,-18,14
-60,-17,14
-60,-17,14
-60,-18,14
-60,-17,14
-60,-17,14
-60,-17,14
-60,-18,14
-60,-17,14
-60,-18,14
-60,-17,14
-60,-17,14
-60,-18,14
-60,-17,14
-60,-17,14
-60,-18,14
-60,-18,14
-60,-18,14
-60,-18,14
-60,-17,14
-60,-18,14
-60,-18,14
-60,-18,14
-60,-17,14
-60,-17,14
-60,-17,14
-60,-18,14
-60,-17,14
-60,-17,14
-60,-17,14
-60,-18,14
-60,-17,14
-60,-17,14
-60,-18,14
-60,-17,14
-60,-18,14
-60,-17,14
-60,-17,14
-60,-18,14
-60,-18,14
-60,-18,14
-60,-18,14
-60,-17,14
-60,-17,14
-60,-18,14
-60,-18,14
-60,-17,14
-60,-17,14
-60,-17,14
-60,-18,14
-60,-18,14
-60,-18,14
-60,-17,14
-60,-17,14
-60,-18,14
-60,-17,14
-60,-17,14
-60,-17,14
-60,-17,14
-60,-18,14
-60,-17,14
-60,-18,14
-60,-18,14
-60,-18,14
-60,-18,14
-60,-17,14
-60,-18,14
-61,-18,14
-60,-17,14
-60,-18,14
-60,-17,15
-60,-18,15
-60,-17,15
-60,-17,14
-60,-18,14
-60,-17,14
-60,-17,14
-60,-18,14
-60,-17,15
-60,-18,14
-60,-17,14
-60,-17,15
-60,-17,14
-60,-17,14
-60,-18,15
-60,-18,14
-60,-18,14
-60,-17,14
-60,-17,14
-60,-17,14
-60,-17,14
-61,-18,14
-60,-17,15
-60,-17,15
-60,-17,14
-60,-18,14
-60,-18,14
-60,-18,14
-60,-17,14
-60,-18,14
-60,-17,14
-60,-18,15
-60,-18,14
-60,-18,15
-60,-18,15
-60,-17,15
-60,-17,14
-60,-18,14
-60,-17,15
-60,-18,15
-60,-17,15
-61,-18,14
-60,-18,14
-60,-17,15
-60,-18,15
-60,-18,14
-60,-18,14
-60,-17,15
-60,-18,15
-60,-17,15
-60,-18,14
-60,-18,15
-60,-18,15
-60,-17,14
-60,-17,15
-60,-18,15
-60,-18,14
-60,-17,15
-60,-17,15
-60,-18,15
-60,-18,14
-60,-17,15
-60,-17,15
-60,-17,15
-60,-17,14
-60,-18,14
-60,-17,14
-60,-17,15
-60,-18,15
-60,-18,15
-60,-17,15
-60,-17,14
-60,-17,15
-60,-18,15
-60,-17,15
-60,-17,15
-60,-17,15
-60,-18,14
-60,-18,15
-60,-17,15
-60,-17,14
-60,-18,15
-60,-18,15
-60,-18,15
-60,-18,14
-60,-17,15
-60,-18,15
-60,-17,15
-60,-18,14
-60,-18,14
-60,-17,15
-60,-18,14
-60,-17,14
-60,-18,15
-60,-18,15
-60,-18,14
-60,-17,14
-60,-18,15
-60,-18,15
-60,-18,15
-60,-18,14
-60,-17,15
-61,-18,14
-60,-18,14
-60,-17,14
-60,-17,14
-60,-18,14
-60,-18,14
-60,-18,14
-60,-18,15
-60,-18,14
-60,-18,14
-60,-17,14
-60,-18,14
-60,-18,14
-60,-18,14
-60,-18,14
-60,-18,14
-60,-18,14
-60,-18,14
-60,-18,14
-60,-17,14
-60,-18,14
-60,-17,14
-60,-18,14
-60,-18,14
-60,-17,14
-60,-17,14
-60,-18,14
-60,-18,14
-60,-18,14
-60,-18,14
-60,-17,14
-60,-18,15
-60,-18,14
-60,-18,14
-60,-17,14
-60,-17,14
-60,-18,14
-60,-17,14
-60,-18,14
-60,-18,14
-60,-18,14
-60,-18,14
-60,-18,14
-61,-17,15
-61,-18,15
-61,-18,14
-61,-18,14
-61,-18,14
-60,-17,14
-59,-17,14
-60,-18,15
-59,-18,14
-60,-18,14
-59,-18,14
-60,-18,14
-59,-17,14
-60,-18,14
-60,-18,13
-60,-18,13
-60,-18,12
-62,-18,11
-60,-17,11
-61,-18,11
-61,-18,11
-61,-18,10
-62,-18,11
-60,-17,11
-61,-17,11
-61,-17,12
-61,-18,11
-61,-18,12
-60,-18,12
-61,-17,12
-60,-17,12
-61,-18,12
-61,-18,12
-60,-18,11
-61,-17,11
-61,-18,11
-61,-18,11
-61,-18,10
-60,-17,11
-61,-19,10
-61,-19,10
-61,-18,10
-61,-18,10
-61,-18,11
-61,-17,11
-60,-19,10
-59,-20,10
-62,-20,11
-60,-19,12
-61,-17,11
-61,-18,11
-61,-18,12
-60,-18,12
-60,-18,12
-61,-18,11
-60,-18,11
-61,-18,9
-61,-18,9
-61,-18,8
-62,-18,8
-61,-18,7
-62,-18,7
-61,-18,7
-61,-18,7
-61,-18,8
-61,-18,8
-62,-18,7
-61,-17,8
-61,-18,7
-61,-19,7
-61,-18,7
-61,-18,7
-61,-18,7
-61,-18,7
-61,-18,7
-61,-18,7
-61,-18,7
-61,-18,7
-61,-18,7
-61,-18,7
-61,-18,7
-61,-18,7
-61,-18,7
-61,-18,7
-61,-18,7
-61,-18,7
-61,-18,7
-61,-18,7
-61,-18,7
-61,-18,7
-61,-18,7
-61,-18,7
-62,-18,7
-61,-18,7
-62,-18,7
-61,-18,7
-62,-18,7
-62,-18,8
-61,-18,8
-61,-19,8
-62,-17,7
-62,-17,6
-65,-16,7
-68,-15,8
-70,-16,9
-67,-17,15
-66,-25,18
-71,-26,20
-62,-28,23
-71,-26,22
-57,-21,23
-59,-21,21
-55,-17,24
-57,-18,21
-52,-21,22
-51,-21,22
-52,-23,25
-51,-20,28
-48,-20,31
-46,-21,33
-44,-21,34
-44,-23,35
-41,-22,37
-43,-25,37
-42,-24,38
-43,-25,37
-42,-25,36
-43,-22,37
-44,-22,36
-47,-19,36
-49,-17,36
-48,-16,36
-47,-16,36
-47,-17,35
-46,-16,35
-43,-19,37
-44,-21,37
-47,-22,37
-48,-21,38
-47,-21,36
-49,-23,35
-52,-23,35
-53,-24,35
-50,-25,34
-51,-27,34
-52,-27,33
-51,-27,33
-51,-25,32
-52,-24,32
-52,-23,32
-51,-22,32
-52,-21,32
-51,-22,32
-52,-21,33
-50,-21,34
-51,-21,33
-50,-21,33
-50,-20,33
-53,-19,32
-52,-19,32
-51,-18,33
-51,-18,33
-49,-18,33
-50,-19,33
-52,-20,32
-53,-20,32
-55,-19,32
-58,-21,31
-57,-17,31
-55,-16,30
-51,-19,28
-50,-20,28
-52,-18,30
-54,-17,29
-53,-17,29
-54,-16,30
-54,-17,30
-54,-18,30
-54,-18,30
-56,-20,28
-56,-21,28
-57,-21,28
-57,-22,27
-59,-21,27
-58,-19,28
-59,-18,27
-56,-17,28
-53,-19,29
-53,-19,29
-54,-16,30
-53,-15,31
-50,-15,34
-52,-16,34
-49,-18,35
-49,-18,36
-48,-18,38
-47,-18,38
-50,-18,37
-50,-18,37
-47,-17,38
-49,-17,38
-48,-16,38
-46,-17,38
-47,-17,38
-46,-18,37
-46,-18,38
-48,-19,38
-47,-19,38
-48,-20,37
-50,-20,37
-50,-19,37
-51,-19,37
-52,-18,36
-51,-18,36
-51,-21,36
-52,-21,36
-51,-21,36
-51,-20,35
-49,-20,35
-49,-20,35
-51,-20,34
-49,-20,35
-51,-20,34
-50,-20,34
-50,-19,34
-51,-19,34
-51,-18,35
-51,-18,35
-51,-18,35
-53,-19,35
-52,-18,36
-52,-18,36
-52,-19,35
-51,-18,35
-52,-19,35
-52,-18,34
-51,-18,35
-50,-18,34
-50,-20,34
-50,-19,35
-50,-18,34
-52,-18,35
-52,-18,35
-51,-19,35
-52,-19,34
-52,-19,34
-51,-18,34
-50,-19,33
-51,-19,33
-50,-18,34
-51,-19,34
-50,-19,34
-50,-19,34
-51,-18,34
-52,-18,34
-52,-18,35
-55,-18,35
-55,-17,35
-53,-16,36
-53,-16,35
-53,-16,35
-51,-15,34
-51,-18,32
-50,-17,33
-53,-16,34
-52,-16,34
-52,-20,34
-52,-21,33
-53,-17,35
-51,-17,35
-52,-19,35
-53,-17,36
-51,-17,35
-51,-18,34
-51,-18,33
-50,-18,33
-49,-19,33
-50,-21,34
-52,-20,35
-52,-18,36
-52,-18,37
-52,-17,38
-51,-17,38
-52,-16,39
-50,-16,38
-52,-16,37
-52,-15,36
-51,-15,37
-50,-15,38
-49,-15,37
-49,-15,38
-51,-14,38
-50,-13,39
-52,-14,39
-50,-13,39
-50,-12,40
-50,-12,40
-48,-11,40
-46,-11,40
-43,-13,41
-44,-13,41
-44,-13,42
-44,-14,43
-46,-13,44
-45,-12,45
-47,-12,45
-44,-11,43
-44,-11,43
-46,-10,42
-46,-10,42
-46,-10,42
-46,-11,43
-45,-11,43
-45,-12,43
-45,-11,42
-45,-12,43
-46,-13,42
-45,-12,43
-46,-12,43
-46,-11,43
-46,-11,42
-47,-12,42
-49,-12,43
-49,-12,44
-51,-12,44
-50,-12,44
-48,-11,42
-47,-12,40
-47,-11,40
-48,-12,40
-47,-12,41
-47,-13,42
-47,-13,42
-45,-13,43
-46,-14,44
-46,-12,44
-45,-12,44
-47,-12,43
-46,-10,43
-46,-11,42
-46,-10,42
-46,-12,42
-48,-12,42
-47,-11,43
-48,-11,43
-48,-10,43
-46,-11,43
-46,-12,42
-47,-13,42
-45,-12,42
-46,-13,42
-46,-12,43
-46,-12,43
-45,-12,43
-46,-12,43
-45,-12,42
-46,-13,42
-46,-12,42
-46,-13,42
-46,-13,41
-46,-13,41
-46,-14,41
-47,-15,40
-47,-14,40
-47,-14,40
-48,-14,39
-48,-14,40
-49,-13,40
-50,-13,38
-49,-14,38
-51,-15,38
-52,-15,38
-50,-16,38
-51,-16,36
-50,-18,35
-50,-19,35
-51,-20,33
-52,-20,34
-50,-20,33
-51,-22,33
-52,-23,32
-50,-24,31
-51,-25,29
-52,-26,27
-51,-26,27
-50,-29,25
-51,-30,24
-52,-28,24
-52,-28,24
-53,-29,23
-54,-29,22
-53,-28,22
-53,-28,22
-55,-29,21
-54,-29,20
-54,-28,22
-56,-29,21
-54,-29,21
-54,-29,20
-55,-28,18
-54,-29,19
-53,-30,19
-52,-31,19
-53,-33,20
-52,-30,19
-55,-31,18
-54,-29,20
-53,-30,21
-55,-28,21
-54,-29,20
-53,-30,20
-53,-29,19
-53,-30,19
-54,-29,18
-54,-28,19
-54,-29,19
-53,-28,21
-54,-28,20
-55,-28,20
-53,-27,21
-55,-28,21
-54,-28,21
-54,-28,21
-53,-28,22
-54,-28,21
-54,-28,22
-53,-28,21
-53,-27,22
-54,-27,22
-54,-27,22
-54,-27,22
-54,-27,22
-55,-27,22
-55,-26,22
-55,-26,22
-54,-26,21
-53,-27,21
-54,-27,21
-55,-27,21
-55,-27,22
-55,-26,22
-54,-26,22
-55,-27,22
-54,-26,22
-54,-27,22
-54,-27,21
-54,-26,21
-55,-26,21
-54,-26,21
-55,-27,21
-54,-27,21
-55,-26,21
-54,-26,20
-55,-26,21
-54,-26,21
-54,-26,21
-55,-26,20
-55,-27,20
-55,-26,20
-56,-26,20
-55,-26,21
-55,-26,21
-56,-26,21
-55,-25,21
-55,-26,21
-55,-26,21
-55,-26,20
-55,-26,20
-55,-25,21
-54,-25,21
-55,-26,20
-54,-26,20
-56,-26,20
-55,-25,21
-53,-24,20
-55,-24,19
-59,-23,18
-55,-24,21
-58,-24,21
-59,-23,20
-57,-23,22
-58,-22,22
-59,-24,21
-53,-24,26
-58,-23,28
-56,-25,29
-51,-26,30
-57,-24,31
-54,-26,30
-58,-27,26
-63,-27,22
-62,-32,17
-58,-36,15
-54,-35,9
-48,-36,10
-40,-39,7
-40,-35,15
-48,-34,24
-42,-34,26
-33,-21,45
-37,-25,41
-40,-16,49
-44,-15,48
-42,-22,42
-41,-22,43
-37,-23,45
-53,-19,48
-44,-31,45
-45,-24,42
-55,-29,36
-44,-29,39
-36,-30,41
-43,-29,42
-43,-28,41
-37,-29,45
-39,-28,46
-38,-31,40
-42,-31,35
-48,-34,30
-44,-33,29
-35,-34,38
-24,-30,40
-61,-34,16
-51,-33,23
-45,-32,25
-57,-35,19
-51,-34,15
-46,-32,17
-61,-35,11
-58,-33,14
-60,-31,14
-65,-33,15
-60,-31,17
-56,-32,23
-60,-34,22
-50,-35,29
-50,-37,32
-47,-36,35
-41,-38,37
-34,-38,37
-33,-38,40
-33,-42,40
-30,-42,41
-28,-44,41
-23,-45,44
-24,-43,43
-24,-44,44
-13,-43,44
-12,-42,43
-7,-42,44
-5,-40,45
-5,-40,42
-4,-41,42
0,-40,40
4,-43,41
5,-42,40
3,-42,40
16,-43,39
14,-42,42
9,-43,40
16,-43,40
18,-42,40
15,-43,41
16,-42,40
18,-43,40
18,-43,40
21,-42,41
20,-42,41
22,-42,41
23,-43,41
21,-42,40
21,-42,40
22,-42,40
23,-42,39
24,-43,38
24,-42,38
23,-42,38
24,-42,37
23,-42,37
25,-42,37
26,-42,36
27,-42,36
28,-42,35
26,-42,35
27,-43,35
26,-42,36
27,-44,35
29,-43,35
28,-43,34
28,-43,35
28,-42,35
28,-43,33
27,-43,33
29,-42,34
28,-43,34
28,-42,33
27,-43,33
26,-42,33
26,-42,34
25,-42,33
25,-41,33
23,-39,32
23,-40,33
21,-39,33
21,-38,35
20,-40,37
15,-36,44
17,-38,43
11,-37,49
12,-38,46
3,-34,55
3,-36,55
13,-34,58
8,-32,56
-4,-36,49
-4,-35,53
-2,-33,57
-5,-34,59
-8,-32,59
-14,-32,59
-14,-32,62
-14,-31,61
-19,-32,59
-14,-32,58
-18,-32,56
-17,-32,55
-16,-31,56
-17,-32,54
-17,-31,54
-16,-32,55
-18,-31,53
-18,-31,54
-17,-30,54
-17,-31,54
-17,-30,54
-16,-31,54
-16,-31,54
-16,-31,54
-17,-31,54
-17,-31,54
-17,-31,54
-17,-31,54
-17,-31,54
-17,-30,54
-16,-30,54
-16,-30,55
-15,-30,54
-16,-31,54
-15,-31,54
-17,-32,53
-16,-32,53
-15,-32,53
-16,-33,53
-15,-33,52
-14,-33,52
-13,-33,53
-14,-33,52
-14,-34,53
-14,-34,54
-15,-34,54
-13,-35,55
-13,-35,54
-14,-36,53
-12,-37,53
-13,-37,54
-12,-38,53
-12,-38,51
-11,-38,52
-8,-39,51
-8,-39,50
-4,-38,50
-3,-39,49
1,-39,49
1,-39,49
1,-38,50
2,-38,50
5,-39,48
6,-39,48
9,-40,48
8,-40,48
12,-40,47
11,-41,44
14,-42,44
14,-42,43
14,-42,42
16,-42,43
17,-42,42
18,-43,41
19,-43,41
19,-43,41
20,-43,41
20,-42,40
20,-43,40
22,-42,39
21,-42,39
22,-42,39
22,-42,38
23,-43,36
23,-42,36
23,-42,36
22,-43,35
24,-43,36
23,-43,36
24,-43,35
23,-43,35
24,-43,36
24,-43,35
22,-42,35
23,-42,36
20,-43,35
19,-41,35
19,-40,35
17,-41,40
17,-42,40
17,-40,44
18,-40,43
12,-40,46
10,-38,49
14,-40,48
13,-40,51
13,-37,52
8,-37,52
4,-37,52
5,-38,50
1,-34,55
0,-35,56
-1,-33,60
-7,-33,57
-3,-32,60
-4,-32,56
-7,-35,57
-9,-34,56
-4,-35,55
-11,-35,54
-16,-35,51
-15,-32,53
-17,-33,53
-17,-34,50
-20,-33,50
-23,-33,45
-26,-33,46
-25,-31,50
-26,-31,48
-36,-30,45
-40,-30,45
-36,-30,45
-32,-30,47
-39,-29,47
-36,-31,47
-34,-33,45
-35,-33,45
-23,-33,45
-20,-33,46
-15,-31,51
-14,-32,50
-8,-32,56
-2,-28,57
-7,-33,50
7,-26,58
-1,-29,57
6,-27,62
-4,-30,51
16,-25,62
14,-28,59
7,-23,61
9,-26,61
8,-26,64
0,-28,60
3,-26,63
11,-22,60
-6,-25,54
-16,-24,52
3,-20,57
3,-21,58
-13,-23,55
-8,-24,57
-6,-26,57
-10,-27,54
-12,-28,52
-13,-29,52
-16,-31,51
-20,-32,49
-27,-33,49
-27,-36,48
-29,-37,48
-31,-38,47
-32,-39,46
-31,-41,45
-32,-41,44
-32,-42,42
-33,-42,42
-31,-44,42
-33,-44,42
-34,-44,42
-33,-45,42
-34,-45,41
-35,-45,39
-31,-44,37
-31,-45,36
-27,-45,36
-26,-46,35
-22,-50,31
-21,-48,31
-19,-53,30
-17,-51,30
-18,-54,28
-18,-53,27
-16,-52,28
-15,-52,27
-12,-51,29
-12,-51,30
-13,-51,30
-11,-49,31
-13,-50,32
-13,-50,30
-15,-50,29
-1,-52,29
-6,-52,27
-6,-54,26
-8,-54,25
-1,-55,24
1,-56,24
5,-58,24
3,-61,22
8,-60,27
9,-60,27
5,-59,23
13,-60,25
14,-56,23
15,-55,19
17,-53,18
15,-53,17
19,-54,19
18,-53,19
17,-52,21
19,-53,25
17,-51,26
16,-53,25
13,-51,24
16,-53,24
16,-51,25
15,-48,28
14,-48,30
13,-45,35
16,-43,35
18,-48,36
21,-43,40
22,-46,43
25,-47,42
16,-37,45
8,-31,49
-23,-29,54
-39,-32,46
-38,-33,43
-32,-34,40
-48,-20,30
-54,-21,33
-55,-20,46
-53,-22,51
-50,-26,50
-44,-22,51
-49,-20,48
-48,-21,52
-41,-20,55
-39,-21,47
-39,-19,46
-42,-14,45
-42,-15,44
-37,-15,46
-39,-15,47
-50,-16,50
-51,-17,52
-37,-21,48
-39,-21,44
-44,-18,41
-44,-15,43
-43,-15,43
-42,-16,42
-50,-19,43
-53,-19,41
-42,-16,44
-50,-14,39
-44,-16,42
-45,-19,42
-44,-19,42
-44,-19,42
-48,-17,41
-46,-15,41
-45,-16,42
-47,-18,41
-47,-19,41
-45,-18,42
-46,-18,41
-47,-17,41
-47,-17,41
-46,-17,40
-48,-17,40
-48,-18,39
-48,-17,40
-47,-17,41
-47,-17,40
-48,-18,39
-48,-17,39
-47,-18,40
-49,-17,39
-49,-17,38
-49,-17,38
-50,-17,37
-50,-17,37
-50,-17,36
-50,-17,36
-51,-17,36
-50,-17,36
-51,-18,36
-51,-17,35
-51,-18,35
-50,-17,36
-50,-17,36
-51,-18,35
-51,-17,35
-51,-18,36
-51,-17,36
-51,-18,35
-51,-18,35
-51,-18,36
-51,-18,35
-51,-17,35
-51,-17,36
-51,-17,35
-51,-18,35
-50,-17,36
-50,-17,36
-50,-17,36
-51,-17,36
-51,-17,36
-51,-17,36
-51,-17,36
-51,-18,36
-50,-17,36
-51,-18,36
-51,-18,36
-50,-17,36
-50,-17,36
-51,-18,36
-51,-17,36
-51,-18,36
-51,-17,36
-50,-17,36
-50,-18,36
-51,-18,36
-50,-17,36
-51,-18,36
-51,-17,36
-51,-18,36
-51,-17,36
-51,-17,36
-51,-17,36
-50,-17,36
-51,-17,36
-51,-18,36
-51,-18,36
-50,-17,36
-51,-17,36
-50,-17,36
-51,-17,36
-51,-18,36
-50,-17,36
-51,-17,36
-50,-17,36
-51,-18,36
-51,-17,36
-51,-17,36
-51,-18,36
-50,-18,36
-51,-17,36
-51,-17,36
-50,-17,36
-51,-17,36
-51,-17,36
-51,-17,36
-50,-18,36
-50,-17,36
-51,-17,36
-51,-17,36
-50,-17,36
-50,-17,36
-50,-17,36
-50,-17,36
-50,-18,36
-51,-17,36
-50,-17,36
-51,-18,36
-51,-17,36
-50,-18,36
-51,-17,36
-51,-17,36
-51,-17,36
-51,-18,36
-51,-17,36
-51,-17,36
-50,-17,36
-50,-17,36
-51,-17,36
-51,-17,35
-51,-18,35
-51,-17,36
-51,-18,36
-51,-17,35
-51,-17,35
-51,-18,36
-51,-17,35
-51,-18,36
-51,-17,35
-51,-17,35
-51,-17,35
-51,-18,35
-51,-18,36
-51,-17,36
-51,-17,35
-51,-18,35
-51,-18,35
-51,-17,35
-51,-17,35
-51,-17,35
-51,-17,35
-51,-17,35
-51,-17,35
-51,-17,35
-51,-17,35
-51,-18,35
-51,-17,35
-51,-17,35
-51,-17,35
-51,-17,35
-51,-18,35
-51,-17,35
-51,-17,35
-51,-18,35
-51,-17,35
-51,-17,35
-51,-17,35
-51,-18,35
-51,-18,35
-51,-17,35
-51,-17,35
-51,-17,35
-52,-18,35
-51,-17,35
-51,-17,35
-51,-17,35
-51,-17,35
-51,-18,35
-51,-17,35
-51,-18,35
-51,-17,35
-51,-17,35
-51,-17,35
-52,-17,35
-51,-17,35
-51,-17,35
-51,-18,35
-51,-17,35
-51,-17,35
-51,-18,35
-51,-17,35
-51,-17,35
-51,-17,35
-51,-17,35
-51,-17,35
-51,-17,35
-51,-17,35
-51,-18,35
-51,-17,35
-51,-17,35
-51,-17,35
-51,-17,35
-51,-17,35
-51,-17,35
-51,-17,35
-51,-18,35
-51,-17,35
-51,-17,35
-51,-17,35
-51,-17,35
-51,-18,35
-51,-17,35
-51,-17,35
-51,-18,35
-51,-17,35
-51,-17,35
-51,-17,35
-51,-17,35
-51,-18,35
-51,-17,35
-51,-17,35
-51,-17,35
-51,-17,35
-51,-17,34
-51,-17,34
-52,-18,34
-51,-17,35
-52,-17,35
-51,-17,35
-51,-18,35
-51,-17,35
-51,-18,35
-51,-18,35
-51,-17,35
-51,-17,35
-51,-17,35
-51,-17,35
-51,-17,35
-51,-17,35
-51,-18,35
-51,-17,35
-51,-17,35
-51,-17,35
-51,-17,35
-51,-17,35
-51,-17,35
-51,-17,35
-51,-18,35
-51,-17,35
-51,-17,35
-51,-18,35
-51,-17,35
-51,-17,35
-51,-18,35
-51,-17,35
-51,-17,36
-51,-17,35
-51,-17,35
-51,-17,35
-51,-17,35
-51,-17,35
-51,-17,35
-51,-17,35
-51,-17,35
-51,-17,35
-51,-17,35
-51,-17,35
-51,-17,35
-51,-17,35
-51,-18,36
-51,-18,35
-51,-17,35
-51,-17,35
-51,-17,35
-51,-17,35
-51,-17,36
-51,-17,35
-51,-17,35
-51,-18,35
-51,-17,35
-51,-17,35
-51,-17,36
-51,-17,35
-51,-17,35
-51,-17,35
-51,-18,35
-51,-18,35
-51,-17,35
-51,-17,35
-51,-18,36
-51,-18,35
-51,-18,35
-51,-17,35
-51,-17,36
-51,-17,35
-51,-17,35
-51,-18,35
-51,-17,35
-51,-17,36
-51,-18,35
-51,-17,35
-51,-17,35
-51,-17,35
-51,-17,35
-51,-17,35
-51,-17,36
-51,-18,35
-51,-18,35
-51,-17,35
-51,-17,35
-51,-17,35
-51,-17,35
-51,-17,35
-51,-17,36
-51,-17,35
-51,-17,35
-51,-17,35
-51,-17,36
-51,-17,36
-51,-17,35
-51,-18,35
-51,-17,35
-51,-17,35
-51,-17,35
-51,-17,35
-51,-17,36
-51,-18,35
-51,-17,35
-51,-17,35
-51,-17,36
-51,-18,35
-51,-17,35
-50,-17,36
-51,-17,35
-51,-17,36
-51,-17,35
-51,-17,35
-51,-17,35
-51,-17,35
-51,-17,35
-51,-18,35
-51,-18,35
-50,-17,35
-51,-17,35
-51,-17,35
-51,-17,35
-51,-17,35
-51,-17,35
-51,-17,35
-51,-18,35
-50,-17,35
-52,-17,35
-51,-17,35
-51,-18,34
-52,-18,34
-52,-18,34
-52,-17,34
-52,-18,35
-53,-16,35
-51,-18,35
-55,-20,32
-54,-19,34
-47,-19,37
-48,-18,38
-48,-18,37
-49,-17,37
-48,-17,38
-48,-18,37
-51,-17,37
-51,-19,36
-52,-17,37
-53,-18,35
-53,-18,35
-58,-19,34
-56,-22,32
-53,-21,29
-51,-22,28
-50,-23,23
-52,-24,21
-54,-28,18
-55,-27,18
-54,-26,17
-59,-28,14
-60,-27,14
-57,-27,14
-55,-28,13
-57,-29,13
-54,-28,12
-54,-28,12
-56,-28,12
-56,-27,11
-57,-27,11
-56,-29,11
-56,-29,11
-55,-30,10
-54,-29,10
-56,-30,9
-54,-30,9
-55,-30,8
-55,-29,8
-55,-29,8
-56,-29,8
-57,-29,7
-57,-29,6
-57,-29,5
-57,-29,5
-57,-30,3
-57,-29,2
-58,-29,2
-57,-29,1
-60,-29,0
-59,-28,-1
-57,-28,-4
-57,-29,-5
-58,-29,-6
-57,-28,-7
-59,-31,-6
-58,-30,-7
-57,-30,-7
-57,-32,-9
-57,-30,-9
-56,-33,-9
-56,-33,-9
-59,-32,-10
-58,-32,-9
-56,-32,-9
-57,-32,-9
-56,-33,-9
-55,-32,-8
-48,-35,-6
-46,-37,-7
-58,-38,-5
-51,-33,-4
-52,-37,-7
-52,-39,-6
-49,-38,-6
-50,-41,-6
-46,-43,-8
-46,-43,-8
-43,-44,-7
-45,-45,-7
-44,-44,-5
-47,-42,-6
-48,-42,-3
-46,-43,-3
-47,-42,0
-47,-42,1
-46,-43,1
-46,-43,2
-44,-44,0
-46,-43,1
-43,-43,2
-44,-42,5
-46,-45,3
-41,-46,1
-40,-47,1
-43,-48,0
-41,-48,1
-45,-47,4
-42,-49,6
-50,-48,4
-46,-49,8
-40,-47,12
-40,-48,13
-41,-45,16
-37,-48,17
-34,-43,23
-35,-44,24
-32,-44,25
-32,-42,25
-33,-42,25
-26,-37,31
-29,-36,31
-18,-33,37
-15,-30,41
-19,-29,46
-23,-26,48
-11,-21,59
-18,-23,60
-36,-23,59
-41,-24,60
-48,-27,50
-51,-27,47
-62,-27,28
-53,-28,25
-64,-27,6
-69,-26,3
-67,-20,11
-66,-20,12
-58,-20,17
-59,-17,21
-56,-18,24
-56,-18,25
-57,-20,24
-59,-20,25
-60,-21,25
-56,-21,26
-56,-20,27
-58,-21,25
-55,-19,26
-57,-20,24
-57,-20,24
-52,-20,25
-55,-21,22
-54,-21,21
-54,-22,20
-54,-22,21
-54,-22,20
-52,-22,21
-54,-22,22
-56,-22,24
-55,-24,21
-56,-21,23
-54,-22,24
-58,-24,24
-58,-23,20
-56,-22,23
-52,-22,26
-55,-22,22
-56,-22,21
-58,-23,19
-55,-22,21
-57,-21,20
-58,-21,20
-57,-21,21
-58,-21,20
-58,-20,20
-58,-19,21
-58,-19,20
-58,-20,20
-59,-20,19
-58,-19,20
-59,-20,20
-58,-19,19
-58,-19,19
-56,-19,20
-58,-20,19
-60,-19,20
-58,-19,20
-59,-18,19
-58,-18,20
-59,-17,19
-58,-18,19
-59,-17,19
-59,-17,20
-60,-17,19
-58,-15,20
-58,-15,19
-58,-14,20
-59,-15,19
-59,-16,19
-60,-17,19
-60,-17,21
-61,-17,21
-62,-17,21
-60,-17,21
-58,-17,22
-57,-17,22
-58,-18,21
-58,-19,22
-58,-18,22
-57,-17,22
-61,-16,21
-58,-16,21
-58,-16,23
-57,-15,25
-59,-15,25
-58,-15,25
-57,-16,25
-59,-14,26
-57,-15,26
-56,-15,27
-58,-14,27
-56,-16,26
-56,-15,26
-59,-16,26
-56,-16,28
-56,-16,25
-58,-15,27
-54,-16,28
-58,-14,28
-56,-15,29
-50,-16,32
-54,-15,31
-50,-16,31
-54,-18,29
-52,-17,31
-49,-16,34
-49,-16,34
-54,-16,31
-54,-17,30
-53,-17,32
-54,-17,30
-55,-17,31
-54,-17,30
-55,-17,28
-56,-17,28
-56,-17,28
-56,-15,28
-55,-15,29
-57,-17,27
-55,-16,28
-57,-17,27
-57,-17,28
-55,-17,28
-55,-17,28
-56,-16,29
-53,-17,29
-56,-17,30
-54,-16,30
-55,-17,29
-54,-17,29
-55,-17,29
-55,-16,30
-55,-17,28
-55,-17,28
-54,-17,29
-55,-17,29
-56,-17,29
-54,-17,28
-55,-17,29
-54,-18,28
-54,-17,28
-56,-17,28
-55,-17,28
-54,-17,28
-56,-17,27
-56,-18,27
-56,-18,28
-56,-18,27
-55,-18,26
-56,-17,27
-57,-17,26
-54,-18,27
-55,-17,27
-57,-18,26
-56,-18,26
-58,-17,26
-56,-17,26
-57,-17,26
-58,-17,25
-55,-18,26
-57,-17,26
-56,-17,26
-57,-18,26
-57,-17,26
-56,-17,26
-57,-17,26
-56,-17,27
-56,-17,26
-57,-17,26
-56,-17,26
-56,-17,25
-56,-17,26
-56,-17,26
-55,-17,27
-56,-17,26
-56,-17,26
-56,-17,26
-56,-17,26
-56,-17,27
-56,-17,27
-56,-17,26
-56,-17,26
-57,-17,26
-57,-17,26
-56,-17,26
-57,-17,26
-57,-16,26
-57,-17,24
-57,-16,25
-57,-17,25
-57,-17,25
-56,-17,26
-57,-17,25
-56,-17,25
-55,-17,26
-56,-17,26
-56,-17,26
-56,-17,25
-57,-17,25
-57,-17,26
-56,-17,26
-56,-17,26
-57,-17,26
-56,-17,26
-56,-17,26
-57,-17,25
-57,-17,25
-56,-17,25
-57,-17,25
-56,-17,25
-56,-17,25
-57,-17,25
-57,-17,25
-56,-17,25
-57,-17,25
-57,-17,25
-57,-17,25
-56,-17,25
-57,-17,25
-57,-18,24
-57,-17,25
-57,-17,25
-57,-17,25
-57,-18,25
-57,-18,24
-57,-16,25
-57,-17,25
-57,-17,25
-57,-17,25
-58,-17,24
-56,-17,25
-56,-17,25
-57,-17,25
-57,-17,25
-57,-17,25
-57,-17,25
-57,-17,25
-57,-17,24
-57,-16,25
-58,-17,24
-58,-17,24
-57,-17,24
-57,-16,24
-58,-17,25
-57,-17,24
-57,-17,23
-58,-17,24
-57,-16,25
-57,-17,24
-57,-16,24
-58,-17,24
-57,-17,24
-57,-17,24
-58,-16,24
-58,-17,24
-58,-17,25
-58,-17,24
-57,-16,24
-58,-17,24
-57,-17,24
-57,-17,25
-57,-17,25
-57,-17,24
-57,-17,24
-57,-16,25
-58,-17,24
-58,-17,24
-57,-17,24
-58,-17,24
-57,-16,25
-57,-17,25
-57,-17,25
-57,-16,25
-57,-17,24
-57,-17,24
-57,-16,25
-57,-16,24
-57,-16,24
-58,-17,24
-57,-17,24
-57,-16,25
-57,-17,24
-57,-16,25
-57,-17,24
-57,-17,24
-57,-17,24
-57,-17,24
-57,-17,25
-57,-16,25
-57,-17,24
-57,-16,25
-57,-17,24
-56,-16,25
-58,-17,24
-57,-16,24
-58,-17,24
-57,-17,25
-57,-17,24
-58,-16,24
-57,-17,24
-57,-17,24
-57,-15,25
-57,-16,24
-58,-16,23
-58,-17,23
-58,-17,25
-57,-16,24
-57,-16,24
-57,-16,23
-58,-16,23
-58,-16,23
-58,-16,23
-58,-17,23
-58,-16,23
-58,-16,23
-58,-16,23
-58,-16,23
-58,-16,22
-58,-16,23
-58,-16,23
-58,-16,23
-58,-16,23
-58,-16,23
-58,-16,23
-58,-16,23
-58,-16,23
-58,-16,23
-58,-16,23
-58,-16,23
-57,-15,24
-58,-16,23
-58,-16,23
-58,-16,23
-58,-16,23
-57,-15,24
-57,-15,24
-58,-16,23
-58,-16,23
-59,-16,23
-57,-16,23
-58,-16,23
-57,-16,24
-58,-16,24
-58,-16,22
-58,-16,22
-59,-16,22
-59,-16,22
-58,-15,23
-58,-16,23
-58,-15,23
-58,-16,23
-59,-16,22
-58,-16,22
-59,-15,22
-58,-16,22
-59,-16,22
-59,-15,22
-58,-16,22
-59,-16,22
-58,-16,22
-59,-15,22
-58,-16,23
-58,-16,22
-59,-16,21
-59,-15,22
-58,-15,22
-59,-16,22
-58,-16,22
-59,-15,22
-58,-15,22
-59,-15,22
-59,-16,21
-59,-16,21
-59,-16,21
-58,-15,21
-59,-15,21
-58,-16,21
-59,-15,21
-59,-15,21
-59,-15,22
-59,-15,22
-59,-15,22
-59,-16,21
-58,-16,21
-60,-15,22
-59,-16,21
-58,-15,22
-59,-15,21
-58,-15,22
-58,-16,22
-58,-15,21
-59,-15,21
-58,-16,21
-59,-15,22
-58,-15,23
-58,-16,22
-57,-16,23
-59,-14,22
-57,-15,22
-59,-15,22
-59,-15,22
-58,-17,22
-60,-16,22
-58,-17,22
-59,-15,22
-59,-16,21
-59,-15,22
-58,-16,22
-58,-15,22
-58,-16,22
-58,-16,21
-61,-16,21
-59,-15,21
-59,-16,21
-59,-17,21
-59,-15,21
-60,-14,21
-59,-14,20
-60,-16,19
-60,-16,20
-59,-16,21
-59,-15,21
-59,-16,21
-59,-16,21
-59,-16,21
-59,-16,21
-59,-15,21
-59,-15,21
-59,-15,21
-59,-16,21
-59,-16,21
-59,-17,21
-59,-18,22
-59,-17,22
-58,-15,21
-59,-15,20
-59,-16,19
-51,-20,20
-60,-10,21
-56,-15,20
-61,-11,19
-58,-15,19
-60,-16,20
-58,-16,20
-59,-15,20
-61,-16,17
-64,-17,15
-58,-14,19
-60,-15,19
-59,-16,20
-59,-16,20
-60,-14,20
-62,-15,18
-63,-16,15
-66,-16,16
-68,-20,14
-70,-20,14
-67,-20,19
-61,-22,22
-46,-17,41
-47,-18,38
-52,-22,28
-47,-21,29
-42,-24,27
-42,-24,33
-40,-19,38
-47,-25,38
-44,-24,39
-46,-29,39
-46,-30,37
-45,-30,32
-46,-28,33
-59,-23,39
-55,-20,47
-26,-16,56
-43,-21,50
-46,-30,31
-34,-32,32
-16,-23,41
-14,-21,44
-25,-16,56
-27,-17,55
-27,-14,57
-30,-16,53
-19,-12,59
-24,-8,58
-24,-4,83
-6,-5,82
-14,-6,66
-12,-6,62
-3,-5,72
1,-6,77
-1,-6,74
5,-5,75
2,-9,67
-13,-14,53
-2,-17,48
1,-16,59
-14,-17,54
-32,-19,50
-28,-16,53
-12,-13,58
-18,-13,56
-39,-11,48
-36,-14,49
-29,-13,53
-27,-14,55
-34,-16,50
-40,-15,49
-38,-15,52
-35,-17,53
-33,-18,51
-34,-19,49
-29,-21,54
-24,-20,57
-16,-21,59
-21,-19,51
-38,-25,51
-35,-31,41
-35,-34,37
-49,-36,33
-46,-37,35
-56,-24,43
-39,-19,54
-30,-18,50
-24,-14,52
-46,-28,35
-56,-32,32
-42,-26,37
-39,-29,36
-46,-30,32
-50,-32,28
-46,-28,25
-56,-28,22
-52,-27,26
-54,-27,25
-55,-29,21
-51,-27,23
-57,-25,22
-58,-25,19
-62,-26,17
-59,-28,24
-57,-29,23
-55,-28,21
-59,-28,22
-55,-29,22
-52,-29,22
-53,-29,21
-53,-27,21
-51,-27,20
-50,-27,21
-51,-28,21
-52,-28,22
-52,-28,21
-53,-29,21
-51,-27,23
-50,-28,24
-56,-27,24
-54,-26,24
-50,-26,25
-51,-26,25
-54,-26,24
-54,-27,22
-53,-25,24
-52,-24,25
-53,-23,24
-52,-23,25
-58,-21,24
-56,-21,25
-56,-21,26
-58,-22,25
-56,-22,24
-58,-20,26
-58,-19,25
-57,-18,23
-56,-18,26
-52,-20,28
-52,-18,30
-68,-18,32
-60,-18,32
-48,-19,27
-51,-18,25
-52,-17,29
-57,-17,31
-57,-18,29
-52,-17,28
-57,-16,27
-59,-17,27
-56,-17,26
-55,-17,27
-58,-16,26
-58,-17,26
-55,-17,27
-56,-17,26
-57,-16,27
-55,-17,28
-55,-16,27
-56,-17,26
-57,-17,26
-56,-17,27
-55,-17,27
-56,-16,27
-56,-17,27
-56,-17,28
-55,-17,27
-56,-16,26
-57,-17,27
-56,-16,26
-57,-16,26
-57,-17,26
-56,-17,26
-57,-17,26
-57,-16,26
-56,-16,26
-57,-16,26
-56,-16,26
-56,-17,26
-56,-16,26
-56,-16,26
-57,-16,26
-56,-16,26
-57,-16,26
-57,-16,26
-56,-17,26
-57,-17,26
-57,-16,26
-57,-17,26
-56,-16,26
-57,-16,26
-57,-16,26
-56,-16,26
-57,-16,25
-56,-16,26
-57,-16,26
-57,-17,25
-57,-16,26
-57,-16,26
-57,-17,26
-57,-16,26
-57,-17,26
-57,-16,25
-57,-16,26
-56,-16,26
-57,-17,26
-57,-16,26
-57,-16,26
-57,-16,26
-57,-16,25
-57,-16,26
-56,-16,26
-57,-16,25
-57,-16,26
-57,-16,26
-56,-16,26
-57,-17,26
-56,-17,26
-57,-16,25
-57,-16,25
-57,-16,25
-57,-16,26
-57,-16,26
-57,-16,25
-57,-16,25
-57,-16,25
-57,-16,25
-57,-16,25
-57,-16,25
-58,-16,25
-57,-16,25
-57,-16,25
-57,-16,25
-57,-16,25
-57,-16,25
-57,-16,25
-57,-16,24
-57,-16,25
-57,-16,25
-57,-16,25
-57,-16,24
-57,-17,24
-58,-16,24
-57,-16,24
-57,-16,25
-58,-16,25
-57,-16,24
-57,-16,24
-58,-16,24
-58,-16,24
-57,-16,24
-57,-16,24
-57,-16,24
-57,-16,24
-57,-17,24
-58,-17,24
-57,-16,24
-57,-16,24
-58,-16,24
-57,-16,24
-58,-16,24
-58,-16,24
-57,-16,24
-57,-16,24
-57,-16,24
-58,-17,24
-58,-17,24
-57,-16,24
-57,-16,24
-58,-16,24
-58,-17,24
-57,-16,24
-58,-16,24
-57,-16,24
-57,-17,24
-57,-17,24
-57,-16,24
-57,-16,24
-57,-16,24
-57,-17,24
-57,-17,24
-57,-16,24
-57,-16,24
-57,-16,24
-58,-17,24
-57,-17,24
-57,-17,24
-57,-16,24
-58,-17,24
-58,-17,24
-57,-16,24
-57,-16,24
-57,-16,24
-57,-16,24
-57,-17,24
-57,-17,24
-58,-16,24
-57,-16,24
-58,-17,24
-57,-17,24
-57,-17,24
-57,-17,24
-57,-16,24
-58,-17,24
-57,-16,24
-57,-16,24
-57,-16,24
-58,-17,24
-58,-17,24
-57,-16,24
-57,-16,24
-58,-16,24
-57,-17,24
-57,-17,25
-57,-16,25
-57,-17,25
-57,-17,25
-57,-16,25
-58,-16,25
-57,-16,25
-57,-17,25
-57,-17,25
-57,-16,25
-57,-16,25
-57,-17,25
-58,-17,24
-57,-17,25
-57,-16,25
-57,-17,25
-57,-16,25
-57,-17,25
-57,-16,25
-57,-16,24
-57,-17,25
-57,-16,24
-57,-16,25
-57,-17,25
-57,-16,25
-57,-17,24
-57,-17,25
-57,-16,25
-57,-16,25
-57,-17,25
-57,-17,24
-57,-17,24
-57,-17,25
-58,-17,25
-57,-17,24
-57,-16,24
-57,-16,24
-57,-17,24
-57,-17,25
-57,-17,24
-57,-16,24
-57,-17,24
-58,-16,24
-57,-16,25
-57,-17,25
-57,-17,25
-57,-16,24
-57,-17,24
-57,-16,24
-57,-16,25
-57,-17,25
-57,-17,24
-57,-16,24
-57,-16,24
-57,-17,25
-57,-17,25
-58,-16,24
-57,-16,24
-57,-17,25
-58,-17,24
-57,-16,24
-57,-16,24
-57,-17,24
-58,-17,24
-57,-16,24
-57,-16,24
-57,-16,24
-57,-16,24
-57,-16,24
-58,-16,24
-57,-17,24
-57,-16,24
-58,-16,24
-57,-17,24
-57,-17,24
-58,-17,24
-57,-17,24
-57,-16,24
-58,-17,24
-58,-17,23
-58,-16,24
-58,-16,24
-58,-16,24
-58,-17,23
-58,-17,24
-57,-17,24
-57,-17,24
-57,-17,23
-58,-17,23
-58,-17,24
-57,-16,24
-58,-16,24
-58,-16,24
-57,-16,24
-57,-17,23
-58,-17,24
-58,-17,23
-58,-17,23
-58,-16,23
-58,-17,23
