"Timestamp","Given the exclusion criteria, please confirm that you qualify to participate in the experiment:","Print Prolific ID (as substitute for Name)","Please initial one option below to indicate whether or not you consent to us contacting you in the future:","Print Participant's Initials (as substitute for signature)","Please indicate your consent:"
"2024/01/18 5:44:58 PM AST","Yes","Test MT","I consent to having Caltech researchers contact me about any other studies at Caltech, regardless of regardless of who is funding the research.","MT","I consent"
"2024/02/16 1:04:30 AM AST","Yes","10Q","I consent to having Caltech researchers contact me about other studies at Caltech that are funded by non-profit organizations, government agencies, universities, and other non-commercial entities.","rls","I consent"
"2024/02/16 1:17:00 AM AST","No","10Q","I consent to having Caltech researchers contact me about any other studies at Caltech, regardless of regardless of who is funding the research.","rls","I consent"
"2024/02/16 1:24:07 AM AST","Yes","67T","I consent to having Caltech researchers contact me about any other studies at Caltech, regardless of regardless of who is funding the research.","rls","I consent"
"2024/02/16 1:25:23 AM AST","Yes","67T","I consent to having Caltech researchers contact me about other studies at Caltech that are funded by for-profit companies and other commercial entities.","rls","I consent"
"2024/02/16 1:32:15 AM AST","Yes","18Q","I consent to having Caltech researchers contact me about other studies at Caltech that are funded by non-profit organizations, government agencies, universities, and other non-commercial entities.","rls","I consent"
"2024/02/16 1:44:49 AM AST","Yes","88X","I consent to having Caltech researchers contact me about any other studies at Caltech, regardless of regardless of who is funding the research.","rls","I consent"
"2024/02/16 2:01:11 AM AST","No","70A","I consent to having Caltech researchers contact me about other studies at Caltech that are funded by for-profit companies and other commercial entities.","wer","I consent"
"2024/02/16 3:47:24 PM AST","Yes","fakeprolificid8297k3y9df","I consent to having Caltech researchers contact me about other studies at Caltech that are funded by for-profit companies and other commercial entities.","rls","I consent"
"2024/02/17 12:02:48 AM AST","Yes","49D","I consent to having Caltech researchers contact me about any other studies at Caltech, regardless of regardless of who is funding the research.","wer","I consent"
"2024/02/17 12:03:57 AM AST","No","49D","I consent to having Caltech researchers contact me about other studies at Caltech that are funded by for-profit companies and other commercial entities.","asdf","I consent"
"2024/02/17 8:04:55 AM AST","Yes","69E","I consent to having Caltech researchers contact me about other studies at Caltech that are funded by non-profit organizations, government agencies, universities, and other non-commercial entities.","sdfsd","I consent"
"2024/02/17 8:14:12 AM AST","Yes","16H","I consent to having Caltech researchers contact me about other studies at Caltech that are funded by non-profit organizations, government agencies, universities, and other non-commercial entities.","wer","I consent"
"2024/02/17 8:14:24 AM AST","Yes","93I","","","I consent"
"2024/02/17 12:26:54 PM AST","Yes","24X","I consent to having Caltech researchers contact me about other studies at Caltech that are funded by non-profit organizations, government agencies, universities, and other non-commercial entities.","er","I consent"
"2024/02/17 1:11:40 PM AST","Yes","Test Mihai Feb 17th","I do not wish to be contacted about participating in future research studies.","MT","I consent"
"2024/02/17 2:57:12 PM AST","Yes","56R","I do not wish to be contacted about participating in future research studies.","MT","I consent"
"2024/02/17 2:57:22 PM AST","Yes","66T","I do not wish to be contacted about participating in future research studies.","234","I consent"
"2024/02/17 2:58:33 PM AST","Yes","10X","I consent to having Caltech researchers contact me about any other studies at Caltech, regardless of regardless of who is funding the research.","sd","I consent"
"2024/02/17 3:02:55 PM AST","Yes","79Q","I do not wish to be contacted about participating in future research studies.","sdf","I consent"
"2024/02/17 3:04:52 PM AST","Yes","79Q","I consent to having Caltech researchers contact me about other studies at Caltech that are funded by non-profit organizations, government agencies, universities, and other non-commercial entities.","","I consent"
"2024/02/17 3:06:09 PM AST","Yes","79Q","I consent to having Caltech researchers contact me about other studies at Caltech that are funded by non-profit organizations, government agencies, universities, and other non-commercial entities.","","I consent"
"2024/02/17 3:09:56 PM AST","Yes","43H","I do not wish to be contacted about participating in future research studies.","MT","I consent"
"2024/02/17 3:10:03 PM AST","Yes","11H","I consent to having Caltech researchers contact me about other studies at Caltech that are funded by non-profit organizations, government agencies, universities, and other non-commercial entities.","sdf","I consent"
"2024/02/18 9:37:34 PM AST","Yes","91J","I consent to having Caltech researchers contact me about other studies at Caltech that are funded by non-profit organizations, government agencies, universities, and other non-commercial entities.","","I consent"
"2024/02/20 11:02:51 AM AST","Yes","81Y","I consent to having Caltech researchers contact me about other studies at Caltech that are funded by non-profit organizations, government agencies, universities, and other non-commercial entities.","","I consent"
"2024/02/20 11:08:17 AM AST","No","38J","I consent to having Caltech researchers contact me about other studies at Caltech that are funded by for-profit companies and other commercial entities.","67","I consent"
"2024/02/20 11:09:44 AM AST","Yes","38J","","","I consent"
"2024/02/20 11:11:20 AM AST","Yes","40W","I consent to having Caltech researchers contact me about other studies at Caltech that are funded by non-profit organizations, government agencies, universities, and other non-commercial entities.","","I consent"
"2024/02/20 11:32:00 AM AST","Yes","65J","I consent to having Caltech researchers contact me about any other studies at Caltech, regardless of regardless of who is funding the research.","pdf","I consent"
"2024/02/20 11:34:27 AM AST","Yes","28U","I consent to having Caltech researchers contact me about any other studies at Caltech, regardless of regardless of who is funding the research.","we","I consent"
"2024/02/20 11:35:29 AM AST","Yes","65R","I consent to having Caltech researchers contact me about other studies at Caltech that are funded by for-profit companies and other commercial entities.","","I consent"
"2024/02/20 12:32:46 PM AST","Yes","90Z","I do not wish to be contacted about participating in future research studies.","TestMT","I consent"
"2024/02/20 12:32:54 PM AST","Yes","22D","I consent to having Caltech researchers contact me about other studies at Caltech that are funded by for-profit companies and other commercial entities.","wer","I consent"
"2024/02/20 12:46:57 PM AST","Yes","54T","I do not wish to be contacted about participating in future research studies.","MT","I consent"
"2024/02/20 12:47:35 PM AST","Yes","01D","I consent to having Caltech researchers contact me about other studies at Caltech that are funded by non-profit organizations, government agencies, universities, and other non-commercial entities.","qw","I consent"
"2024/02/20 1:26:52 PM AST","Yes","63cff262503b56190be3eb18","I consent to having Caltech researchers contact me about other studies at Caltech that are funded by non-profit organizations, government agencies, universities, and other non-commercial entities.","bs","I consent"
"2024/02/20 1:26:58 PM AST","Yes","62bdc30224534809032cf056","I consent to having Caltech researchers contact me about other studies at Caltech that are funded by non-profit organizations, government agencies, universities, and other non-commercial entities.","TN","I consent"
"2024/02/20 1:27:02 PM AST","Yes","5c8db07eb1f89a0016777fe0","I consent to having Caltech researchers contact me about other studies at Caltech that are funded by non-profit organizations, government agencies, universities, and other non-commercial entities.","BD","I consent"
"2024/02/20 1:27:03 PM AST","Yes","5f3d6975ef131710ed519c7a","I consent to having Caltech researchers contact me about other studies at Caltech that are funded by non-profit organizations, government agencies, universities, and other non-commercial entities.","BS","I consent"
"2024/02/20 1:27:05 PM AST","Yes","63254db937c17e8e9200fd54","I consent to having Caltech researchers contact me about other studies at Caltech that are funded by non-profit organizations, government agencies, universities, and other non-commercial entities.","IL","I consent"
"2024/02/20 1:27:05 PM AST","Yes","63614899ad49a91f1ef09067","I consent to having Caltech researchers contact me about any other studies at Caltech, regardless of regardless of who is funding the research.","jlg","I consent"
"2024/02/20 1:27:12 PM AST","Yes","561487ad7ffc8a0012812266","I consent to having Caltech researchers contact me about any other studies at Caltech, regardless of regardless of who is funding the research.","TS","I consent"
"2024/02/20 1:27:14 PM AST","Yes","614f89a9441723072040d4de","I consent to having Caltech researchers contact me about any other studies at Caltech, regardless of regardless of who is funding the research.","RB","I consent"
"2024/02/20 1:27:45 PM AST","Yes","60c4e1091b936c7b812e5af4","I consent to having Caltech researchers contact me about any other studies at Caltech, regardless of regardless of who is funding the research.","DF","I consent"
"2024/02/20 1:28:02 PM AST","Yes","650d90ebf26334f992c31579","I consent to having Caltech researchers contact me about other studies at Caltech that are funded by non-profit organizations, government agencies, universities, and other non-commercial entities.","JV","I consent"
"2024/02/20 1:28:03 PM AST","Yes","59d9d9cd8fd07a0001842484","I consent to having Caltech researchers contact me about any other studies at Caltech, regardless of regardless of who is funding the research.","JHS","I consent"
"2024/02/20 1:28:06 PM AST","Yes","5dd2f94a238a913096c52317","I consent to having Caltech researchers contact me about other studies at Caltech that are funded by non-profit organizations, government agencies, universities, and other non-commercial entities.","JH","I consent"
"2024/02/20 1:28:13 PM AST","Yes","5e2e7d79acf5fe45b62f859a","I consent to having Caltech researchers contact me about other studies at Caltech that are funded by non-profit organizations, government agencies, universities, and other non-commercial entities.","JCG","I consent"
"2024/02/20 1:28:15 PM AST","Yes","629e241d171ec6698e05f149","I consent to having Caltech researchers contact me about any other studies at Caltech, regardless of regardless of who is funding the research.","jn","I consent"
"2024/02/20 1:28:20 PM AST","Yes","5d4869cc692e5400197a980c","I do not wish to be contacted about participating in future research studies.","LH","I consent"
"2024/02/20 1:28:32 PM AST","Yes","5e5e623737be5e1762ad4418","I consent to having Caltech researchers contact me about other studies at Caltech that are funded by non-profit organizations, government agencies, universities, and other non-commercial entities.","JV","I consent"
"2024/02/20 1:28:39 PM AST","Yes","5ecc6ffce3ca77849333e83e","I consent to having Caltech researchers contact me about other studies at Caltech that are funded by non-profit organizations, government agencies, universities, and other non-commercial entities.","jl","I consent"
"2024/02/20 1:29:38 PM AST","Yes","64c0a2d8031339ab6ec5e54a","I consent to having Caltech researchers contact me about any other studies at Caltech, regardless of regardless of who is funding the research.","A.B","I consent"
"2024/02/20 1:31:39 PM AST","Yes","59ac5e9f9fdf6c0001cba8bf","I consent to having Caltech researchers contact me about other studies at Caltech that are funded by non-profit organizations, government agencies, universities, and other non-commercial entities.","","I consent"
"2024/03/01 2:52:48 PM AST","Yes","75G","I do not wish to be contacted about participating in future research studies.","TestMT","I consent"
"2024/03/07 2:36:27 PM AST","Yes","5ecd4acdb218ec085c6eefe6","I consent to having Caltech researchers contact me about other studies at Caltech that are funded by non-profit organizations, government agencies, universities, and other non-commercial entities.","dp","I consent"
"2024/03/07 2:36:37 PM AST","Yes","6234d77291179c1badffad36","I consent to having Caltech researchers contact me about other studies at Caltech that are funded by non-profit organizations, government agencies, universities, and other non-commercial entities.","BS","I consent"
"2024/03/07 2:36:42 PM AST","Yes","46Y","I consent to having Caltech researchers contact me about any other studies at Caltech, regardless of regardless of who is funding the research.","PB","I consent"
"2024/03/07 2:36:49 PM AST","Yes","5c1053202b16ba0001c86317","I consent to having Caltech researchers contact me about any other studies at Caltech, regardless of regardless of who is funding the research.","cl","I consent"
"2024/03/07 2:36:53 PM AST","Yes","631c8e97db06f601f81bd82f","I consent to having Caltech researchers contact me about any other studies at Caltech, regardless of regardless of who is funding the research.","gm","I consent"
"2024/03/07 2:36:55 PM AST","Yes","5d88db42c1d06e001a1fdcab","I consent to having Caltech researchers contact me about any other studies at Caltech, regardless of regardless of who is funding the research.","cs","I consent"
"2024/03/07 2:36:57 PM AST","Yes","5d012930cfeb82001817c9c9","I consent to having Caltech researchers contact me about other studies at Caltech that are funded by non-profit organizations, government agencies, universities, and other non-commercial entities.","GL","I consent"
"2024/03/07 2:37:01 PM AST","Yes","24Z","I consent to having Caltech researchers contact me about any other studies at Caltech, regardless of regardless of who is funding the research.","AN","I consent"
"2024/03/07 2:37:02 PM AST","Yes","76J","I consent to having Caltech researchers contact me about any other studies at Caltech, regardless of regardless of who is funding the research.","GC","I consent"
"2024/03/07 2:37:09 PM AST","Yes","59e7d3f97f3d71000171def0","I consent to having Caltech researchers contact me about any other studies at Caltech, regardless of regardless of who is funding the research.","JR","I consent"
"2024/03/07 2:37:14 PM AST","Yes","16W","I consent to having Caltech researchers contact me about any other studies at Caltech, regardless of regardless of who is funding the research.","AG","I consent"
"2024/03/07 2:37:26 PM AST","Yes","41X","I consent to having Caltech researchers contact me about other studies at Caltech that are funded by for-profit companies and other commercial entities.","T.K.","I consent"
"2024/03/07 2:37:32 PM AST","Yes","24O","I consent to having Caltech researchers contact me about any other studies at Caltech, regardless of regardless of who is funding the research.","CBS","I consent"
"2024/03/07 2:37:33 PM AST","Yes","77U","I consent to having Caltech researchers contact me about other studies at Caltech that are funded by non-profit organizations, government agencies, universities, and other non-commercial entities.","RM","I consent"
"2024/03/07 2:37:39 PM AST","Yes","63e537a4b33c1c72be91da82","I consent to having Caltech researchers contact me about any other studies at Caltech, regardless of regardless of who is funding the research.","AS","I consent"
"2024/03/07 2:37:52 PM AST","Yes","5d88db42c1d06e001a1fdcab","I consent to having Caltech researchers contact me about any other studies at Caltech, regardless of regardless of who is funding the research.","cs","I consent"
"2024/03/07 2:38:13 PM AST","Yes","5ed543442db0060a955d12e1","I consent to having Caltech researchers contact me about any other studies at Caltech, regardless of regardless of who is funding the research.","AAP","I consent"
"2024/03/07 2:38:19 PM AST","Yes","6480bdf6d433e2e158870605","I consent to having Caltech researchers contact me about any other studies at Caltech, regardless of regardless of who is funding the research.","6480bdf6d433e2e158870605","I consent"
"2024/03/07 2:38:29 PM AST","Yes","65d942ce4ea2fe978c283416","I consent to having Caltech researchers contact me about any other studies at Caltech, regardless of regardless of who is funding the research.","HH","I consent"
"2024/03/07 2:38:31 PM AST","Yes","57a6d7fac6144900014a47e7","I consent to having Caltech researchers contact me about other studies at Caltech that are funded by non-profit organizations, government agencies, universities, and other non-commercial entities.","DM","I consent"
"2024/03/07 2:38:56 PM AST","Yes","6517301b6d21d25e19c7e501","I consent to having Caltech researchers contact me about any other studies at Caltech, regardless of regardless of who is funding the research.","AV","I consent"
"2024/03/07 2:39:50 PM AST","Yes","5d453e8723a5bb0001492546","I consent to having Caltech researchers contact me about other studies at Caltech that are funded by non-profit organizations, government agencies, universities, and other non-commercial entities.","ZZ","I consent"
"2024/03/07 2:42:10 PM AST","Yes","6287a8c4a6303ff156cd0853","I consent to having Caltech researchers contact me about any other studies at Caltech, regardless of regardless of who is funding the research.","TH","I consent"
"2024/03/07 2:53:21 PM AST","Yes","6558c5afa08ee83a08287f09","I consent to having Caltech researchers contact me about any other studies at Caltech, regardless of regardless of who is funding the research.","CT","I consent"
"2024/03/12 9:52:06 AM AST","Yes","93I","I consent to having Caltech researchers contact me about other studies at Caltech that are funded by non-profit organizations, government agencies, universities, and other non-commercial entities.","qwe","I consent"
"2024/03/12 9:54:42 AM AST","Yes","21G","I consent to having Caltech researchers contact me about other studies at Caltech that are funded by non-profit organizations, government agencies, universities, and other non-commercial entities.","","I consent"
"2024/03/14 1:29:18 PM AST","Yes","646f77d9a7d75c8264dba865","I consent to having Caltech researchers contact me about any other studies at Caltech, regardless of regardless of who is funding the research.","SH","I consent"
"2024/03/14 1:30:55 PM AST","Yes","65c128df79c460e6c2c07adc","I do not wish to be contacted about participating in future research studies.","BD","I consent"
"2024/03/14 1:31:18 PM AST","Yes","600f9342e7bc5518fa9ca92a","I consent to having Caltech researchers contact me about other studies at Caltech that are funded by non-profit organizations, government agencies, universities, and other non-commercial entities.","Jerry Dong","I consent"
"2024/03/14 1:31:23 PM AST","Yes","564d1fedb48dec0005b5191d","I consent to having Caltech researchers contact me about any other studies at Caltech, regardless of regardless of who is funding the research.","RAH","I consent"
"2024/03/14 1:31:24 PM AST","Yes","615252fe3ac6a44f68bdc779","I consent to having Caltech researchers contact me about any other studies at Caltech, regardless of regardless of who is funding the research.","FC","I consent"
"2024/03/14 1:31:25 PM AST","Yes","5f7529755aaa0e1a6e804640","I consent to having Caltech researchers contact me about other studies at Caltech that are funded by non-profit organizations, government agencies, universities, and other non-commercial entities.","KB","I consent"
"2024/03/14 1:31:34 PM AST","Yes","5669ac845bd4ff0011159b4a","I consent to having Caltech researchers contact me about other studies at Caltech that are funded by non-profit organizations, government agencies, universities, and other non-commercial entities.","5669ac845bd4ff0011159b4a","I consent"
"2024/03/14 1:31:41 PM AST","Yes","5ef4d8b87faaa00c0dea0c4e","I consent to having Caltech researchers contact me about other studies at Caltech that are funded by non-profit organizations, government agencies, universities, and other non-commercial entities.","JL","I consent"
"2024/03/14 1:32:03 PM AST","Yes","56f9364e895094000c8f4967","I consent to having Caltech researchers contact me about other studies at Caltech that are funded by non-profit organizations, government agencies, universities, and other non-commercial entities.","np","I consent"
"2024/03/14 1:32:23 PM AST","Yes","65a2bc0d60b1e46f4e1d3cc8","I consent to having Caltech researchers contact me about other studies at Caltech that are funded by non-profit organizations, government agencies, universities, and other non-commercial entities.","NA","I consent"
"2024/03/14 1:32:34 PM AST","Yes","657322bd0c81d1e8853d38e8","I consent to having Caltech researchers contact me about other studies at Caltech that are funded by non-profit organizations, government agencies, universities, and other non-commercial entities.","SH","I consent"
"2024/03/14 1:32:39 PM AST","Yes","60ff7c8f4f066ccf6fe05587","I consent to having Caltech researchers contact me about any other studies at Caltech, regardless of regardless of who is funding the research.","KI","I consent"
"2024/03/14 1:33:04 PM AST","Yes","568e7e33e3ef9e000da202a7","I consent to having Caltech researchers contact me about other studies at Caltech that are funded by non-profit organizations, government agencies, universities, and other non-commercial entities.","DF","I consent"
"2024/03/14 1:35:47 PM AST","Yes","5c3151aa0cfe9a00012f6f3f","I consent to having Caltech researchers contact me about other studies at Caltech that are funded by non-profit organizations, government agencies, universities, and other non-commercial entities.",".hp","I consent"
"2024/03/14 1:37:06 PM AST","Yes","40C","I consent to having Caltech researchers contact me about other studies at Caltech that are funded by non-profit organizations, government agencies, universities, and other non-commercial entities.","Pau Batlle Franch","I consent"
"2024/03/14 1:37:36 PM AST","Yes","44L","I consent to having Caltech researchers contact me about other studies at Caltech that are funded by non-profit organizations, government agencies, universities, and other non-commercial entities.","MF","I consent"
"2024/03/14 1:37:40 PM AST","Yes","81F","I consent to having Caltech researchers contact me about any other studies at Caltech, regardless of regardless of who is funding the research.","JL","I consent"
"2024/03/14 1:38:09 PM AST","Yes","Elizabeth Xiao","I consent to having Caltech researchers contact me about any other studies at Caltech, regardless of regardless of who is funding the research.","EX","I consent"
"2024/03/14 1:39:57 PM AST","Yes","6554ea58c859388bc801973c","I consent to having Caltech researchers contact me about any other studies at Caltech, regardless of regardless of who is funding the research.","NB","I consent"
"2024/03/14 1:40:03 PM AST","Yes","10Q","I consent to having Caltech researchers contact me about other studies at Caltech that are funded by non-profit organizations, government agencies, universities, and other non-commercial entities.","PBF","I consent"
"2024/03/14 1:40:28 PM AST","Yes","60X","I consent to having Caltech researchers contact me about any other studies at Caltech, regardless of regardless of who is funding the research.","AK","I consent"
"2024/03/14 1:44:06 PM AST","Yes","67V","I consent to having Caltech researchers contact me about other studies at Caltech that are funded by non-profit organizations, government agencies, universities, and other non-commercial entities.","BW","I consent"
"2024/04/04 3:00:42 PM AST","Yes","655fa05b1303f59972ea6555","I consent to having Caltech researchers contact me about any other studies at Caltech, regardless of regardless of who is funding the research.","CA","I consent"
"2024/04/04 3:00:45 PM AST","Yes","5e1545d9b1fb05b6369d13e8","I consent to having Caltech researchers contact me about any other studies at Caltech, regardless of regardless of who is funding the research.","AC","I consent"
"2024/04/04 3:01:03 PM AST","Yes","90M","I consent to having Caltech researchers contact me about any other studies at Caltech, regardless of regardless of who is funding the research.","JM","I consent"
"2024/04/04 3:01:09 PM AST","Yes","63d15e1be853005ff591b935","I consent to having Caltech researchers contact me about any other studies at Caltech, regardless of regardless of who is funding the research.","CC","I consent"
"2024/04/04 3:01:22 PM AST","Yes","47R","I consent to having Caltech researchers contact me about other studies at Caltech that are funded by non-profit organizations, government agencies, universities, and other non-commercial entities.","MA","I consent"
"2024/04/04 3:01:31 PM AST","Yes","07C","I consent to having Caltech researchers contact me about other studies at Caltech that are funded by non-profit organizations, government agencies, universities, and other non-commercial entities.","AP","I consent"
"2024/04/04 3:01:57 PM AST","Yes","63868eb7abcf3f247da6f52b","I consent to having Caltech researchers contact me about any other studies at Caltech, regardless of regardless of who is funding the research.","FD","I consent"
"2024/04/04 3:02:16 PM AST","Yes","31O","I consent to having Caltech researchers contact me about any other studies at Caltech, regardless of regardless of who is funding the research.","YK","I consent"
"2024/04/04 3:02:22 PM AST","Yes","5bf311373a5bf00001401f64","I consent to having Caltech researchers contact me about any other studies at Caltech, regardless of regardless of who is funding the research.","5bf311373a5bf00001401f64","I consent"
"2024/04/04 3:02:26 PM AST","Yes","64d5219df0415c9a7c609c19","I consent to having Caltech researchers contact me about any other studies at Caltech, regardless of regardless of who is funding the research.","LIM","I consent"
"2024/04/04 3:02:44 PM AST","Yes","5f48002958dd331635f1d767","","HO","I consent"
"2024/04/04 3:03:02 PM AST","Yes","5e8b32ec2c33ae7f20a0b401","I consent to having Caltech researchers contact me about other studies at Caltech that are funded by non-profit organizations, government agencies, universities, and other non-commercial entities.","yb","I consent"
"2024/04/04 3:03:02 PM AST","Yes","63X","I consent to having Caltech researchers contact me about other studies at Caltech that are funded by non-profit organizations, government agencies, universities, and other non-commercial entities.","VNV","I consent"
"2024/04/04 3:03:14 PM AST","Yes","6109de45d2153a9e677a847e","I consent to having Caltech researchers contact me about other studies at Caltech that are funded by non-profit organizations, government agencies, universities, and other non-commercial entities.","AS","I consent"
"2024/04/04 3:03:48 PM AST","Yes","5eb5f6d5e38e9f4e6c8dde3f","I consent to having Caltech researchers contact me about other studies at Caltech that are funded by non-profit organizations, government agencies, universities, and other non-commercial entities.","DT","I consent"
"2024/04/04 3:04:39 PM AST","Yes","63e576170eb086a90644efb4","I consent to having Caltech researchers contact me about any other studies at Caltech, regardless of regardless of who is funding the research.","ql","I consent"
"2024/04/04 3:04:45 PM AST","Yes","612517df29cd32c6632b4a44","I consent to having Caltech researchers contact me about any other studies at Caltech, regardless of regardless of who is funding the research.","XX","I consent"
"2024/04/04 3:04:47 PM AST","Yes","65f4ab7884f8411c9e11a34e","I consent to having Caltech researchers contact me about any other studies at Caltech, regardless of regardless of who is funding the research.","JR","I consent"
"2024/04/04 3:06:21 PM AST","Yes","31O","I consent to having Caltech researchers contact me about any other studies at Caltech, regardless of regardless of who is funding the research.","YK","I consent"
"2024/04/04 3:09:34 PM AST","Yes","63bed6e176fba857a47fbaff","I consent to having Caltech researchers contact me about other studies at Caltech that are funded by non-profit organizations, government agencies, universities, and other non-commercial entities.","Gladys","I consent"
"2024/06/04 10:28:40 AM AST","Yes","343g6dp8_01B","I consent to having Caltech researchers contact me about other studies at Caltech that are funded by non-profit organizations, government agencies, universities, and other non-commercial entities.","rls","I consent"
"2024/06/04 10:53:41 AM AST","Yes","t8osyu7s_80B","I consent to having Caltech researchers contact me about other studies at Caltech that are funded by non-profit organizations, government agencies, universities, and other non-commercial entities.","rls","I consent"
"2024/06/04 2:03:07 PM AST","Yes","65771b60491a7f2586a8e76e","I consent to having Caltech researchers contact me about any other studies at Caltech, regardless of regardless of who is funding the research.","KS","I consent"
"2024/06/04 2:03:41 PM AST","Yes","vbm55dq7_28W","I consent to having Caltech researchers contact me about other studies at Caltech that are funded by non-profit organizations, government agencies, universities, and other non-commercial entities.","LH","I consent"
"2024/06/04 2:03:50 PM AST","Yes","59966e89a2bbe000018834b8","I consent to having Caltech researchers contact me about other studies at Caltech that are funded by non-profit organizations, government agencies, universities, and other non-commercial entities.","COA","I consent"
"2024/06/04 2:03:57 PM AST","Yes","664639dd4711fff56d77ada4","I consent to having Caltech researchers contact me about any other studies at Caltech, regardless of regardless of who is funding the research.","PP","I consent"
"2024/06/04 2:03:58 PM AST","Yes","652bec7edafaf7eb52260adc","I consent to having Caltech researchers contact me about other studies at Caltech that are funded by non-profit organizations, government agencies, universities, and other non-commercial entities.","KB","I consent"
"2024/06/04 2:04:30 PM AST","Yes","5c56964991c0ad0001cfa5ae","I consent to having Caltech researchers contact me about other studies at Caltech that are funded by non-profit organizations, government agencies, universities, and other non-commercial entities.","ADM","I consent"
"2024/06/04 2:04:36 PM AST","Yes","632a1ae0d2c0c28e680e9c5a","I consent to having Caltech researchers contact me about other studies at Caltech that are funded by non-profit organizations, government agencies, universities, and other non-commercial entities.","rjs","I consent"
"2024/06/04 2:05:05 PM AST","Yes","647e0f22b1d466181ae694c4","I consent to having Caltech researchers contact me about other studies at Caltech that are funded by non-profit organizations, government agencies, universities, and other non-commercial entities.","ML","I consent"
"2024/06/04 2:05:47 PM AST","Yes","6646002255b1bdcfe331c5c4","I consent to having Caltech researchers contact me about any other studies at Caltech, regardless of regardless of who is funding the research.","KG","I consent"
"2024/06/04 2:06:03 PM AST","Yes","vbm55dq7_96M","I consent to having Caltech researchers contact me about any other studies at Caltech, regardless of regardless of who is funding the research.","DSJ","I consent"
"2024/06/04 2:06:19 PM AST","Yes","6090578fb2299eacaec32b7a","I consent to having Caltech researchers contact me about any other studies at Caltech, regardless of regardless of who is funding the research.","AT","I consent"
"2024/06/04 2:06:45 PM AST","Yes","66293cc1dcfaa310dd0f711b","I do not wish to be contacted about participating in future research studies.","CN","I consent"
"2024/06/04 2:07:12 PM AST","Yes","62b0ff84054c6ca32f481c65","I consent to having Caltech researchers contact me about other studies at Caltech that are funded by non-profit organizations, government agencies, universities, and other non-commercial entities.","KS","I consent"
"2024/06/04 2:07:18 PM AST","Yes","vbm55dq7_63A","I do not wish to be contacted about participating in future research studies.","MY","I consent"
"2024/06/04 2:07:19 PM AST","Yes","62e19208352cd518d7b2f085","I consent to having Caltech researchers contact me about other studies at Caltech that are funded by non-profit organizations, government agencies, universities, and other non-commercial entities.","KS","I consent"
"2024/06/04 2:07:24 PM AST","Yes","6638e8aa3d1f38846080806a","I consent to having Caltech researchers contact me about any other studies at Caltech, regardless of regardless of who is funding the research.","GTC","I consent"
"2024/06/04 2:07:26 PM AST","Yes","66463e4efb99fba5a67a010a","I consent to having Caltech researchers contact me about other studies at Caltech that are funded by non-profit organizations, government agencies, universities, and other non-commercial entities.","J F","I consent"
"2024/06/04 2:07:43 PM AST","Yes","5e9f3f09ccc75a0c345e4845","I consent to having Caltech researchers contact me about other studies at Caltech that are funded by non-profit organizations, government agencies, universities, and other non-commercial entities.","sd","I consent"
"2024/06/04 2:07:57 PM AST","Yes","vbm55dq7_55W","I consent to having Caltech researchers contact me about other studies at Caltech that are funded by non-profit organizations, government agencies, universities, and other non-commercial entities.","RA","I consent"
"2024/06/04 2:08:16 PM AST","Yes","5fb8c064339ea562edc00d73","I consent to having Caltech researchers contact me about any other studies at Caltech, regardless of regardless of who is funding the research.","KM","I consent"
"2024/06/04 2:08:38 PM AST","Yes","664299802cd8985e29fc6573","I do not wish to be contacted about participating in future research studies.","CS","I consent"
"2024/06/04 2:09:03 PM AST","Yes","vbm55dq7_92P","I consent to having Caltech researchers contact me about any other studies at Caltech, regardless of regardless of who is funding the research.","AB","I consent"
"2024/06/04 2:10:52 PM AST","Yes","vbm55dq7_60Q","I consent to having Caltech researchers contact me about other studies at Caltech that are funded by non-profit organizations, government agencies, universities, and other non-commercial entities.","AN","I consent"
"2024/06/04 2:11:14 PM AST","Yes","6639294aecf47d087656fe71","I consent to having Caltech researchers contact me about other studies at Caltech that are funded by non-profit organizations, government agencies, universities, and other non-commercial entities.","tec","I consent"
"2024/06/04 2:18:07 PM AST","Yes","65fae5364f7c7bd6c75658b6","I consent to having Caltech researchers contact me about any other studies at Caltech, regardless of regardless of who is funding the research.","PM","I consent"
"2024/06/04 2:18:57 PM AST","Yes","65fae5364f7c7bd6c75658b6","I consent to having Caltech researchers contact me about any other studies at Caltech, regardless of regardless of who is funding the research.","PM","I consent"
"2024/06/14 11:35:33 PM AST","Yes","d0nkn0ji_77M","I do not wish to be contacted about participating in future research studies.","MT","I consent"
"2024/06/20 12:58:22 PM AST","Yes","5d63179aa3b94d0001da4bb6","I consent to having Caltech researchers contact me about any other studies at Caltech, regardless of regardless of who is funding the research.","KB","I consent"
"2024/06/20 12:58:30 PM AST","Yes","653703627539f3a8b2ed4af3","I consent to having Caltech researchers contact me about any other studies at Caltech, regardless of regardless of who is funding the research.","JS","I consent"
"2024/06/20 12:58:52 PM AST","Yes","6642bc68a8130f486d2ae4b0","I consent to having Caltech researchers contact me about other studies at Caltech that are funded by non-profit organizations, government agencies, universities, and other non-commercial entities.","cs","I consent"
"2024/06/20 12:58:56 PM AST","Yes","663ed306e45b308e3a7b1f8d","I consent to having Caltech researchers contact me about other studies at Caltech that are funded by non-profit organizations, government agencies, universities, and other non-commercial entities.","NL","I consent"
"2024/06/20 12:59:04 PM AST","Yes","56f1d53bf2df32000b8f3748","I consent to having Caltech researchers contact me about any other studies at Caltech, regardless of regardless of who is funding the research.","PM","I consent"
"2024/06/20 12:59:10 PM AST","Yes","5a95a63e4eecca0001dd4cfa","I consent to having Caltech researchers contact me about any other studies at Caltech, regardless of regardless of who is funding the research.","DT","I consent"
"2024/06/20 12:59:15 PM AST","Yes","612962f44f151ddfd0298c52","I consent to having Caltech researchers contact me about any other studies at Caltech, regardless of regardless of who is funding the research.","JS","I consent"
"2024/06/20 12:59:18 PM AST","Yes","632b947efa9da6a9bde31f94","I consent to having Caltech researchers contact me about any other studies at Caltech, regardless of regardless of who is funding the research.","hg","I consent"
"2024/06/20 12:59:22 PM AST","Yes","59894fbbda239a0001fb8e16","I consent to having Caltech researchers contact me about other studies at Caltech that are funded by non-profit organizations, government agencies, universities, and other non-commercial entities.","pm","I consent"
"2024/06/20 12:59:27 PM AST","Yes","651c4484ba17050f6b716614","I consent to having Caltech researchers contact me about other studies at Caltech that are funded by non-profit organizations, government agencies, universities, and other non-commercial entities.","zs","I consent"
"2024/06/20 12:59:35 PM AST","Yes","65ef1b4257164ebb8e1db886","I consent to having Caltech researchers contact me about any other studies at Caltech, regardless of regardless of who is funding the research.","hb","I consent"
"2024/06/20 12:59:36 PM AST","Yes","5dce29700ad506063969a4a5","I consent to having Caltech researchers contact me about other studies at Caltech that are funded by non-profit organizations, government agencies, universities, and other non-commercial entities.","TW","I consent"
"2024/06/20 12:59:42 PM AST","Yes","5d19281012e152001920227f","I consent to having Caltech researchers contact me about any other studies at Caltech, regardless of regardless of who is funding the research.","AP","I consent"
"2024/06/20 12:59:51 PM AST","Yes","5f504fd2cc049d1cbf29c40d","I consent to having Caltech researchers contact me about other studies at Caltech that are funded by non-profit organizations, government agencies, universities, and other non-commercial entities.","J.C.","I consent"
"2024/06/20 1:00:42 PM AST","Yes","659daa1ed4e13d6428103c1f","I consent to having Caltech researchers contact me about any other studies at Caltech, regardless of regardless of who is funding the research.","SA","I consent"
"2024/06/20 1:01:33 PM AST","Yes","6267c3d17f88988d0d787c7f","I consent to having Caltech researchers contact me about other studies at Caltech that are funded by non-profit organizations, government agencies, universities, and other non-commercial entities.","6267c3d17f88988d0d787c7f","I consent"
"2024/06/20 1:02:06 PM AST","Yes","4vs1ljv7_03Q","I consent to having Caltech researchers contact me about any other studies at Caltech, regardless of regardless of who is funding the research.","AI","I consent"
"2024/06/20 1:02:09 PM AST","Yes","612962f44f151ddfd0298c52","I consent to having Caltech researchers contact me about any other studies at Caltech, regardless of regardless of who is funding the research.","JS","I consent"
"2024/06/20 1:02:45 PM AST","Yes","60f5f8769fc9289a9e518129","I do not wish to be contacted about participating in future research studies.","NP","I consent"
"2024/06/20 1:04:39 PM AST","Yes","4vs1ljv7_33S","I consent to having Caltech researchers contact me about other studies at Caltech that are funded by non-profit organizations, government agencies, universities, and other non-commercial entities.","Nikita Kosogorov","I consent"
"2024/06/20 1:05:13 PM AST","Yes","4vs1ljv7_89Z","I consent to having Caltech researchers contact me about other studies at Caltech that are funded by non-profit organizations, government agencies, universities, and other non-commercial entities.","89Z","I consent"
"2024/06/20 1:05:47 PM AST","Yes","4vs1ljv7_09T","I consent to having Caltech researchers contact me about any other studies at Caltech, regardless of regardless of who is funding the research.","MK","I consent"
"2024/06/20 1:07:05 PM AST","Yes","4vs1ljv7_33G","I consent to having Caltech researchers contact me about other studies at Caltech that are funded by non-profit organizations, government agencies, universities, and other non-commercial entities.","ERB","I consent"
"2024/06/20 1:08:29 PM AST","Yes","66601438206fb7fc6c48a81f","I consent to having Caltech researchers contact me about any other studies at Caltech, regardless of regardless of who is funding the research.","SJ","I consent"
"2024/06/20 1:08:31 PM AST","Yes","4vs1ljv7_69G","I consent to having Caltech researchers contact me about any other studies at Caltech, regardless of regardless of who is funding the research.","ck","I consent"
"2024/06/20 1:08:43 PM AST","Yes","613e77b91fc96b58404a4584","","","I consent"
"2024/06/20 1:10:11 PM AST","Yes","5c560b6fccb08c0001e134a8","I consent to having Caltech researchers contact me about other studies at Caltech that are funded by non-profit organizations, government agencies, universities, and other non-commercial entities.","CJ","I consent"
"2024/06/20 1:14:17 PM AST","Yes","6655e4f304ea91b8ecb46edc","I consent to having Caltech researchers contact me about other studies at Caltech that are funded by non-profit organizations, government agencies, universities, and other non-commercial entities.","DN","I consent"
"2024/07/02 1:29:29 PM AST","Yes","r0fz6tf4_57R","I consent to having Caltech researchers contact me about any other studies at Caltech, regardless of regardless of who is funding the research.","RJ","I consent"
"2024/07/02 1:29:49 PM AST","Yes","r0fz6tf4_03A","I consent to having Caltech researchers contact me about other studies at Caltech that are funded by non-profit organizations, government agencies, universities, and other non-commercial entities.","AN","I consent"
"2024/07/02 1:31:39 PM AST","Yes","56f9364e895094000c8f4967","I consent to having Caltech researchers contact me about other studies at Caltech that are funded by non-profit organizations, government agencies, universities, and other non-commercial entities.","np","I consent"
"2024/07/02 1:31:47 PM AST","Yes","5c95493ddd325800166f838a","I consent to having Caltech researchers contact me about any other studies at Caltech, regardless of regardless of who is funding the research.","DB","I consent"
"2024/07/02 1:31:48 PM AST","Yes","559c3b0efdf99b32b6963e81","I consent to having Caltech researchers contact me about any other studies at Caltech, regardless of regardless of who is funding the research.","TS","I consent"
"2024/07/02 1:31:52 PM AST","Yes","660452d6f4aa3a41d687885b","I do not wish to be contacted about participating in future research studies.","HK","I consent"
"2024/07/02 1:32:00 PM AST","Yes","6679a7429f703992d1619bdc","I consent to having Caltech researchers contact me about other studies at Caltech that are funded by non-profit organizations, government agencies, universities, and other non-commercial entities.","JC","I consent"
"2024/07/02 1:32:03 PM AST","Yes","664d22bd125af12d9d859875","I consent to having Caltech researchers contact me about any other studies at Caltech, regardless of regardless of who is funding the research.","gm","I consent"
"2024/07/02 1:32:07 PM AST","Yes","62cd43d66c2dd7ae9ab53ae7","I consent to having Caltech researchers contact me about other studies at Caltech that are funded by non-profit organizations, government agencies, universities, and other non-commercial entities.","SW","I consent"
"2024/07/02 1:32:15 PM AST","Yes","5658000ca9872d0011e1ba26","I consent to having Caltech researchers contact me about any other studies at Caltech, regardless of regardless of who is funding the research.","","I consent"
"2024/07/02 1:32:17 PM AST","Yes","6605c7c89ba2e71bdfa91861","I consent to having Caltech researchers contact me about any other studies at Caltech, regardless of regardless of who is funding the research.","ge","I consent"
"2024/07/02 1:32:19 PM AST","Yes","665ca5c19424301a3658f79c","I consent to having Caltech researchers contact me about other studies at Caltech that are funded by non-profit organizations, government agencies, universities, and other non-commercial entities.","MM","I consent"
"2024/07/02 1:32:23 PM AST","Yes","r0fz6tf4_25L","","IB","I consent"
"2024/07/02 1:32:56 PM AST","Yes","56e8bf5a870a8e000b4a8d6e","I consent to having Caltech researchers contact me about any other studies at Caltech, regardless of regardless of who is funding the research.","EO","I consent"
"2024/07/02 1:33:20 PM AST","Yes","60e8b06bfb1c78d450ae9f79","","hn","I consent"
"2024/07/02 1:33:27 PM AST","Yes","6569e36fbfc7a701e7446cd7","I consent to having Caltech researchers contact me about any other studies at Caltech, regardless of regardless of who is funding the research.","MA","I consent"
"2024/07/02 1:33:50 PM AST","Yes","663a63f7d07fee78a65a31a6","I consent to having Caltech researchers contact me about any other studies at Caltech, regardless of regardless of who is funding the research.","GC","I consent"
"2024/07/02 1:33:52 PM AST","Yes","65cce024500351e8c8f7ff26","I consent to having Caltech researchers contact me about other studies at Caltech that are funded by non-profit organizations, government agencies, universities, and other non-commercial entities.","TT","I consent"
"2024/07/02 1:34:46 PM AST","Yes","r0fz6tf4_46V","I consent to having Caltech researchers contact me about other studies at Caltech that are funded by non-profit organizations, government agencies, universities, and other non-commercial entities.","KH","I consent"
"2024/07/02 1:34:52 PM AST","Yes","65a2bc0d60b1e46f4e1d3cc8","I consent to having Caltech researchers contact me about any other studies at Caltech, regardless of regardless of who is funding the research.","S","I consent"
"2024/07/02 1:36:32 PM AST","Yes","5cc5e72ce3c44e0015fdf990","I consent to having Caltech researchers contact me about any other studies at Caltech, regardless of regardless of who is funding the research.","LL","I consent"
"2024/07/02 1:37:10 PM AST","Yes","r0fz6tf4_60W","I consent to having Caltech researchers contact me about other studies at Caltech that are funded by non-profit organizations, government agencies, universities, and other non-commercial entities.","JB","I consent"
"2024/07/02 1:37:29 PM AST","Yes","63bd81516745e78ee7f50f7f","I consent to having Caltech researchers contact me about any other studies at Caltech, regardless of regardless of who is funding the research.","dg","I consent"
"2024/07/02 1:39:58 PM AST","Yes","5c3e82e91580e9000122d204","I consent to having Caltech researchers contact me about other studies at Caltech that are funded by non-profit organizations, government agencies, universities, and other non-commercial entities.","VM","I consent"
"2024/07/02 1:59:55 PM AST","Yes","62fba37f3560a85b4eb94aac","I consent to having Caltech researchers contact me about other studies at Caltech that are funded by non-profit organizations, government agencies, universities, and other non-commercial entities.","JJ","I consent"
"2024/07/03 12:59:41 PM AST","Yes","5ffe235ea848b74a3b3ccd07","I consent to having Caltech researchers contact me about other studies at Caltech that are funded by non-profit organizations, government agencies, universities, and other non-commercial entities.","RG","I consent"
"2024/07/03 12:59:43 PM AST","Yes","6671fc5b2f117a03aa5ac45e","I consent to having Caltech researchers contact me about any other studies at Caltech, regardless of regardless of who is funding the research.","ER","I consent"
"2024/07/03 12:59:50 PM AST","Yes","63e802622f8052bd67d6c5f0","I consent to having Caltech researchers contact me about other studies at Caltech that are funded by for-profit companies and other commercial entities.","nl","I consent"
"2024/07/03 12:59:57 PM AST","Yes","651c4484ba17050f6b716614","I consent to having Caltech researchers contact me about other studies at Caltech that are funded by non-profit organizations, government agencies, universities, and other non-commercial entities.","zs","I consent"
"2024/07/03 1:00:33 PM AST","Yes","656e8efb6e6610ae2d831f07","I consent to having Caltech researchers contact me about other studies at Caltech that are funded by non-profit organizations, government agencies, universities, and other non-commercial entities.","SG","I consent"
"2024/07/03 1:00:33 PM AST","Yes","60b49cb1dc5470789edd23fe","I consent to having Caltech researchers contact me about other studies at Caltech that are funded by non-profit organizations, government agencies, universities, and other non-commercial entities.","NF","I consent"
"2024/07/03 1:00:35 PM AST","Yes","60b69129f584ee4e38acf2a0","I consent to having Caltech researchers contact me about any other studies at Caltech, regardless of regardless of who is funding the research.","PS","I consent"
"2024/07/03 1:00:38 PM AST","Yes","65e1f75ab3efd22e847cfbf0","I consent to having Caltech researchers contact me about other studies at Caltech that are funded by non-profit organizations, government agencies, universities, and other non-commercial entities.","SJD","I consent"
"2024/07/03 1:01:09 PM AST","Yes","63e885e4e1fc973179d56f63","I consent to having Caltech researchers contact me about other studies at Caltech that are funded by non-profit organizations, government agencies, universities, and other non-commercial entities.","kb","I consent"
"2024/07/03 1:01:17 PM AST","Yes","r46wgr8m_10G","I consent to having Caltech researchers contact me about any other studies at Caltech, regardless of regardless of who is funding the research.","CDC","I consent"
"2024/07/03 1:01:17 PM AST","Yes","65577234800b1fea9ae3cf4d","I consent to having Caltech researchers contact me about other studies at Caltech that are funded by non-profit organizations, government agencies, universities, and other non-commercial entities.","IB","I consent"
"2024/07/03 1:01:58 PM AST","Yes","r46wgr8m_15R","I consent to having Caltech researchers contact me about other studies at Caltech that are funded by non-profit organizations, government agencies, universities, and other non-commercial entities.","JB","I consent"
"2024/07/03 1:02:47 PM AST","Yes","r46wgr8m_66K","I consent to having Caltech researchers contact me about other studies at Caltech that are funded by non-profit organizations, government agencies, universities, and other non-commercial entities.","EF","I consent"
"2024/07/03 1:02:51 PM AST","Yes","r46wgr8m_69D","I consent to having Caltech researchers contact me about other studies at Caltech that are funded by non-profit organizations, government agencies, universities, and other non-commercial entities.","","I consent"
"2024/07/03 1:03:22 PM AST","Yes","62cd43d66c2dd7ae9ab53ae7","I consent to having Caltech researchers contact me about other studies at Caltech that are funded by non-profit organizations, government agencies, universities, and other non-commercial entities.","SW","I consent"
"2024/07/03 1:03:27 PM AST","Yes","65e1f75ab3efd22e847cfbf0","I consent to having Caltech researchers contact me about other studies at Caltech that are funded by non-profit organizations, government agencies, universities, and other non-commercial entities.","65e1f75ab3efd22e847cfbf0","I consent"
"2024/07/03 1:03:36 PM AST","Yes","663f5fb67d8156c7438142bb","I consent to having Caltech researchers contact me about other studies at Caltech that are funded by non-profit organizations, government agencies, universities, and other non-commercial entities.","R.L","I consent"
"2024/07/03 1:03:46 PM AST","Yes","r46wgr8m_17T","I consent to having Caltech researchers contact me about any other studies at Caltech, regardless of regardless of who is funding the research.","KL","I consent"
"2024/07/03 1:04:21 PM AST","Yes","r46wgr8m_46C","I consent to having Caltech researchers contact me about any other studies at Caltech, regardless of regardless of who is funding the research.","LL","I consent"
"2024/07/03 1:07:49 PM AST","Yes","6267c3d17f88988d0d787c7f","I consent to having Caltech researchers contact me about other studies at Caltech that are funded by non-profit organizations, government agencies, universities, and other non-commercial entities.","6267c3d17f88988d0d787c7f","I consent"
"2024/07/03 1:08:36 PM AST","Yes","62b9c2f1e55fe9f17dfedc5d","I consent to having Caltech researchers contact me about other studies at Caltech that are funded by non-profit organizations, government agencies, universities, and other non-commercial entities.","EF","I consent"
"2024/07/03 1:12:26 PM AST","Yes","664536a6f1ea02e2f415a56b","I consent to having Caltech researchers contact me about any other studies at Caltech, regardless of regardless of who is funding the research.","Allison Goines","I consent"
"2024/07/03 1:12:38 PM AST","Yes","665dd4ef9ba81d499d675de5","I consent to having Caltech researchers contact me about other studies at Caltech that are funded by non-profit organizations, government agencies, universities, and other non-commercial entities.","JJ","I consent"
"2024/07/03 1:13:01 PM AST","Yes","666b7281d75f7b1b5c9e653c","I consent to having Caltech researchers contact me about other studies at Caltech that are funded by non-profit organizations, government agencies, universities, and other non-commercial entities.","I","I consent"
"2024/07/03 1:13:26 PM AST","Yes","6554ea27378d1f1b846788b3","I consent to having Caltech researchers contact me about other studies at Caltech that are funded by for-profit companies and other commercial entities.","AL","I consent"
"2024/07/03 1:14:26 PM AST","Yes","6554ea27378d1f1b846788b3","I consent to having Caltech researchers contact me about any other studies at Caltech, regardless of regardless of who is funding the research.","AL","I consent"
"2024/07/03 1:15:18 PM AST","Yes","6554ea27378d1f1b846788b3","I consent to having Caltech researchers contact me about any other studies at Caltech, regardless of regardless of who is funding the research.","AL","I consent"
"2024/07/03 1:18:22 PM AST","Yes","65f7fbb178b358ac91094fec","I consent to having Caltech researchers contact me about any other studies at Caltech, regardless of regardless of who is funding the research.","K.A.","I consent"
"2024/07/08 3:59:38 PM AST","Yes","5e06ecd524f9390991997bb7","I consent to having Caltech researchers contact me about other studies at Caltech that are funded by non-profit organizations, government agencies, universities, and other non-commercial entities.","AD","I consent"
"2024/07/08 3:59:48 PM AST","Yes","5e3adfc595ff562fbdd130fa","I consent to having Caltech researchers contact me about any other studies at Caltech, regardless of regardless of who is funding the research.","T.K.","I consent"
"2024/07/08 3:59:53 PM AST","Yes","5f7529755aaa0e1a6e804640","I consent to having Caltech researchers contact me about any other studies at Caltech, regardless of regardless of who is funding the research.","KB","I consent"
"2024/07/08 3:59:58 PM AST","Yes","65a4333efc75f965e7fc0cb5","I consent to having Caltech researchers contact me about any other studies at Caltech, regardless of regardless of who is funding the research.","VG","I consent"
"2024/07/08 4:00:14 PM AST","Yes","5e050b28c76aa6f62aa71c50","I consent to having Caltech researchers contact me about other studies at Caltech that are funded by non-profit organizations, government agencies, universities, and other non-commercial entities.","SV","I consent"
"2024/07/08 4:00:40 PM AST","Yes","ao7syclg_98A","I consent to having Caltech researchers contact me about any other studies at Caltech, regardless of regardless of who is funding the research.","AS","I consent"
"2024/07/08 4:00:46 PM AST","Yes","66463ba8fac8591a6734db5b","","WS","I consent"
"2024/07/08 4:00:52 PM AST","Yes","654673a478fa48783a0ad5bc","I consent to having Caltech researchers contact me about any other studies at Caltech, regardless of regardless of who is funding the research.","LB","I consent"
"2024/07/08 4:01:15 PM AST","Yes","5e3adfc595ff562fbdd130fa","I consent to having Caltech researchers contact me about any other studies at Caltech, regardless of regardless of who is funding the research.","T.K.","I consent"
"2024/07/08 4:01:33 PM AST","Yes","654673a478fa48783a0ad5bc","I consent to having Caltech researchers contact me about any other studies at Caltech, regardless of regardless of who is funding the research.","LB","I consent"
"2024/07/08 4:01:35 PM AST","Yes","66759eb2274a4f10deeba339","I do not wish to be contacted about participating in future research studies.","fh","I consent"
"2024/07/08 4:01:37 PM AST","Yes","5ee5e3b02eebe932ee9559c5","I consent to having Caltech researchers contact me about any other studies at Caltech, regardless of regardless of who is funding the research.","JD","I consent"
"2024/07/08 4:01:41 PM AST","Yes","6529c6cd086dd362bc291f14","I consent to having Caltech researchers contact me about other studies at Caltech that are funded by non-profit organizations, government agencies, universities, and other non-commercial entities.","Et","I consent"
"2024/07/08 4:01:47 PM AST","Yes","664499169568969244950bf4","I consent to having Caltech researchers contact me about any other studies at Caltech, regardless of regardless of who is funding the research.","xcape","I consent"
"2024/07/08 4:01:58 PM AST","Yes","ao7syclg_95Z","I consent to having Caltech researchers contact me about any other studies at Caltech, regardless of regardless of who is funding the research.","SP","I consent"
"2024/07/08 4:02:01 PM AST","Yes","66882c4e8bcda7f9bf988fe1","I consent to having Caltech researchers contact me about other studies at Caltech that are funded by non-profit organizations, government agencies, universities, and other non-commercial entities.","KT","I consent"
"2024/07/08 4:02:05 PM AST","Yes","66759eb2274a4f10deeba339","I do not wish to be contacted about participating in future research studies.","fh","I consent"
"2024/07/08 4:03:10 PM AST","Yes","6654b7668e8642303bbc2fa7","I consent to having Caltech researchers contact me about other studies at Caltech that are funded by non-profit organizations, government agencies, universities, and other non-commercial entities.","KM","I consent"
"2024/07/08 4:03:48 PM AST","Yes","66882c4e8bcda7f9bf988fe1","I consent to having Caltech researchers contact me about other studies at Caltech that are funded by non-profit organizations, government agencies, universities, and other non-commercial entities.","KT","I consent"
"2024/07/08 4:03:50 PM AST","Yes","ao7syclg_05Z","I consent to having Caltech researchers contact me about any other studies at Caltech, regardless of regardless of who is funding the research.","LF","I consent"
"2024/07/08 4:04:12 PM AST","Yes","661b3eeea891251d71cf97d5","I consent to having Caltech researchers contact me about other studies at Caltech that are funded by non-profit organizations, government agencies, universities, and other non-commercial entities.","JO","I consent"
"2024/07/08 4:04:27 PM AST","Yes","666303d485d352f6067b1f38","I consent to having Caltech researchers contact me about other studies at Caltech that are funded by non-profit organizations, government agencies, universities, and other non-commercial entities.","Anderson","I consent"
"2024/07/08 4:04:51 PM AST","Yes","665f2bff5d2a93a43162960f","I consent to having Caltech researchers contact me about any other studies at Caltech, regardless of regardless of who is funding the research.","CMS","I consent"
"2024/07/08 4:04:57 PM AST","Yes","627809c52874925390a423a6","I consent to having Caltech researchers contact me about other studies at Caltech that are funded by non-profit organizations, government agencies, universities, and other non-commercial entities.","BL","I consent"
"2024/07/08 4:05:37 PM AST","Yes","ao7syclg_49A","I consent to having Caltech researchers contact me about any other studies at Caltech, regardless of regardless of who is funding the research.","BH","I consent"
"2024/07/08 4:05:40 PM AST","Yes","ao7syclg_07P","I consent to having Caltech researchers contact me about any other studies at Caltech, regardless of regardless of who is funding the research.","NC","I consent"
"2024/07/08 4:05:45 PM AST","Yes","664b804f02ee82829c916d49","I consent to having Caltech researchers contact me about other studies at Caltech that are funded by non-profit organizations, government agencies, universities, and other non-commercial entities.","SY","I consent"
"2024/07/08 4:05:57 PM AST","Yes","ao7syclg_72T","I consent to having Caltech researchers contact me about any other studies at Caltech, regardless of regardless of who is funding the research.","LJ","I consent"
"2024/07/08 4:06:23 PM AST","Yes","6685abbd83e060274844e7f2","I consent to having Caltech researchers contact me about other studies at Caltech that are funded by non-profit organizations, government agencies, universities, and other non-commercial entities.","tsm","I consent"
"2024/07/08 4:11:56 PM AST","Yes","6685abbd83e060274844e7f2","I consent to having Caltech researchers contact me about other studies at Caltech that are funded by non-profit organizations, government agencies, universities, and other non-commercial entities.","TSM","I consent"
"2024/07/09 3:55:10 PM AST","Yes","kfzc0i99_82W","I consent to having Caltech researchers contact me about any other studies at Caltech, regardless of regardless of who is funding the research.","LNVL","I consent"
"2024/07/09 3:57:33 PM AST","Yes","TQ","I consent to having Caltech researchers contact me about any other studies at Caltech, regardless of regardless of who is funding the research.","TQ","I consent"
"2024/07/09 4:02:44 PM AST","Yes","5885f97f41da4500014d3645","I consent to having Caltech researchers contact me about any other studies at Caltech, regardless of regardless of who is funding the research.","BT","I consent"
"2024/07/09 4:03:18 PM AST","Yes","639a377ae81184e896e1daaf","I consent to having Caltech researchers contact me about other studies at Caltech that are funded by non-profit organizations, government agencies, universities, and other non-commercial entities.","","I consent"
"2024/07/09 4:03:24 PM AST","Yes","5c9623dd35599200175642e4","I consent to having Caltech researchers contact me about any other studies at Caltech, regardless of regardless of who is funding the research.","KT","I consent"
"2024/07/09 4:03:28 PM AST","Yes","kfzc0i99_50M","I consent to having Caltech researchers contact me about any other studies at Caltech, regardless of regardless of who is funding the research.","JD","I consent"
"2024/07/09 4:03:29 PM AST","Yes","663a7af013938e6bbfb065d5","I consent to having Caltech researchers contact me about other studies at Caltech that are funded by non-profit organizations, government agencies, universities, and other non-commercial entities.","PS","I consent"
"2024/07/09 4:03:34 PM AST","Yes","5bf0b1ecaf38d100016bd609","I consent to having Caltech researchers contact me about any other studies at Caltech, regardless of regardless of who is funding the research.","CW","I consent"
"2024/07/09 4:03:35 PM AST","Yes","667b5427190429e5c81518f2","I consent to having Caltech researchers contact me about any other studies at Caltech, regardless of regardless of who is funding the research.","NR","I consent"
"2024/07/09 4:03:58 PM AST","Yes","66429bad9e92786ee8928856","I consent to having Caltech researchers contact me about any other studies at Caltech, regardless of regardless of who is funding the research.","PL","I consent"
"2024/07/09 4:04:08 PM AST","Yes","61115178c8a4bbd5832f32ba","I consent to having Caltech researchers contact me about other studies at Caltech that are funded by non-profit organizations, government agencies, universities, and other non-commercial entities.","AL","I consent"
"2024/07/09 4:04:08 PM AST","Yes","667b252c7a8e4a841804560d","I consent to having Caltech researchers contact me about any other studies at Caltech, regardless of regardless of who is funding the research.","MA","I consent"
"2024/07/09 4:04:11 PM AST","Yes","5700616b8a49c7000d0c73ad","I consent to having Caltech researchers contact me about any other studies at Caltech, regardless of regardless of who is funding the research.","CD","I consent"
"2024/07/09 4:04:35 PM AST","Yes","65412ca42e0e2fbb27b8a7b2","I consent to having Caltech researchers contact me about other studies at Caltech that are funded by non-profit organizations, government agencies, universities, and other non-commercial entities.","AAA","I consent"
"2024/07/09 4:04:56 PM AST","Yes","666e02576e916cd782e9ae12","I do not wish to be contacted about participating in future research studies.","WC","I consent"
"2024/07/09 4:05:03 PM AST","Yes","66491e9882aaa64c5d0911d5","I consent to having Caltech researchers contact me about other studies at Caltech that are funded by non-profit organizations, government agencies, universities, and other non-commercial entities.","DW","I consent"
"2024/07/09 4:05:46 PM AST","Yes","65412ca42e0e2fbb27b8a7b2","I consent to having Caltech researchers contact me about other studies at Caltech that are funded by non-profit organizations, government agencies, universities, and other non-commercial entities.","AAA","I consent"
"2024/07/09 4:06:04 PM AST","Yes","663c18b624172c32a8dbb066","I consent to having Caltech researchers contact me about other studies at Caltech that are funded by non-profit organizations, government agencies, universities, and other non-commercial entities.","AO","I consent"
"2024/07/09 4:07:05 PM AST","Yes","6595e3b4dc9090390e4edb5f","I consent to having Caltech researchers contact me about any other studies at Caltech, regardless of regardless of who is funding the research.","SL","I consent"
"2024/07/09 4:08:09 PM AST","Yes","663c18b624172c32a8dbb066","I consent to having Caltech researchers contact me about other studies at Caltech that are funded by non-profit organizations, government agencies, universities, and other non-commercial entities.","AO","I consent"
"2024/07/09 4:09:09 PM AST","Yes","5e126c25a98a7a8fab258f14","I do not wish to be contacted about participating in future research studies.","AY","I consent"
"2024/07/09 4:09:55 PM AST","Yes","6561435b409147a77be889dd","I consent to having Caltech researchers contact me about other studies at Caltech that are funded by non-profit organizations, government agencies, universities, and other non-commercial entities.","","I consent"
"2024/07/09 4:19:39 PM AST","Yes","kfzc0i99_59A","I consent to having Caltech researchers contact me about other studies at Caltech that are funded by non-profit organizations, government agencies, universities, and other non-commercial entities.","SJ","I consent"
"2024/07/10 1:26:29 PM AST","Yes","d01q58pi_34H","I consent to having Caltech researchers contact me about any other studies at Caltech, regardless of regardless of who is funding the research.","GS","I consent"
"2024/07/10 1:27:49 PM AST","Yes","d01q58pi_87O","I consent to having Caltech researchers contact me about any other studies at Caltech, regardless of regardless of who is funding the research.","AB","I consent"
"2024/07/10 1:32:54 PM AST","Yes","6634c1d8631a52e31f7bbfd1","I consent to having Caltech researchers contact me about other studies at Caltech that are funded by non-profit organizations, government agencies, universities, and other non-commercial entities.","YZ","I consent"
"2024/07/10 1:33:13 PM AST","Yes","66613916abcfcbe01b57b32a","I consent to having Caltech researchers contact me about other studies at Caltech that are funded by non-profit organizations, government agencies, universities, and other non-commercial entities.","EM","I consent"
"2024/07/10 1:33:16 PM AST","Yes","5cf5ea4dea7a80000156520e","I consent to having Caltech researchers contact me about other studies at Caltech that are funded by non-profit organizations, government agencies, universities, and other non-commercial entities.","JH","I consent"
"2024/07/10 1:33:31 PM AST","Yes","5b07b71c68eff50001d1c859","","tt","I consent"
"2024/07/10 1:33:34 PM AST","Yes","5b9c2c816f92f30001ecce7a","I consent to having Caltech researchers contact me about any other studies at Caltech, regardless of regardless of who is funding the research.","CS","I consent"
"2024/07/10 1:33:34 PM AST","Yes","66413412d9d93d6b67936792","I consent to having Caltech researchers contact me about other studies at Caltech that are funded by non-profit organizations, government agencies, universities, and other non-commercial entities.","DC","I consent"
"2024/07/10 1:33:43 PM AST","Yes","62a0b34cbcc5987a8fa73c39","I consent to having Caltech researchers contact me about other studies at Caltech that are funded by non-profit organizations, government agencies, universities, and other non-commercial entities.","PG","I consent"
"2024/07/10 1:34:15 PM AST","Yes","6018a5c0e1600b187ccb8693","I consent to having Caltech researchers contact me about any other studies at Caltech, regardless of regardless of who is funding the research.","ar","I consent"
"2024/07/10 1:34:34 PM AST","Yes","66799662d6513151e840c6af","I consent to having Caltech researchers contact me about other studies at Caltech that are funded by non-profit organizations, government agencies, universities, and other non-commercial entities.","XX","I consent"
"2024/07/10 1:34:36 PM AST","Yes","668a2372b4438a45e1040399","I do not wish to be contacted about participating in future research studies.","CT","I consent"
"2024/07/10 1:34:38 PM AST","Yes","666b01e50f90e4a24a5b5ea3","I consent to having Caltech researchers contact me about other studies at Caltech that are funded by non-profit organizations, government agencies, universities, and other non-commercial entities.","JW","I consent"
"2024/07/10 1:34:52 PM AST","Yes","6674d3e9992c153b1f2f0632","I consent to having Caltech researchers contact me about other studies at Caltech that are funded by for-profit companies and other commercial entities.","SO","I consent"
"2024/07/10 1:35:02 PM AST","Yes","6679e88eb948e8a4b08a39fb","I consent to having Caltech researchers contact me about any other studies at Caltech, regardless of regardless of who is funding the research.","QC","I consent"
"2024/07/10 1:35:37 PM AST","Yes","d01q58pi_91C","I consent to having Caltech researchers contact me about other studies at Caltech that are funded by non-profit organizations, government agencies, universities, and other non-commercial entities.","CHS","I consent"
"2024/07/10 1:36:04 PM AST","Yes","6674967028c3e0b548772c94","I consent to having Caltech researchers contact me about other studies at Caltech that are funded by for-profit companies and other commercial entities.","williams","I consent"
"2024/07/10 1:36:36 PM AST","Yes","663295a01a39525231bede4e","I consent to having Caltech researchers contact me about any other studies at Caltech, regardless of regardless of who is funding the research.","BG","I consent"
"2024/07/10 1:36:59 PM AST","Yes","d01q58pi_79F","I consent to having Caltech researchers contact me about any other studies at Caltech, regardless of regardless of who is funding the research.","SL","I consent"
"2024/07/10 1:37:48 PM AST","Yes","666dbb1357a8cfb6025951df","I consent to having Caltech researchers contact me about any other studies at Caltech, regardless of regardless of who is funding the research.","DH","I consent"
"2024/07/10 1:37:54 PM AST","Yes","66294f63f8c6d8b938395572","I consent to having Caltech researchers contact me about other studies at Caltech that are funded by non-profit organizations, government agencies, universities, and other non-commercial entities.","LU","I consent"
"2024/07/10 1:38:17 PM AST","No","6685cec5c360283099e5bb29","","","I do not consent"
"2024/07/10 1:39:36 PM AST","Yes","65e85fa344091288e6f10cd7","I consent to having Caltech researchers contact me about any other studies at Caltech, regardless of regardless of who is funding the research.","S.O.","I consent"
"2024/07/10 1:40:08 PM AST","Yes","5f2a12f5837dd81e5881b7cc","I consent to having Caltech researchers contact me about any other studies at Caltech, regardless of regardless of who is funding the research.","XX","I consent"
"2024/07/10 1:40:49 PM AST","Yes","5fb5ef0ab61b9e02d5752768","I consent to having Caltech researchers contact me about any other studies at Caltech, regardless of regardless of who is funding the research.","JN","I consent"
"2024/07/10 1:42:09 PM AST","Yes","590eb4006d77630001d3a28a","I consent to having Caltech researchers contact me about other studies at Caltech that are funded by non-profit organizations, government agencies, universities, and other non-commercial entities.","KL","I consent"
"2024/07/10 1:42:11 PM AST","Yes","d01q58pi_28S","I consent to having Caltech researchers contact me about any other studies at Caltech, regardless of regardless of who is funding the research.","AB","I consent"
"2024/07/10 1:42:40 PM AST","Yes","662f93c33fe9ba41a6319363","I consent to having Caltech researchers contact me about any other studies at Caltech, regardless of regardless of who is funding the research.","DS","I consent"
"2024/07/10 1:44:01 PM AST","Yes","d01q58pi_28S","I consent to having Caltech researchers contact me about any other studies at Caltech, regardless of regardless of who is funding the research.","AB","I consent"
"2024/07/10 1:45:31 PM AST","Yes","Samuel Williams","I consent to having Caltech researchers contact me about other studies at Caltech that are funded by for-profit companies and other commercial entities.","williams","I consent"
"2024/07/10 1:45:43 PM AST","Yes","6633bd3bc5ec5e52e25592a4","I consent to having Caltech researchers contact me about other studies at Caltech that are funded by non-profit organizations, government agencies, universities, and other non-commercial entities.","DPG","I consent"
"2024/07/10 1:50:48 PM AST","Yes","6633bd3bc5ec5e52e25592a4","","DPG","I consent"
"2024/07/12 1:29:43 PM AST","Yes","66478f227d798174d213c66e","I consent to having Caltech researchers contact me about other studies at Caltech that are funded by non-profit organizations, government agencies, universities, and other non-commercial entities.","AR","I consent"
"2024/07/12 1:29:53 PM AST","Yes","655a655f62fde845d4789149","I consent to having Caltech researchers contact me about other studies at Caltech that are funded by non-profit organizations, government agencies, universities, and other non-commercial entities.","LG","I consent"
"2024/07/12 1:29:58 PM AST","Yes","6630dd23d49aad3c932af33c","I consent to having Caltech researchers contact me about other studies at Caltech that are funded by non-profit organizations, government agencies, universities, and other non-commercial entities.","EB","I consent"
"2024/07/12 1:30:01 PM AST","Yes","5de260b9553cee28d97b058d","I consent to having Caltech researchers contact me about any other studies at Caltech, regardless of regardless of who is funding the research.","BB","I consent"
"2024/07/12 1:30:03 PM AST","Yes","66857cc20736230620552dbc","I consent to having Caltech researchers contact me about any other studies at Caltech, regardless of regardless of who is funding the research.","LP","I consent"
"2024/07/12 1:30:13 PM AST","Yes","6625c9127eee9a3639d7e1af","I consent to having Caltech researchers contact me about other studies at Caltech that are funded by non-profit organizations, government agencies, universities, and other non-commercial entities.","PC","I consent"
"2024/07/12 1:30:19 PM AST","Yes","66469125811cb4b314cd04f4","I consent to having Caltech researchers contact me about other studies at Caltech that are funded by non-profit organizations, government agencies, universities, and other non-commercial entities.","JC","I consent"
"2024/07/12 1:30:28 PM AST","Yes","66467f5703bc98ffca9a248c","I consent to having Caltech researchers contact me about other studies at Caltech that are funded by non-profit organizations, government agencies, universities, and other non-commercial entities.","SW","I consent"
"2024/07/12 1:30:38 PM AST","Yes","663bb62ffe083ca847014fbb","I consent to having Caltech researchers contact me about any other studies at Caltech, regardless of regardless of who is funding the research.","GN","I consent"
"2024/07/12 1:30:39 PM AST","Yes","60c12fe6ca8c4aa6d0185190","I consent to having Caltech researchers contact me about any other studies at Caltech, regardless of regardless of who is funding the research.","JA","I consent"
"2024/07/12 1:30:50 PM AST","Yes","663ab8a4d5bff4596f9a9de7","I consent to having Caltech researchers contact me about any other studies at Caltech, regardless of regardless of who is funding the research.","KM","I consent"
"2024/07/12 1:30:56 PM AST","Yes","666228f8860c05fcca83ab1e","I consent to having Caltech researchers contact me about any other studies at Caltech, regardless of regardless of who is funding the research.","FLM","I consent"
"2024/07/12 1:31:08 PM AST","Yes","667d4f099343ca5b26b2932a","I consent to having Caltech researchers contact me about any other studies at Caltech, regardless of regardless of who is funding the research.","VO","I consent"
"2024/07/12 1:31:20 PM AST","Yes","6675ebfe4ca3bfdd2a986877","I consent to having Caltech researchers contact me about any other studies at Caltech, regardless of regardless of who is funding the research.","MS","I consent"
"2024/07/12 1:31:25 PM AST","Yes","6680b99725961403f1c3ee3a","I consent to having Caltech researchers contact me about any other studies at Caltech, regardless of regardless of who is funding the research.","JS","I consent"
"2024/07/12 1:31:30 PM AST","Yes","6637c7d9fc91cd7d5c8b0d49","I consent to having Caltech researchers contact me about other studies at Caltech that are funded by non-profit organizations, government agencies, universities, and other non-commercial entities.","JE","I consent"
"2024/07/12 1:31:34 PM AST","Yes","NA","I consent to having Caltech researchers contact me about other studies at Caltech that are funded by non-profit organizations, government agencies, universities, and other non-commercial entities.","VB","I consent"
"2024/07/12 1:31:41 PM AST","Yes","8w4eyts6_62K","I consent to having Caltech researchers contact me about any other studies at Caltech, regardless of regardless of who is funding the research.","MR","I consent"
"2024/07/12 1:31:41 PM AST","Yes","666228f8860c05fcca83ab1e","","","I consent"
"2024/07/12 1:31:54 PM AST","Yes","6668b7620adc0e65f62c79d5","I consent to having Caltech researchers contact me about other studies at Caltech that are funded by non-profit organizations, government agencies, universities, and other non-commercial entities.","KD","I consent"
"2024/07/12 1:31:57 PM AST","Yes","663200f99991108a0c4dcb23","I consent to having Caltech researchers contact me about other studies at Caltech that are funded by for-profit companies and other commercial entities.","Issa","I consent"
"2024/07/12 1:31:59 PM AST","Yes","62728f0c68b9ecf571a2dbd4","I consent to having Caltech researchers contact me about any other studies at Caltech, regardless of regardless of who is funding the research.","MM","I consent"
"2024/07/12 1:32:02 PM AST","Yes","667d74171320d730b5c3f411","I consent to having Caltech researchers contact me about other studies at Caltech that are funded by non-profit organizations, government agencies, universities, and other non-commercial entities.","LL","I consent"
"2024/07/12 1:32:02 PM AST","Yes","66743dec637dbe2f99b909cd","I consent to having Caltech researchers contact me about any other studies at Caltech, regardless of regardless of who is funding the research.","PLH","I consent"
"2024/07/12 1:33:45 PM AST","Yes","65d563ecf8df20ade2f17888","I consent to having Caltech researchers contact me about any other studies at Caltech, regardless of regardless of who is funding the research.","JN","I consent"
"2024/07/12 1:34:05 PM AST","No","NA","I consent to having Caltech researchers contact me about other studies at Caltech that are funded by non-profit organizations, government agencies, universities, and other non-commercial entities.","VB","I consent"
"2024/07/12 1:35:32 PM AST","Yes","8w4eyts6_80C","I consent to having Caltech researchers contact me about any other studies at Caltech, regardless of regardless of who is funding the research.","NR","I consent"
"2024/07/12 1:35:32 PM AST","Yes","8w4eyts6_76S","I consent to having Caltech researchers contact me about other studies at Caltech that are funded by non-profit organizations, government agencies, universities, and other non-commercial entities.","SG","I consent"
"2024/07/12 1:36:25 PM AST","Yes","60c3ba02dfcf64dbe7ae0396","I consent to having Caltech researchers contact me about any other studies at Caltech, regardless of regardless of who is funding the research.","CR","I consent"
"2024/07/12 1:38:23 PM AST","Yes","8w4eyts6_17C","I consent to having Caltech researchers contact me about other studies at Caltech that are funded by non-profit organizations, government agencies, universities, and other non-commercial entities.","AC","I consent"
"2024/07/15 1:21:40 PM AST","Yes","pdqr3ms5_96L","I consent to having Caltech researchers contact me about any other studies at Caltech, regardless of regardless of who is funding the research.","PS","I consent"
"2024/07/15 1:22:46 PM AST","Yes","pdqr3ms5_52W","I consent to having Caltech researchers contact me about other studies at Caltech that are funded by non-profit organizations, government agencies, universities, and other non-commercial entities.","JH LEE","I consent"
"2024/07/15 1:28:28 PM AST","Yes","pdqr3ms5_40O","I consent to having Caltech researchers contact me about other studies at Caltech that are funded by non-profit organizations, government agencies, universities, and other non-commercial entities.","JK","I consent"
"2024/07/15 1:30:17 PM AST","Yes","pdqr3ms5_78T","I consent to having Caltech researchers contact me about any other studies at Caltech, regardless of regardless of who is funding the research.","AJ","I consent"
"2024/07/15 1:30:18 PM AST","Yes","5b133bf71e55760001b9f8de","I consent to having Caltech researchers contact me about other studies at Caltech that are funded by non-profit organizations, government agencies, universities, and other non-commercial entities.","LS","I consent"
"2024/07/15 1:30:36 PM AST","Yes","56bd7bf3d4e2180005a86846","I consent to having Caltech researchers contact me about other studies at Caltech that are funded by non-profit organizations, government agencies, universities, and other non-commercial entities.","AJ","I consent"
"2024/07/15 1:30:38 PM AST","Yes","5b9ec956c8a17f000171f7ad","I consent to having Caltech researchers contact me about other studies at Caltech that are funded by non-profit organizations, government agencies, universities, and other non-commercial entities.","SW","I consent"
"2024/07/15 1:30:44 PM AST","Yes","5d863f244d401800016ece02","I do not wish to be contacted about participating in future research studies.","JF","I consent"
"2024/07/15 1:30:50 PM AST","Yes","661fc8bb0644ba960f0e3b65","I consent to having Caltech researchers contact me about other studies at Caltech that are funded by non-profit organizations, government agencies, universities, and other non-commercial entities.","RZ","I consent"
"2024/07/15 1:31:03 PM AST","Yes","5aeeb4903c80f200013af2ed","I consent to having Caltech researchers contact me about other studies at Caltech that are funded by non-profit organizations, government agencies, universities, and other non-commercial entities.","JAF","I consent"
"2024/07/15 1:31:07 PM AST","Yes","66548532974360d0c90b9dd5","I consent to having Caltech researchers contact me about any other studies at Caltech, regardless of regardless of who is funding the research.","QN","I consent"
"2024/07/15 1:31:13 PM AST","Yes","56b8de29e1d0a200051517f8","I consent to having Caltech researchers contact me about other studies at Caltech that are funded by non-profit organizations, government agencies, universities, and other non-commercial entities.","EP","I consent"
"2024/07/15 1:31:22 PM AST","Yes","6276d97e209059496d37bf74","I consent to having Caltech researchers contact me about any other studies at Caltech, regardless of regardless of who is funding the research.","SH","I consent"
"2024/07/15 1:31:45 PM AST","Yes","6544fd84cf4e51f1de212e54","I consent to having Caltech researchers contact me about any other studies at Caltech, regardless of regardless of who is funding the research.","ly","I consent"
"2024/07/15 1:31:50 PM AST","Yes","66327883ca4a6f78c437185a","I consent to having Caltech researchers contact me about other studies at Caltech that are funded by non-profit organizations, government agencies, universities, and other non-commercial entities.","CR","I consent"
"2024/07/15 1:31:53 PM AST","Yes","663a5c64393c1e7e094eba22","I consent to having Caltech researchers contact me about other studies at Caltech that are funded by non-profit organizations, government agencies, universities, and other non-commercial entities.","JL","I consent"
"2024/07/15 1:32:07 PM AST","Yes","5e07d174da6bad1342bafab2","I consent to having Caltech researchers contact me about any other studies at Caltech, regardless of regardless of who is funding the research.","MC","I consent"
"2024/07/15 1:32:07 PM AST","Yes","6654c3056acf3abb982b23ab","I consent to having Caltech researchers contact me about any other studies at Caltech, regardless of regardless of who is funding the research.","BS","I consent"
"2024/07/15 1:32:10 PM AST","Yes","662a2584d928ede39a60cdb1 ","I consent to having Caltech researchers contact me about any other studies at Caltech, regardless of regardless of who is funding the research.","AA","I consent"
"2024/07/15 1:32:35 PM AST","Yes","6529648ca1ade4b6c9e876f4","I consent to having Caltech researchers contact me about other studies at Caltech that are funded by non-profit organizations, government agencies, universities, and other non-commercial entities.","LR","I consent"
"2024/07/15 1:32:44 PM AST","Yes","60f4a2d142c69dc1121b6dbf","I consent to having Caltech researchers contact me about any other studies at Caltech, regardless of regardless of who is funding the research.","J.Y","I consent"
"2024/07/15 1:32:46 PM AST","Yes","66548532974360d0c90b9dd5","I do not wish to be contacted about participating in future research studies.","QN","I consent"
"2024/07/15 1:33:07 PM AST","Yes","6648a72ac62125647c5b1ef1","I consent to having Caltech researchers contact me about other studies at Caltech that are funded by for-profit companies and other commercial entities.","PU","I consent"
"2024/07/15 1:33:30 PM AST","Yes","6680d577ce8b233327b0272e","I consent to having Caltech researchers contact me about any other studies at Caltech, regardless of regardless of who is funding the research.","DC","I consent"
"2024/07/15 1:33:48 PM AST","Yes","60d13d406f3b34d6791c8831","I consent to having Caltech researchers contact me about other studies at Caltech that are funded by non-profit organizations, government agencies, universities, and other non-commercial entities.","HP","I consent"
"2024/07/15 1:33:49 PM AST","Yes","664b64938bc0aa86bab3a4d2","I consent to having Caltech researchers contact me about any other studies at Caltech, regardless of regardless of who is funding the research.","ABI","I consent"
"2024/07/15 1:33:58 PM AST","Yes","pdqr3ms5_91A","I consent to having Caltech researchers contact me about any other studies at Caltech, regardless of regardless of who is funding the research.","IMC","I consent"
"2024/07/15 1:36:36 PM AST","Yes","6676119f3de987b4c0f81ec0","I consent to having Caltech researchers contact me about other studies at Caltech that are funded by non-profit organizations, government agencies, universities, and other non-commercial entities.","MD","I consent"
"2024/07/15 1:39:02 PM AST","Yes","66548532974360d0c90b9dd5","I consent to having Caltech researchers contact me about any other studies at Caltech, regardless of regardless of who is funding the research.","QN","I consent"
"2024/07/17 1:28:52 PM AST","Yes","m8ohmvvj_95R","I consent to having Caltech researchers contact me about any other studies at Caltech, regardless of regardless of who is funding the research.","JL","I consent"
"2024/07/17 1:29:45 PM AST","Yes","m8ohmvvj_94Y","I consent to having Caltech researchers contact me about other studies at Caltech that are funded by non-profit organizations, government agencies, universities, and other non-commercial entities.","HP","I consent"
"2024/07/17 1:29:49 PM AST","Yes","m8ohmvvj_25I","I consent to having Caltech researchers contact me about other studies at Caltech that are funded by non-profit organizations, government agencies, universities, and other non-commercial entities.","AK","I consent"
"2024/07/17 1:33:43 PM AST","Yes","63d8475556cf3cad39dd8417","I consent to having Caltech researchers contact me about other studies at Caltech that are funded by non-profit organizations, government agencies, universities, and other non-commercial entities.","63d8475556cf3cad39dd8417","I consent"
"2024/07/17 1:34:26 PM AST","Yes","65a99f47f3d74910f684a91d","I consent to having Caltech researchers contact me about other studies at Caltech that are funded by non-profit organizations, government agencies, universities, and other non-commercial entities.","PGS","I consent"
"2024/07/17 1:35:00 PM AST","Yes","55b8d0bffdf99b0f2859fe73","I consent to having Caltech researchers contact me about any other studies at Caltech, regardless of regardless of who is funding the research.","JC","I consent"
"2024/07/17 1:35:10 PM AST","Yes","65c1512b51dc8b722a7fe306","I consent to having Caltech researchers contact me about other studies at Caltech that are funded by non-profit organizations, government agencies, universities, and other non-commercial entities.","CAJ","I consent"
"2024/07/17 1:35:17 PM AST","Yes","661562e4e67b59f945430148","I consent to having Caltech researchers contact me about any other studies at Caltech, regardless of regardless of who is funding the research.","DL","I consent"
"2024/07/17 1:35:23 PM AST","Yes","66546836a834424c51b369f7","I consent to having Caltech researchers contact me about other studies at Caltech that are funded by non-profit organizations, government agencies, universities, and other non-commercial entities.","HRR","I consent"
"2024/07/17 1:35:36 PM AST","Yes","6682b197d953c2cf476e0bd7","I consent to having Caltech researchers contact me about any other studies at Caltech, regardless of regardless of who is funding the research.","jk","I consent"
"2024/07/17 1:35:48 PM AST","Yes","60085c96f16b701cbdced9a4","I consent to having Caltech researchers contact me about other studies at Caltech that are funded by non-profit organizations, government agencies, universities, and other non-commercial entities.","LC","I consent"
"2024/07/17 1:35:51 PM AST","Yes","5acb7b0ae1099600016acdd6","I consent to having Caltech researchers contact me about any other studies at Caltech, regardless of regardless of who is funding the research.","km","I consent"
"2024/07/17 1:35:55 PM AST","Yes","66322022b17887cdcce210a1","I consent to having Caltech researchers contact me about other studies at Caltech that are funded by non-profit organizations, government agencies, universities, and other non-commercial entities.","P.E","I consent"
"2024/07/17 1:36:00 PM AST","Yes","614ce6a7a33bac955957f7a6","I consent to having Caltech researchers contact me about other studies at Caltech that are funded by non-profit organizations, government agencies, universities, and other non-commercial entities.","JG","I consent"
"2024/07/17 1:36:21 PM AST","Yes","58f7cdd4c31d4d00015aac83","I consent to having Caltech researchers contact me about any other studies at Caltech, regardless of regardless of who is funding the research.","VI","I consent"
"2024/07/17 1:37:06 PM AST","Yes","6682c4fcefd32e38eb8197b2","I consent to having Caltech researchers contact me about other studies at Caltech that are funded by non-profit organizations, government agencies, universities, and other non-commercial entities.","AP","I consent"
"2024/07/17 1:37:16 PM AST","Yes","66339acafe4ef32493f133ee","I consent to having Caltech researchers contact me about other studies at Caltech that are funded by non-profit organizations, government agencies, universities, and other non-commercial entities.","EU","I consent"
"2024/07/17 1:37:33 PM AST","Yes","663193f4e88fc3a7917655de","I consent to having Caltech researchers contact me about other studies at Caltech that are funded by non-profit organizations, government agencies, universities, and other non-commercial entities.","Sr","I consent"
"2024/07/17 1:38:25 PM AST","Yes","6681e42776233b2b8b2510e0","I consent to having Caltech researchers contact me about any other studies at Caltech, regardless of regardless of who is funding the research.","MY","I consent"
"2024/07/17 1:38:50 PM AST","Yes","6635331ef299670d161dd8f6","I consent to having Caltech researchers contact me about any other studies at Caltech, regardless of regardless of who is funding the research.","","I consent"
"2024/07/17 1:38:53 PM AST","Yes","668d51a7adc19836e062dfef","I consent to having Caltech researchers contact me about any other studies at Caltech, regardless of regardless of who is funding the research.","MN","I consent"
"2024/07/17 1:39:37 PM AST","Yes","6644b2aa02acf5d3b7fc8188","I do not wish to be contacted about participating in future research studies.","EE","I consent"
"2024/07/17 1:40:28 PM AST","Yes","667d73c6c567edc939cbfe30","I consent to having Caltech researchers contact me about any other studies at Caltech, regardless of regardless of who is funding the research.","HQQ","I consent"
"2024/07/17 1:40:53 PM AST","Yes","66939d855c5ac6ac467be584","I consent to having Caltech researchers contact me about any other studies at Caltech, regardless of regardless of who is funding the research.","J D","I consent"