1722446691.000000, IBI
35.187500,0.703125
35.828125,0.640625
48.171875,0.750000
48.953125,0.781250
49.734375,0.781250
54.046875,0.703125
54.734375,0.687500
55.453125,0.718750
56.203125,0.750000
57.000000,0.796875
57.656250,0.656250
58.359375,0.703125
59.046875,0.687500
59.718750,0.671875
60.390625,0.671875
61.078125,0.687500
61.906250,0.828125
62.609375,0.703125
63.281250,0.671875
64.171875,0.890625
79.859375,0.703125
80.531250,0.671875
81.250000,0.718750
81.843750,0.593750
82.578125,0.734375
83.250000,0.671875
83.921875,0.671875
84.609375,0.687500
85.250000,0.640625
85.921875,0.671875
86.609375,0.687500
87.296875,0.687500
88.046875,0.750000
88.750000,0.703125
89.484375,0.734375
119.828125,0.671875
120.531250,0.703125
121.234375,0.703125
121.953125,0.718750
122.640625,0.687500
123.343750,0.703125
124.046875,0.703125
124.750000,0.703125
125.468750,0.718750
126.218750,0.750000
126.937500,0.718750
127.687500,0.750000
128.453125,0.765625
142.984375,0.718750
143.609375,0.625000
144.437500,0.828125
176.203125,0.750000
176.937500,0.734375
177.718750,0.781250
178.375000,0.656250
179.125000,0.750000
191.000000,0.718750
277.812500,0.671875
308.281250,0.843750
314.000000,0.796875
314.796875,0.796875
315.500000,0.703125
316.250000,0.750000
317.015625,0.765625
317.765625,0.750000
318.562500,0.796875
324.234375,0.796875
325.031250,0.796875
330.609375,0.812500
331.359375,0.750000
332.140625,0.781250
332.843750,0.703125
333.593750,0.750000
334.296875,0.703125
335.046875,0.750000
335.843750,0.796875
336.640625,0.796875
337.500000,0.859375
338.234375,0.734375
339.062500,0.828125
351.031250,0.828125
356.593750,0.734375
371.218750,0.718750
371.921875,0.703125
372.750000,0.828125
373.484375,0.734375
374.250000,0.765625
375.062500,0.812500
383.968750,0.796875
384.812500,0.843750
407.203125,0.734375
408.000000,0.796875
408.781250,0.781250
414.812500,0.750000
415.734375,0.921875
425.859375,0.765625
426.656250,0.796875
427.468750,0.812500
428.296875,0.828125
429.125000,0.828125
429.843750,0.718750
430.578125,0.734375
431.343750,0.765625
431.984375,0.640625
432.796875,0.812500
433.593750,0.796875
434.421875,0.828125
435.296875,0.875000
436.156250,0.859375
437.000000,0.843750
437.859375,0.859375
438.640625,0.781250
439.453125,0.812500
440.218750,0.765625
441.031250,0.812500
441.796875,0.765625
442.625000,0.828125
443.390625,0.765625
444.187500,0.796875
445.015625,0.828125
445.812500,0.796875
446.640625,0.828125
447.468750,0.828125
457.312500,0.812500
458.109375,0.796875
458.890625,0.781250
459.687500,0.796875
460.453125,0.765625
461.187500,0.734375
461.921875,0.734375
462.656250,0.734375
463.453125,0.796875
484.359375,0.781250
485.265625,0.906250
486.312500,1.046875
560.359375,0.859375
561.234375,0.875000
576.484375,0.656250
577.156250,0.671875
577.859375,0.703125
578.578125,0.718750
579.156250,0.578125
585.375000,0.718750
586.078125,0.703125
586.796875,0.718750
587.562500,0.765625
588.343750,0.781250
589.125000,0.781250
608.312500,0.640625
608.968750,0.656250
609.625000,0.656250
610.281250,0.656250
614.546875,0.609375
615.250000,0.703125
616.046875,0.796875
616.812500,0.765625
617.671875,0.859375
618.484375,0.812500
619.281250,0.796875
620.109375,0.828125
620.859375,0.750000
621.671875,0.812500
622.468750,0.796875
623.281250,0.812500
623.937500,0.656250
624.718750,0.781250
625.531250,0.812500
626.359375,0.828125
627.156250,0.796875
627.937500,0.781250
628.703125,0.765625
629.500000,0.796875
630.312500,0.812500
631.125000,0.812500
631.875000,0.750000
632.593750,0.718750
633.312500,0.718750
634.046875,0.734375
634.765625,0.718750
635.531250,0.765625
636.375000,0.843750
637.203125,0.828125
641.296875,0.531250
645.437500,0.843750
646.218750,0.781250
647.093750,0.875000
647.890625,0.796875
648.687500,0.796875
656.937500,0.890625
657.781250,0.843750
658.656250,0.875000
659.531250,0.875000
660.375000,0.843750
661.203125,0.828125
662.062500,0.859375
662.906250,0.843750
663.703125,0.796875
664.500000,0.796875
665.343750,0.843750
666.171875,0.828125
666.953125,0.781250
667.781250,0.828125
668.625000,0.843750
669.453125,0.828125
670.281250,0.828125
671.156250,0.875000
672.000000,0.843750
672.796875,0.796875
673.593750,0.796875
674.453125,0.859375
675.281250,0.828125
676.062500,0.781250
676.843750,0.781250
677.546875,0.703125
689.250000,0.718750
689.968750,0.718750
690.781250,0.812500
691.593750,0.812500
692.343750,0.750000
693.078125,0.734375
697.359375,0.781250
698.218750,0.859375
699.062500,0.843750
699.890625,0.828125
700.750000,0.859375
701.562500,0.812500
702.390625,0.828125
703.234375,0.843750
704.078125,0.843750
704.890625,0.812500
705.687500,0.796875
706.515625,0.828125
707.328125,0.812500
708.187500,0.859375
713.515625,0.859375
714.359375,0.843750
715.203125,0.843750
716.062500,0.859375
716.906250,0.843750
717.687500,0.781250
718.421875,0.734375
719.078125,0.656250
719.953125,0.875000
720.703125,0.750000
721.531250,0.828125
722.437500,0.906250
723.437500,1.000000
734.656250,0.859375
735.500000,0.843750
736.328125,0.828125
737.187500,0.859375
738.015625,0.828125
738.750000,0.734375
739.453125,0.703125
740.140625,0.687500
740.828125,0.687500
741.500000,0.671875
742.156250,0.656250
742.984375,0.828125
743.750000,0.765625
760.953125,0.640625
761.656250,0.703125
762.343750,0.687500
763.093750,0.750000
763.671875,0.578125
764.359375,0.687500
765.093750,0.734375
765.859375,0.765625
766.500000,0.640625
767.171875,0.671875
767.890625,0.718750
768.625000,0.734375
769.328125,0.703125
770.046875,0.718750
770.750000,0.703125
771.468750,0.718750
772.250000,0.781250
772.906250,0.656250
773.593750,0.687500
774.328125,0.734375
775.078125,0.750000
775.781250,0.703125
776.468750,0.687500
777.156250,0.687500
777.843750,0.687500
778.562500,0.718750
779.218750,0.656250
779.890625,0.671875
780.562500,0.671875
781.296875,0.734375
781.984375,0.687500
782.687500,0.703125
783.390625,0.703125
784.140625,0.750000
784.812500,0.671875
785.515625,0.703125
786.234375,0.718750
786.953125,0.718750
787.671875,0.718750
788.359375,0.687500
789.062500,0.703125
789.765625,0.703125
790.421875,0.656250
791.093750,0.671875
791.828125,0.734375
792.593750,0.765625
793.312500,0.718750
794.015625,0.703125
794.750000,0.734375
795.484375,0.734375
796.203125,0.718750
796.921875,0.718750
797.703125,0.781250
798.406250,0.703125
799.125000,0.718750
799.890625,0.765625
800.609375,0.718750
801.281250,0.671875
802.031250,0.750000
802.765625,0.734375
803.531250,0.765625
804.265625,0.734375
816.046875,0.687500
816.734375,0.687500
817.390625,0.656250
818.046875,0.656250
818.843750,0.796875
819.437500,0.593750
820.218750,0.781250
820.937500,0.718750
821.781250,0.843750
825.234375,0.656250
825.953125,0.718750
826.687500,0.734375
842.515625,0.640625
843.265625,0.750000
844.062500,0.796875
844.796875,0.734375
845.578125,0.781250
846.375000,0.796875
851.015625,0.750000
851.843750,0.828125
852.656250,0.812500
853.359375,0.703125
854.218750,0.859375
855.000000,0.781250
855.781250,0.781250
856.406250,0.625000
857.093750,0.687500
857.781250,0.687500
858.531250,0.750000
859.171875,0.640625
859.921875,0.750000
860.718750,0.796875
861.359375,0.640625
862.109375,0.750000
862.843750,0.734375
863.609375,0.765625
864.281250,0.671875
865.000000,0.718750
865.750000,0.750000
866.406250,0.656250
867.125000,0.718750
867.968750,0.843750
868.812500,0.843750
869.609375,0.796875
870.421875,0.812500
871.250000,0.828125
871.984375,0.734375
872.718750,0.734375
873.578125,0.859375
874.390625,0.812500
896.281250,0.765625
897.125000,0.843750
897.937500,0.812500
898.890625,0.953125
913.421875,0.875000
914.312500,0.890625
915.218750,0.906250
916.125000,0.906250
917.078125,0.953125
917.984375,0.906250
918.937500,0.953125
919.875000,0.937500
920.812500,0.937500
921.687500,0.875000
922.546875,0.859375
923.421875,0.875000
924.390625,0.968750
925.312500,0.921875
926.281250,0.968750
927.281250,1.000000
967.359375,0.593750
967.937500,0.578125
968.515625,0.578125
1008.796875,0.828125
1040.078125,0.937500
1040.984375,0.906250
1056.437500,0.828125
1057.218750,0.781250
1058.156250,0.937500
1059.046875,0.890625
1059.937500,0.890625
1073.375000,0.906250
1074.250000,0.875000
1075.125000,0.875000
1075.890625,0.765625
1076.671875,0.781250
1077.484375,0.812500
1078.203125,0.718750
1079.031250,0.828125
1079.968750,0.937500
1080.890625,0.921875
1081.781250,0.890625
1082.687500,0.906250
1083.562500,0.875000
1084.421875,0.859375
1085.265625,0.843750
1086.046875,0.781250
1086.843750,0.796875
1087.625000,0.781250
1088.453125,0.828125
1089.390625,0.937500
1090.343750,0.953125
1091.250000,0.906250
1092.125000,0.875000
1093.015625,0.890625
1093.906250,0.890625
1094.828125,0.921875
1095.640625,0.812500
1110.750000,0.750000
1111.578125,0.828125
1112.375000,0.796875
1113.171875,0.796875
1114.015625,0.843750
1114.937500,0.921875
1115.812500,0.875000
1116.625000,0.812500
1117.468750,0.843750
1118.187500,0.718750
1118.937500,0.750000
1131.718750,0.828125
1132.578125,0.859375
1133.468750,0.890625
1134.390625,0.921875
1135.328125,0.937500
1136.281250,0.953125
1137.234375,0.953125
1138.156250,0.921875
1139.093750,0.937500
1140.000000,0.906250
1140.859375,0.859375
1141.734375,0.875000
1142.656250,0.921875
1151.828125,0.781250
1152.671875,0.843750
1161.953125,0.687500
1162.656250,0.703125
1174.343750,0.750000
1175.093750,0.750000
1181.906250,0.875000
1182.750000,0.843750
1183.546875,0.796875
1184.328125,0.781250
1185.093750,0.765625
1185.937500,0.843750
1186.812500,0.875000
1187.687500,0.875000
1188.421875,0.734375
1189.187500,0.765625
1190.000000,0.812500
1190.671875,0.671875
1202.781250,0.781250
1203.546875,0.765625
1204.281250,0.734375
1208.703125,0.781250
1209.453125,0.750000
1210.156250,0.703125
1210.906250,0.750000
1211.796875,0.890625
1212.734375,0.937500
1213.593750,0.859375
1214.500000,0.906250
1226.656250,0.796875
1227.359375,0.703125
1228.140625,0.781250
1228.921875,0.781250
1229.765625,0.843750
1230.578125,0.812500
1231.359375,0.781250
1232.156250,0.796875
1233.015625,0.859375
1233.890625,0.875000
1234.750000,0.859375
1235.515625,0.765625
1236.265625,0.750000
1237.062500,0.796875
1237.828125,0.765625
1238.609375,0.781250
1239.328125,0.718750
1240.062500,0.734375
1240.781250,0.718750
1241.484375,0.703125
1242.171875,0.687500
1242.843750,0.671875
1243.562500,0.718750
1244.234375,0.671875
1244.937500,0.703125
1245.718750,0.781250
1246.515625,0.796875
1247.312500,0.796875
1248.015625,0.703125
1248.750000,0.734375
1249.515625,0.765625
1250.281250,0.765625
1251.078125,0.796875
1251.859375,0.781250
1252.625000,0.765625
1253.406250,0.781250
1254.187500,0.781250
1255.046875,0.859375
1255.921875,0.875000
1256.796875,0.875000
1257.687500,0.890625
1258.484375,0.796875
1259.296875,0.812500
1260.125000,0.828125
1260.937500,0.812500
1261.718750,0.781250
1262.531250,0.812500
1263.359375,0.828125
1264.250000,0.890625
1265.093750,0.843750
1265.953125,0.859375
1266.859375,0.906250
1267.750000,0.890625
1268.546875,0.796875
1269.375000,0.828125
1270.234375,0.859375
1271.031250,0.796875
1271.765625,0.734375
1272.515625,0.750000
1273.390625,0.875000
1274.234375,0.843750
1275.125000,0.890625
1276.046875,0.921875
1287.453125,0.875000
1288.343750,0.890625
1289.250000,0.906250
1290.109375,0.859375
1291.000000,0.890625
1291.890625,0.890625
1292.781250,0.890625
1293.609375,0.828125
1294.468750,0.859375
1295.375000,0.906250
1296.250000,0.875000
1297.093750,0.843750
1297.953125,0.859375
1298.765625,0.812500
1299.593750,0.828125
1300.531250,0.937500
1301.484375,0.953125
1302.375000,0.890625
1303.218750,0.843750
1304.062500,0.843750
1310.078125,0.937500
1328.015625,0.843750
1328.875000,0.859375
1329.734375,0.859375
1330.578125,0.843750
1331.453125,0.875000
1332.312500,0.859375
1333.140625,0.828125
1333.968750,0.828125
1334.812500,0.843750
1335.593750,0.781250
1336.406250,0.812500
1337.328125,0.921875
1338.187500,0.859375
1349.718750,0.968750
1358.765625,0.890625
1359.656250,0.890625
1369.703125,0.890625
1370.593750,0.890625
1371.500000,0.906250
1372.406250,0.906250
1373.296875,0.890625
1374.156250,0.859375
1375.015625,0.859375
1375.890625,0.875000
1376.765625,0.875000
1377.687500,0.921875
1378.546875,0.859375
1386.328125,0.921875
1387.312500,0.984375
1388.281250,0.968750
1389.218750,0.937500
1390.140625,0.921875
1391.078125,0.937500
1391.984375,0.906250
1392.859375,0.875000
1393.750000,0.890625
1394.640625,0.890625
1395.531250,0.890625
1396.421875,0.890625
1397.296875,0.875000
1398.187500,0.890625
1399.015625,0.828125
1399.890625,0.875000
1400.781250,0.890625
1401.656250,0.875000
1402.531250,0.875000
1403.437500,0.906250
1404.328125,0.890625
1405.281250,0.953125
1406.203125,0.921875
1407.140625,0.937500
1408.093750,0.953125
1408.953125,0.859375
1409.812500,0.859375
1410.671875,0.859375
1411.500000,0.828125
1412.296875,0.796875
1413.156250,0.859375
1414.031250,0.875000
1414.968750,0.937500
1415.890625,0.921875
1416.843750,0.953125
1417.828125,0.984375
1418.734375,0.906250
1419.656250,0.921875
1420.593750,0.937500
1421.515625,0.921875
1422.421875,0.906250
1423.296875,0.875000
1424.218750,0.921875
1425.140625,0.921875
1426.046875,0.906250
1426.984375,0.937500
1427.906250,0.921875
1428.843750,0.937500
1429.750000,0.906250
1430.671875,0.921875
1431.609375,0.937500
1432.500000,0.890625
1433.421875,0.921875
1434.328125,0.906250
1435.218750,0.890625
1436.046875,0.828125
1436.937500,0.890625
1437.843750,0.906250
1438.640625,0.796875
1439.515625,0.875000
1440.437500,0.921875
1441.312500,0.875000
1442.218750,0.906250
1443.156250,0.937500
1444.078125,0.921875
1444.968750,0.890625
1445.890625,0.921875
1446.828125,0.937500
1447.703125,0.875000
1448.609375,0.906250
1449.515625,0.906250
1450.359375,0.843750
1451.218750,0.859375
1452.125000,0.906250
1453.062500,0.937500
1453.921875,0.859375
1454.812500,0.890625
1455.734375,0.921875
1456.609375,0.875000
1457.484375,0.875000
1458.406250,0.921875
1459.343750,0.937500
1460.187500,0.843750
1461.093750,0.906250
1461.968750,0.875000
1462.859375,0.890625
1463.718750,0.859375
1464.625000,0.906250
1465.546875,0.921875
1466.437500,0.890625
1467.328125,0.890625
1468.250000,0.921875
1469.187500,0.937500
1470.062500,0.875000
1470.968750,0.906250
1471.843750,0.875000
1472.687500,0.843750
1473.562500,0.875000
1474.421875,0.859375
1475.328125,0.906250
1476.140625,0.812500
1477.031250,0.890625
1477.937500,0.906250
1478.796875,0.859375
1479.718750,0.921875
1480.578125,0.859375
1481.500000,0.921875
1482.343750,0.843750
1483.218750,0.875000
1484.062500,0.843750
1484.937500,0.875000
1485.796875,0.859375
1486.578125,0.781250
1487.312500,0.734375
1488.109375,0.796875
1488.906250,0.796875
1489.625000,0.718750
1490.359375,0.734375
1491.078125,0.718750
1491.781250,0.703125
1492.515625,0.734375
1493.343750,0.828125
1494.140625,0.796875
1494.890625,0.750000
1495.625000,0.734375
1496.343750,0.718750
1501.656250,0.953125
1502.609375,0.953125
1503.515625,0.906250
1504.375000,0.859375
1505.375000,1.000000
1506.187500,0.812500
1507.078125,0.890625
1508.000000,0.921875
1508.937500,0.937500
1509.843750,0.906250
1510.750000,0.906250
1511.656250,0.906250
1512.500000,0.843750
1513.359375,0.859375
1514.218750,0.859375
1515.078125,0.859375
1515.953125,0.875000
1516.843750,0.890625
1517.750000,0.906250
1518.656250,0.906250
1519.578125,0.921875
1520.500000,0.921875
1521.406250,0.906250
1522.328125,0.921875
1523.156250,0.828125
1524.031250,0.875000
1524.890625,0.859375
1525.781250,0.890625
1526.671875,0.890625
1527.531250,0.859375
1528.390625,0.859375
1529.250000,0.859375
1530.062500,0.812500
1530.875000,0.812500
1531.687500,0.812500
1532.531250,0.843750
1533.406250,0.875000
1534.296875,0.890625
1535.187500,0.890625
1536.062500,0.875000
1536.968750,0.906250
1537.843750,0.875000
1538.687500,0.843750
1539.546875,0.859375
1540.406250,0.859375
1541.218750,0.812500
1541.984375,0.765625
1542.750000,0.765625
1547.859375,0.859375
1548.703125,0.843750
1549.593750,0.890625
1550.453125,0.859375
1551.296875,0.843750
1552.140625,0.843750
1553.000000,0.859375
1553.843750,0.843750
1554.656250,0.812500
1555.515625,0.859375
1556.421875,0.906250
1557.343750,0.921875
1558.234375,0.890625
1559.093750,0.859375
1559.968750,0.875000
1560.875000,0.906250
1561.718750,0.843750
1562.500000,0.781250
1563.312500,0.812500
1564.187500,0.875000
1565.250000,1.062500
1566.156250,0.906250
1573.062500,0.890625
1573.984375,0.921875
1574.671875,0.687500
1589.953125,0.796875
1590.781250,0.828125
1603.671875,0.734375
1604.515625,0.843750
1605.406250,0.890625
1606.281250,0.875000
1607.203125,0.921875
1608.125000,0.921875
1609.046875,0.921875
1609.953125,0.906250
1610.875000,0.921875
1611.781250,0.906250
1612.625000,0.843750
1613.500000,0.875000
1614.359375,0.859375
1615.250000,0.890625
1616.078125,0.828125
1616.859375,0.781250
1617.640625,0.781250
1618.500000,0.859375
1619.328125,0.828125
1620.125000,0.796875
1639.046875,0.859375
1639.906250,0.859375
1640.859375,0.953125
1641.812500,0.953125
1642.781250,0.968750
1643.781250,1.000000
1644.781250,1.000000
1645.687500,0.906250
1646.703125,1.015625
1647.531250,0.828125
1648.296875,0.765625
1649.031250,0.734375
1649.875000,0.843750
1654.343750,0.937500
1655.296875,0.953125
1656.218750,0.921875
1657.109375,0.890625
1658.031250,0.921875
1658.937500,0.906250
1659.859375,0.921875
1660.734375,0.875000
1661.546875,0.812500
1662.375000,0.828125
1663.218750,0.843750
1664.093750,0.875000
1664.890625,0.796875
1665.765625,0.875000
1666.625000,0.859375
1667.500000,0.875000
1668.312500,0.812500
1669.093750,0.781250
1669.843750,0.750000
1670.593750,0.750000
1671.437500,0.843750
1672.343750,0.906250
1673.250000,0.906250
1674.109375,0.859375
1674.937500,0.828125
1675.734375,0.796875
1676.468750,0.734375
1677.171875,0.703125
1677.859375,0.687500
1682.187500,0.765625
1682.984375,0.796875
1683.859375,0.875000
1684.703125,0.843750
1685.578125,0.875000
1686.437500,0.859375
1687.281250,0.843750
1688.109375,0.828125
1688.921875,0.812500
1689.734375,0.812500
1690.609375,0.875000
1691.453125,0.843750
1692.312500,0.859375
1693.140625,0.828125
1693.968750,0.828125
1694.812500,0.843750
1695.687500,0.875000
1696.578125,0.890625
1697.500000,0.921875
1698.437500,0.937500
1699.406250,0.968750
1700.359375,0.953125
1701.218750,0.859375
1702.031250,0.812500
1702.812500,0.781250
1703.609375,0.796875
1704.593750,0.984375
1705.546875,0.953125
1706.500000,0.953125
1707.484375,0.984375
1708.437500,0.953125
1709.406250,0.968750
1710.328125,0.921875
1711.265625,0.937500
1712.218750,0.953125
1713.125000,0.906250
1714.031250,0.906250
1714.937500,0.906250
1715.875000,0.937500
1716.750000,0.875000
1717.609375,0.859375
1718.500000,0.890625
1719.406250,0.906250
1720.296875,0.890625
1721.156250,0.859375
1722.062500,0.906250
1723.000000,0.937500
1723.875000,0.875000
1724.687500,0.812500
1725.484375,0.796875
1726.234375,0.750000
1727.015625,0.781250
1727.828125,0.812500
1728.625000,0.796875
1729.468750,0.843750
1730.343750,0.875000
1731.250000,0.906250
1732.093750,0.843750
1733.000000,0.906250
1733.906250,0.906250
1734.765625,0.859375
1735.656250,0.890625
1736.578125,0.921875
1737.453125,0.875000
1738.312500,0.859375
1739.203125,0.890625
1740.093750,0.890625
1740.968750,0.875000
1741.828125,0.859375
1742.703125,0.875000
1743.562500,0.859375
1744.359375,0.796875
1745.281250,0.921875
1746.093750,0.812500
1746.968750,0.875000
1747.843750,0.875000
1748.656250,0.812500
1749.500000,0.843750
1750.390625,0.890625
1751.203125,0.812500
1752.031250,0.828125
1752.890625,0.859375
1753.703125,0.812500
1754.593750,0.890625
1755.500000,0.906250
1756.375000,0.875000
1757.187500,0.812500
1758.000000,0.812500
1758.750000,0.750000
1759.484375,0.734375
1760.187500,0.703125
1760.890625,0.703125
1761.640625,0.750000
1762.453125,0.812500
1763.328125,0.875000
1764.203125,0.875000
1765.062500,0.859375
1765.937500,0.875000
1766.828125,0.890625
1767.703125,0.875000
1768.562500,0.859375
1769.421875,0.859375
1770.265625,0.843750
1771.078125,0.812500
1771.890625,0.812500
1781.062500,0.843750
1781.906250,0.843750
1810.796875,0.890625
1893.921875,0.906250
1911.687500,0.796875
1917.765625,0.656250
1918.390625,0.625000
1919.046875,0.656250
1923.718750,0.671875
1929.140625,0.703125
1929.781250,0.640625
1930.468750,0.687500
1931.187500,0.718750
1931.984375,0.796875
1932.796875,0.812500
1933.625000,0.828125
1934.421875,0.796875
1935.218750,0.796875
1935.937500,0.718750
1936.671875,0.734375
1937.375000,0.703125
1938.187500,0.812500
1939.046875,0.859375
1939.875000,0.828125
1940.765625,0.890625
1941.687500,0.921875
1942.609375,0.921875
1943.500000,0.890625
1944.421875,0.921875
1945.281250,0.859375
1946.046875,0.765625
1946.765625,0.718750
1947.468750,0.703125
1948.203125,0.734375
1949.031250,0.828125
1949.890625,0.859375
1950.765625,0.875000
1951.625000,0.859375
1952.546875,0.921875
1953.453125,0.906250
1954.343750,0.890625
1955.171875,0.828125
1956.000000,0.828125
1956.859375,0.859375
1957.687500,0.828125
1958.421875,0.734375
1959.187500,0.765625
1959.890625,0.703125
1960.703125,0.812500
1961.468750,0.765625
1962.218750,0.750000
1962.953125,0.734375
1963.703125,0.750000
1964.515625,0.812500
1965.281250,0.765625
1966.031250,0.750000
1966.843750,0.812500
1967.718750,0.875000
1968.609375,0.890625
1969.500000,0.890625
1970.390625,0.890625
1971.296875,0.906250
1972.171875,0.875000
1973.046875,0.875000
1973.937500,0.890625
1974.812500,0.875000
1975.671875,0.859375
1976.515625,0.843750
1977.343750,0.828125
1978.218750,0.875000
1979.015625,0.796875
1979.750000,0.734375
1980.515625,0.765625
1981.281250,0.765625
1982.046875,0.765625
1982.812500,0.765625
1983.562500,0.750000
1984.296875,0.734375
1985.187500,0.890625
1986.156250,0.968750
1990.687500,0.734375
1991.390625,0.703125
1992.078125,0.687500
1992.750000,0.671875
1993.437500,0.687500
1994.093750,0.656250
1994.765625,0.671875
1995.515625,0.750000
1996.265625,0.750000
1997.140625,0.875000
1997.921875,0.781250
1998.828125,0.906250
1999.640625,0.812500
2000.437500,0.796875
2013.671875,0.890625
2014.531250,0.859375
2015.406250,0.875000
2016.296875,0.890625
2049.500000,0.781250
2055.718750,1.000000
2056.562500,0.843750
2057.437500,0.875000
2058.328125,0.890625
2059.218750,0.890625
2060.046875,0.828125
2060.953125,0.906250
2061.843750,0.890625
2062.734375,0.890625
2078.500000,0.828125
2079.312500,0.812500
2080.031250,0.718750
2080.796875,0.765625
2081.578125,0.781250
2082.375000,0.796875
2083.125000,0.750000
2083.953125,0.828125
2084.734375,0.781250
2085.515625,0.781250
2086.312500,0.796875
2087.031250,0.718750
2087.750000,0.718750
2088.500000,0.750000
2089.281250,0.781250
2113.390625,0.750000
2114.171875,0.781250
2114.984375,0.812500
2115.781250,0.796875
2116.578125,0.796875
2117.406250,0.828125
2125.125000,0.828125
2139.031250,0.734375
2139.750000,0.718750
2140.453125,0.703125
2155.593750,0.734375
2162.437500,0.656250
2163.062500,0.625000
2163.703125,0.640625
2164.312500,0.609375
2164.953125,0.640625
2165.578125,0.625000
2178.390625,0.718750
2179.109375,0.718750
2179.890625,0.781250
2205.890625,0.875000
2206.593750,0.703125
2207.437500,0.843750
2208.218750,0.781250
2209.000000,0.781250
2214.984375,0.687500
2215.687500,0.703125
2216.421875,0.734375
2222.781250,0.687500
2223.453125,0.671875
2224.171875,0.718750
2224.921875,0.750000
2225.781250,0.859375
2226.625000,0.843750
2227.468750,0.843750
2228.218750,0.750000
2228.937500,0.718750
2229.625000,0.687500
2230.296875,0.671875
2230.968750,0.671875
2231.687500,0.718750
2232.453125,0.765625
2233.250000,0.796875
2234.062500,0.812500
2234.859375,0.796875
2235.703125,0.843750
2236.546875,0.843750
2237.406250,0.859375
2238.265625,0.859375
2239.125000,0.859375
2239.937500,0.812500
2240.734375,0.796875
2241.515625,0.781250
2242.343750,0.828125
2243.156250,0.812500
2243.968750,0.812500
2244.765625,0.796875
2245.546875,0.781250
2246.296875,0.750000
2246.968750,0.671875
2247.687500,0.718750
2248.390625,0.703125
2249.078125,0.687500
2249.734375,0.656250
2250.390625,0.656250
2251.125000,0.734375
2251.968750,0.843750
2252.875000,0.906250
2253.812500,0.937500
2254.812500,1.000000
2275.000000,0.781250
2275.875000,0.875000
2276.781250,0.906250
2277.687500,0.906250
2278.546875,0.859375
2279.375000,0.828125
2280.140625,0.765625
2280.859375,0.718750
2281.578125,0.718750
2282.328125,0.750000
2283.109375,0.781250
2283.890625,0.781250
2284.500000,0.609375
2285.375000,0.875000
2286.156250,0.781250
2286.984375,0.828125
2287.812500,0.828125
2288.625000,0.812500
2289.421875,0.796875
2290.187500,0.765625
2290.937500,0.750000
2291.687500,0.750000
2292.468750,0.781250
2299.062500,0.890625
2299.953125,0.890625
2300.796875,0.843750
2301.640625,0.843750
2302.500000,0.859375
2303.359375,0.859375
2304.171875,0.812500
2304.984375,0.812500
2305.812500,0.828125
2306.671875,0.859375
2307.500000,0.828125
2308.312500,0.812500
2309.156250,0.843750
2310.031250,0.875000
2310.828125,0.796875
2311.656250,0.828125
2312.453125,0.796875
2313.281250,0.828125
2314.046875,0.765625
2314.843750,0.796875
2315.734375,0.890625
2329.859375,0.671875
2330.500000,0.640625
2331.156250,0.656250
2331.796875,0.640625
2332.421875,0.625000
2333.062500,0.640625
2333.718750,0.656250
2334.437500,0.718750
2335.140625,0.703125
2335.812500,0.671875
2336.515625,0.703125
2337.234375,0.718750
2337.937500,0.703125
2338.656250,0.718750
2339.359375,0.703125
2340.031250,0.671875
2340.718750,0.687500
2380.046875,0.703125
2380.718750,0.671875
2381.375000,0.656250
2382.015625,0.640625
2382.671875,0.656250
2383.359375,0.687500
2384.109375,0.750000
2384.921875,0.812500
2385.750000,0.828125
2386.609375,0.859375
2387.421875,0.812500
2388.234375,0.812500
2394.515625,0.734375
2395.281250,0.765625
2396.046875,0.765625
2396.812500,0.765625
2402.062500,0.906250
2402.968750,0.906250
2403.875000,0.906250
2404.750000,0.875000
2405.625000,0.875000
2406.484375,0.859375
2407.281250,0.796875
2408.062500,0.781250
2408.890625,0.828125
2409.750000,0.859375
2410.593750,0.843750
2528.640625,1.000000
2529.515625,0.875000
2536.906250,0.750000
2537.734375,0.828125
2538.578125,0.843750
2539.359375,0.781250
2540.015625,0.656250
2613.578125,0.718750
2614.281250,0.703125
2615.000000,0.718750
2615.687500,0.687500
2616.359375,0.671875
2617.015625,0.656250
2617.671875,0.656250
2618.421875,0.750000
2619.171875,0.750000
2619.921875,0.750000
2620.640625,0.718750
2621.406250,0.765625
2622.171875,0.765625
2622.984375,0.812500
2623.765625,0.781250
2624.515625,0.750000
2625.218750,0.703125
2625.937500,0.718750
2626.671875,0.734375
2627.406250,0.734375
2640.000000,0.593750
2640.750000,0.750000
2641.500000,0.750000
2642.062500,0.562500
2670.578125,0.750000
2671.453125,0.875000
2672.203125,0.750000
2679.546875,0.906250
2680.484375,0.937500
2681.328125,0.843750
2682.125000,0.796875
2683.062500,0.937500
2683.875000,0.812500
2684.734375,0.859375
2685.484375,0.750000
2686.218750,0.734375
2687.156250,0.937500
2687.921875,0.765625
2688.718750,0.796875
2702.671875,0.843750
2703.515625,0.843750
2708.468750,0.812500
2709.281250,0.812500
2710.093750,0.812500
2734.796875,0.734375
2744.859375,0.765625
2745.687500,0.828125
2746.468750,0.781250
2747.296875,0.828125
2748.078125,0.781250
2759.250000,0.781250
2767.890625,0.750000
2768.843750,0.953125
2769.687500,0.843750
2770.578125,0.890625
2771.250000,0.671875
2771.968750,0.718750
2896.578125,0.765625
2917.156250,1.046875
3015.218750,0.859375
3016.046875,0.828125
3016.875000,0.828125
3017.734375,0.859375
3048.906250,0.625000
3061.609375,0.703125
3062.343750,0.734375
3063.093750,0.750000
3063.875000,0.781250
3064.656250,0.781250
3065.437500,0.781250
3066.281250,0.843750
3067.031250,0.750000
3068.031250,1.000000
3068.984375,0.953125
3078.750000,0.671875
3079.421875,0.671875
3080.109375,0.687500
3080.828125,0.718750
3116.125000,0.750000
3116.890625,0.765625
3117.656250,0.765625
3118.406250,0.750000
3119.109375,0.703125
3119.796875,0.687500
3120.406250,0.609375
3134.500000,0.703125
3135.343750,0.843750
3198.531250,0.765625
3199.359375,0.828125
3200.140625,0.781250
3200.765625,0.625000
3201.671875,0.906250
3202.390625,0.718750
3203.109375,0.718750
3318.218750,0.859375
3318.984375,0.765625
3319.718750,0.734375
3320.484375,0.765625
3338.453125,0.921875
3339.218750,0.765625
3374.203125,0.859375
3396.906250,0.781250
3397.640625,0.734375
3398.546875,0.906250
3454.640625,0.656250
3455.500000,0.859375
3467.843750,0.828125
3483.187500,0.750000
3484.015625,0.828125
3484.843750,0.828125
3508.687500,0.765625
3509.453125,0.765625
3531.078125,0.812500
3539.703125,0.750000
3549.046875,0.656250
3549.750000,0.703125
3564.234375,0.718750
3565.250000,1.015625
3566.109375,0.859375
3566.953125,0.843750
3567.859375,0.906250
3568.687500,0.828125
3569.640625,0.953125
3570.546875,0.906250
3571.468750,0.921875
3572.375000,0.906250
3593.890625,0.812500
3594.640625,0.750000
3595.359375,0.718750
3596.187500,0.828125
3600.906250,0.812500
3601.687500,0.781250
3602.453125,0.765625
3603.281250,0.828125
3603.906250,0.625000
3604.640625,0.734375
3605.296875,0.656250
3606.078125,0.781250
3635.437500,0.890625
3690.125000,0.640625
3690.906250,0.781250
3691.625000,0.718750
3692.406250,0.781250
3738.343750,0.843750
3754.328125,0.734375
3755.093750,0.765625
3755.843750,0.750000
3765.921875,0.859375
3766.796875,0.875000
3767.640625,0.843750
3768.500000,0.859375
3769.375000,0.875000
3770.234375,0.859375
3771.093750,0.859375
3771.953125,0.859375
3772.812500,0.859375
3773.625000,0.812500
3774.468750,0.843750
3775.359375,0.890625
3776.187500,0.828125
3777.000000,0.812500
3777.781250,0.781250
3778.562500,0.781250
3779.312500,0.750000
3780.140625,0.828125
3781.031250,0.890625
3781.890625,0.859375
3782.750000,0.859375
3783.640625,0.890625
3790.187500,0.875000
3791.109375,0.921875
3791.968750,0.859375
3792.812500,0.843750
3793.671875,0.859375
3794.593750,0.921875
3795.437500,0.843750
3796.218750,0.781250
3797.031250,0.812500
3797.859375,0.828125
3798.765625,0.906250
3799.625000,0.859375
3800.484375,0.859375
3801.375000,0.890625
3802.312500,0.937500
3803.203125,0.890625
3804.078125,0.875000
3816.625000,0.640625
3817.296875,0.671875
3825.937500,0.828125
3826.796875,0.859375
3827.609375,0.812500
3828.375000,0.765625
3829.125000,0.750000
3829.859375,0.734375
3830.640625,0.781250
3831.421875,0.781250
3832.250000,0.828125
3833.125000,0.875000
3834.015625,0.890625
3834.843750,0.828125
3835.593750,0.750000
3836.531250,0.937500
3851.046875,0.875000
3851.921875,0.875000
3852.796875,0.875000
3853.687500,0.890625
3854.531250,0.843750
3862.484375,0.812500
3863.359375,0.875000
3864.187500,0.828125
3865.062500,0.875000
3865.921875,0.859375
3866.781250,0.859375
3867.640625,0.859375
3868.500000,0.859375
3869.343750,0.843750
3870.156250,0.812500
3870.968750,0.812500
3871.734375,0.765625
3872.531250,0.796875
3873.390625,0.859375
3874.234375,0.843750
3875.109375,0.875000
3875.937500,0.828125
3876.859375,0.921875
3877.750000,0.890625
3878.578125,0.828125
3879.390625,0.812500
3880.218750,0.828125
3904.906250,0.656250
3905.781250,0.875000
3906.578125,0.796875
3907.359375,0.781250
3908.156250,0.796875
3908.921875,0.765625
3936.765625,0.828125
3937.625000,0.859375
3938.437500,0.812500
3939.296875,0.859375
3940.140625,0.843750
3947.484375,0.718750
3948.437500,0.953125
3970.281250,0.906250
3971.125000,0.843750
3972.000000,0.875000
3972.875000,0.875000
3973.703125,0.828125
3979.859375,0.781250
3980.609375,0.750000
3981.593750,0.984375
3982.500000,0.906250
3983.390625,0.890625
3984.093750,0.703125
3990.125000,0.843750
3990.953125,0.828125
3991.765625,0.812500
3992.500000,0.734375
3993.281250,0.781250
3994.015625,0.734375
3994.750000,0.734375
4025.171875,0.890625
4026.046875,0.875000
4059.250000,0.906250
4060.125000,0.875000
4061.000000,0.875000
4061.796875,0.796875
4062.578125,0.781250
4063.531250,0.953125
4064.281250,0.750000
4065.078125,0.796875
4065.859375,0.781250
4066.734375,0.875000
4067.593750,0.859375
4068.390625,0.796875
4069.234375,0.843750
4070.078125,0.843750
4070.890625,0.812500
4071.687500,0.796875
4072.437500,0.750000
4073.203125,0.765625
4074.000000,0.796875
4074.734375,0.734375
4075.578125,0.843750
4076.359375,0.781250
4077.187500,0.828125
4077.953125,0.765625
4078.781250,0.828125
4079.640625,0.859375
4080.484375,0.843750
4081.312500,0.828125
4082.093750,0.781250
4082.890625,0.796875
4083.640625,0.750000
4084.406250,0.765625
4085.171875,0.765625
4085.984375,0.812500
4106.718750,0.828125
4107.515625,0.796875
4126.000000,0.828125
4126.906250,0.906250
4127.765625,0.859375
4128.593750,0.828125
4129.515625,0.921875
4130.328125,0.812500
4131.140625,0.812500
4131.953125,0.812500
4132.875000,0.921875
4133.765625,0.890625
4134.531250,0.765625
4135.531250,1.000000
4136.390625,0.859375
4137.265625,0.875000
4145.156250,0.671875
4145.843750,0.687500
4149.312500,0.703125
4150.000000,0.687500
4153.656250,0.671875
4154.296875,0.640625
4154.984375,0.687500
4155.640625,0.656250
4156.328125,0.687500
4157.078125,0.750000
4157.828125,0.750000
4158.609375,0.781250
4159.359375,0.750000
4160.093750,0.734375
4160.906250,0.812500
4161.718750,0.812500
4162.531250,0.812500
4163.343750,0.812500
4164.203125,0.859375
4165.062500,0.859375
4165.968750,0.906250
4166.812500,0.843750
4167.656250,0.843750
4168.468750,0.812500
4169.250000,0.781250
4170.078125,0.828125
4170.890625,0.812500
4171.734375,0.843750
4172.593750,0.859375
4173.453125,0.859375
4174.359375,0.906250
4175.281250,0.921875
4176.203125,0.921875
4177.125000,0.921875
4178.046875,0.921875
4178.953125,0.906250
4179.796875,0.843750
4180.687500,0.890625
4181.546875,0.859375
4182.390625,0.843750
4183.234375,0.843750
4184.093750,0.859375
4184.953125,0.859375
4185.843750,0.890625
4186.734375,0.890625
4187.609375,0.875000
4188.500000,0.890625
4189.421875,0.921875
4190.359375,0.937500
4191.265625,0.906250
4192.156250,0.890625
4193.031250,0.875000
4193.875000,0.843750
4194.718750,0.843750
4195.593750,0.875000
4196.390625,0.796875
4197.171875,0.781250
4198.000000,0.828125
4198.828125,0.828125
4199.640625,0.812500
4200.437500,0.796875
4201.250000,0.812500
4202.093750,0.843750
4202.906250,0.812500
4203.781250,0.875000
4204.656250,0.875000
4205.515625,0.859375
4206.375000,0.859375
4207.250000,0.875000
4208.078125,0.828125
4208.906250,0.828125
4209.671875,0.765625
4210.453125,0.781250
4211.421875,0.968750
4212.203125,0.781250
4213.031250,0.828125
4213.906250,0.875000
4214.765625,0.859375
4215.640625,0.875000
4216.500000,0.859375
4217.328125,0.828125
4218.093750,0.765625
4218.875000,0.781250
4219.671875,0.796875
4220.531250,0.859375
4221.421875,0.890625
4222.296875,0.875000
4227.406250,0.718750
4228.093750,0.687500
4228.828125,0.734375
4229.609375,0.781250
4230.453125,0.843750
4231.093750,0.640625
4231.953125,0.859375
4232.796875,0.843750
4233.734375,0.937500
4234.609375,0.875000
4235.546875,0.937500
4236.468750,0.921875
4237.328125,0.859375
4238.234375,0.906250
4239.109375,0.875000
4240.031250,0.921875
4240.968750,0.937500
4241.906250,0.937500
4242.859375,0.953125
4243.671875,0.812500
4244.484375,0.812500
4245.312500,0.828125
4246.125000,0.812500
4246.968750,0.843750
4247.812500,0.843750
4248.671875,0.859375
4249.515625,0.843750
4250.406250,0.890625
4251.265625,0.859375
4252.140625,0.875000
4252.984375,0.843750
4253.843750,0.859375
4254.671875,0.828125
4255.453125,0.781250
4256.203125,0.750000
4256.984375,0.781250
4257.750000,0.765625
4258.578125,0.828125
4259.328125,0.750000
4260.203125,0.875000
4260.968750,0.765625
4261.718750,0.750000
4262.484375,0.765625
4263.281250,0.796875
4264.062500,0.781250
4264.906250,0.843750
4265.703125,0.796875
4266.546875,0.843750
4267.390625,0.843750
4268.218750,0.828125
4269.093750,0.875000
4269.953125,0.859375
4270.812500,0.859375
4271.656250,0.843750
4272.484375,0.828125
4273.375000,0.890625
4274.250000,0.875000
4275.109375,0.859375
4275.984375,0.875000
4276.781250,0.796875
4277.500000,0.718750
4278.187500,0.687500
4278.875000,0.687500
4279.578125,0.703125
4280.390625,0.812500
4281.250000,0.859375
4282.140625,0.890625
4283.062500,0.921875
4284.015625,0.953125
4284.937500,0.921875
4285.828125,0.890625
4286.734375,0.906250
4287.656250,0.921875
4288.546875,0.890625
4289.515625,0.968750
4290.484375,0.968750
4291.421875,0.937500
4292.343750,0.921875
4293.296875,0.953125
4294.234375,0.937500
4295.093750,0.859375
4295.937500,0.843750
4296.828125,0.890625
4297.703125,0.875000
4303.828125,0.828125
4304.921875,1.093750
4311.062500,0.781250
4311.890625,0.828125
4312.781250,0.890625
4313.671875,0.890625
4314.578125,0.906250
4315.468750,0.890625
4316.375000,0.906250
4317.171875,0.796875
4317.937500,0.765625
4318.609375,0.671875
4319.265625,0.656250
4319.953125,0.687500
4320.671875,0.718750
4321.390625,0.718750
4322.125000,0.734375
4322.843750,0.718750
4323.531250,0.687500
4324.265625,0.734375
4325.078125,0.812500
4325.859375,0.781250
4326.640625,0.781250
4327.343750,0.703125
4328.062500,0.718750
4328.765625,0.703125
4329.484375,0.718750
4330.250000,0.765625
4331.015625,0.765625
4331.796875,0.781250
4332.578125,0.781250
4333.468750,0.890625
4338.453125,0.765625
4339.234375,0.781250
4339.984375,0.750000
4340.671875,0.687500
4341.375000,0.703125
4342.078125,0.703125
4342.906250,0.828125
4343.750000,0.843750
4344.593750,0.843750
4345.453125,0.859375
4346.312500,0.859375
4347.187500,0.875000
4348.062500,0.875000
4348.906250,0.843750
4349.765625,0.859375
4350.640625,0.875000
4351.515625,0.875000
4352.359375,0.843750
4353.250000,0.890625
4354.140625,0.890625
4355.046875,0.906250
4355.953125,0.906250
4356.828125,0.875000
4357.718750,0.890625
4358.546875,0.828125
4359.359375,0.812500
4360.125000,0.765625
4361.015625,0.890625
4361.906250,0.890625
4362.812500,0.906250
4363.781250,0.968750
4364.625000,0.843750
4365.484375,0.859375
4366.437500,0.953125
4367.281250,0.843750
4368.203125,0.921875
4369.109375,0.906250
4369.968750,0.859375
4370.828125,0.859375
4371.750000,0.921875
4372.703125,0.953125
4373.625000,0.921875
4374.484375,0.859375
4375.406250,0.921875
4376.312500,0.906250
4377.171875,0.859375
4378.046875,0.875000
4378.968750,0.921875
4379.859375,0.890625
4380.812500,0.953125
4381.687500,0.875000
4382.640625,0.953125
4383.484375,0.843750
4384.375000,0.890625
4385.296875,0.921875
4386.234375,0.937500
4387.093750,0.859375
4387.906250,0.812500
4388.781250,0.875000
4389.562500,0.781250
4390.296875,0.734375
4391.234375,0.937500
4392.015625,0.781250
4392.687500,0.671875
4393.562500,0.875000
4394.546875,0.984375
4395.406250,0.859375
4396.281250,0.875000
4400.828125,0.734375
4401.562500,0.734375
4402.375000,0.812500
4403.187500,0.812500
4404.046875,0.859375
4437.421875,0.656250
4438.218750,0.796875
4438.984375,0.765625
4439.734375,0.750000
4440.468750,0.734375
4441.250000,0.781250
4446.843750,0.828125
4447.687500,0.843750
4448.531250,0.843750
4449.359375,0.828125
4450.203125,0.843750
4451.046875,0.843750
4451.859375,0.812500
4452.671875,0.812500
4453.468750,0.796875
4454.250000,0.781250
4454.921875,0.671875
4469.031250,0.859375
4469.921875,0.890625
4470.781250,0.859375
4471.671875,0.890625
4472.593750,0.921875
4473.484375,0.890625
4474.296875,0.812500
4475.140625,0.843750
4475.953125,0.812500
4476.765625,0.812500
4477.546875,0.781250
4478.296875,0.750000
4479.078125,0.781250
4479.859375,0.781250
4533.234375,0.750000
4534.015625,0.781250
4534.828125,0.812500
4535.640625,0.812500
4536.515625,0.875000
4537.359375,0.843750
4538.250000,0.890625
4539.140625,0.890625
4540.015625,0.875000
4540.875000,0.859375
4541.734375,0.859375
4549.468750,0.875000
4550.390625,0.921875
4551.296875,0.906250
4552.046875,0.750000
4552.781250,0.734375
4553.468750,0.687500
4554.203125,0.734375
4554.921875,0.718750
4555.640625,0.718750
4556.453125,0.812500
4557.421875,0.968750
4558.250000,0.828125
4559.062500,0.812500
4560.000000,0.937500
4565.000000,0.796875
4565.812500,0.812500
4566.656250,0.843750
4567.468750,0.812500
4568.281250,0.812500
4569.109375,0.828125
4569.937500,0.828125
4570.718750,0.781250
4571.687500,0.968750
4572.453125,0.765625
4573.343750,0.890625
4615.453125,0.859375
4616.218750,0.765625
4617.015625,0.796875
4638.890625,0.875000
4639.875000,0.984375
4640.843750,0.968750
4641.640625,0.796875
4659.687500,0.796875
4660.500000,0.812500
4661.296875,0.796875
4662.093750,0.796875
4662.828125,0.734375
4663.578125,0.750000
4664.437500,0.859375
4665.250000,0.812500
4666.015625,0.765625
4666.828125,0.812500
4667.734375,0.906250
4668.640625,0.906250
4669.531250,0.890625
4670.390625,0.859375
4671.203125,0.812500
4671.984375,0.781250
4672.640625,0.656250
4773.062500,0.843750
4773.921875,0.859375
4774.796875,0.875000
4775.671875,0.875000
4794.203125,0.843750
4816.953125,0.468750
4840.062500,0.781250
4840.734375,0.671875
4841.375000,0.640625
4850.000000,0.781250
4850.734375,0.734375
4851.468750,0.734375
4852.312500,0.843750
4868.203125,0.671875
4868.921875,0.718750
4869.593750,0.671875
4873.421875,0.765625
4879.984375,0.906250
4880.921875,0.937500
4881.703125,0.781250
4886.750000,0.781250
4887.578125,0.828125
4888.328125,0.750000
4889.250000,0.921875
4889.968750,0.718750
4890.687500,0.718750
4891.484375,0.796875
4892.265625,0.781250
4896.734375,0.671875
4897.484375,0.750000
4898.171875,0.687500
4903.937500,0.625000
4904.781250,0.843750
4905.515625,0.734375
4906.171875,0.656250
4907.078125,0.906250
4907.953125,0.875000
4913.343750,0.921875
4914.203125,0.859375
4915.093750,0.890625
4915.968750,0.875000
4916.906250,0.937500
4917.781250,0.875000
4918.687500,0.906250
4919.578125,0.890625
4920.546875,0.968750
4921.484375,0.937500
4922.390625,0.906250
4923.406250,1.015625
4924.218750,0.812500
4924.937500,0.718750
4925.890625,0.953125
4926.687500,0.796875
4927.484375,0.796875
4928.390625,0.906250
4929.375000,0.984375
4930.343750,0.968750
4931.296875,0.953125
4932.125000,0.828125
4933.234375,1.109375
4934.156250,0.921875
4942.625000,0.890625
4943.718750,1.093750
4960.656250,0.765625
4963.250000,0.515625
5004.812500,0.750000
5124.000000,0.843750
5124.859375,0.859375
5125.671875,0.812500
5126.515625,0.843750
5127.328125,0.812500
5128.093750,0.765625
5128.906250,0.812500
5192.343750,0.859375
5193.234375,0.890625
5194.140625,0.906250
5195.000000,0.859375
5202.765625,0.890625
5203.687500,0.921875
5211.453125,0.906250
5212.250000,0.796875
5213.171875,0.921875
5214.046875,0.875000
5214.890625,0.843750
5232.640625,0.796875
5233.531250,0.890625
5234.265625,0.734375
5239.046875,0.812500
5239.890625,0.843750
5240.750000,0.859375
5241.609375,0.859375
5262.687500,0.484375
5263.140625,0.453125
5263.609375,0.468750
5264.078125,0.468750
5264.546875,0.468750
5265.000000,0.453125
5265.468750,0.468750
5265.906250,0.437500
5266.406250,0.500000
5266.859375,0.453125
5267.328125,0.468750
5267.812500,0.484375
5268.234375,0.421875
5268.718750,0.484375
5269.187500,0.468750
5269.609375,0.421875
5270.125000,0.515625
5270.593750,0.468750
5271.031250,0.437500
5271.546875,0.515625
5272.000000,0.453125
5272.437500,0.437500
5272.968750,0.531250
5273.437500,0.468750
5273.875000,0.437500
5274.421875,0.546875
5274.906250,0.484375
5275.390625,0.484375
5275.875000,0.484375
5276.343750,0.468750
5276.859375,0.515625
5277.359375,0.500000
5277.859375,0.500000
5278.359375,0.500000
5278.812500,0.453125
5279.343750,0.531250
5279.843750,0.500000
5280.296875,0.453125
5284.062500,0.843750
5284.921875,0.859375
5285.781250,0.859375
5286.625000,0.843750
5287.515625,0.890625
5288.359375,0.843750
5289.171875,0.812500
5289.953125,0.781250
5290.796875,0.843750
5291.687500,0.890625
5292.562500,0.875000
5293.625000,1.062500
5308.218750,0.781250
5309.000000,0.781250
5365.296875,0.781250
5366.093750,0.796875
5366.890625,0.796875
5367.750000,0.859375
5368.609375,0.859375
5369.484375,0.875000
5370.328125,0.843750
5371.171875,0.843750
5372.000000,0.828125
5380.234375,0.906250
5381.109375,0.875000
5382.000000,0.890625
5382.906250,0.906250
5383.843750,0.937500
5384.671875,0.828125
5385.484375,0.812500
5386.312500,0.828125
5387.171875,0.859375
5387.843750,0.671875
5444.109375,0.578125
5444.609375,0.500000
5445.140625,0.531250
5462.062500,0.765625
5467.718750,0.953125
5468.687500,0.968750
5469.640625,0.953125
5470.593750,0.953125
5471.578125,0.984375
5479.890625,0.468750
5480.437500,0.546875
5487.281250,0.531250
5487.812500,0.531250
5488.281250,0.468750
5488.750000,0.468750
5489.281250,0.531250
5491.859375,0.562500
5492.328125,0.468750
5492.859375,0.531250
5533.250000,0.515625
5542.734375,0.515625
5543.234375,0.500000
5543.765625,0.531250
5547.625000,0.859375
5548.359375,0.734375
5555.546875,0.484375
5556.109375,0.562500
5556.656250,0.546875
5557.171875,0.515625
5557.609375,0.437500
5558.203125,0.593750
5558.765625,0.562500
5559.203125,0.437500
5559.687500,0.484375
5574.015625,0.843750
5574.781250,0.765625
5575.609375,0.828125
5576.468750,0.859375
5577.343750,0.875000
5578.203125,0.859375
5583.265625,0.812500
5584.109375,0.843750
5584.890625,0.781250
5585.718750,0.828125
5586.453125,0.734375
5587.343750,0.890625
5588.109375,0.765625
5588.875000,0.765625
5589.781250,0.906250
5594.609375,0.734375
5595.375000,0.765625
5596.125000,0.750000
5609.140625,0.812500
5609.921875,0.781250
5610.734375,0.812500
5611.593750,0.859375
5612.437500,0.843750
5613.312500,0.875000
5614.187500,0.875000
5615.046875,0.859375
5615.890625,0.843750
5616.703125,0.812500
5617.453125,0.750000
5618.218750,0.765625
5619.062500,0.843750
5619.890625,0.828125
5628.062500,0.843750
5628.828125,0.765625
5629.609375,0.781250
5630.359375,0.750000
5631.078125,0.718750
5631.765625,0.687500
5632.359375,0.593750
5633.171875,0.812500
5633.859375,0.687500
5634.625000,0.765625
5635.359375,0.734375
5636.218750,0.859375
5636.890625,0.671875
5644.890625,0.859375
5645.750000,0.859375
5646.562500,0.812500
5647.375000,0.812500
5648.125000,0.750000
5648.906250,0.781250
5649.656250,0.750000
5654.593750,0.828125
5655.265625,0.671875
5656.156250,0.890625
5656.828125,0.671875
5657.609375,0.781250
5658.390625,0.781250
5659.203125,0.812500
5660.015625,0.812500
5660.812500,0.796875
5661.656250,0.843750
5662.343750,0.687500
5663.156250,0.812500
5663.890625,0.734375
5670.546875,0.734375
5671.312500,0.765625
5672.125000,0.812500
5672.953125,0.828125
5673.781250,0.828125
5688.593750,0.718750
5689.343750,0.750000
5703.890625,0.890625
5704.812500,0.921875
5705.890625,1.078125
5709.515625,0.687500
5710.250000,0.734375
5711.000000,0.750000
5711.828125,0.828125
5712.671875,0.843750
5713.500000,0.828125
5714.437500,0.937500
5715.250000,0.812500
5716.109375,0.859375
5716.968750,0.859375
5717.875000,0.906250
5718.796875,0.921875
5719.656250,0.859375
5724.421875,0.796875
5725.171875,0.750000
5726.109375,0.937500
5732.312500,0.890625
5733.218750,0.906250
5734.093750,0.875000
5734.937500,0.843750
5735.843750,0.906250
5736.718750,0.875000
5741.625000,0.828125
5742.484375,0.859375
5743.343750,0.859375
5744.406250,1.062500
5789.609375,0.906250
5811.437500,0.609375
5826.781250,0.781250
5827.500000,0.718750
5828.265625,0.765625
5829.015625,0.750000
5829.781250,0.765625
5830.531250,0.750000
5831.312500,0.781250
5832.062500,0.750000
5832.843750,0.781250
5833.640625,0.796875
5834.390625,0.750000
5835.250000,0.859375
5836.046875,0.796875
5836.812500,0.765625
5837.546875,0.734375
5838.250000,0.703125
5838.953125,0.703125
5839.671875,0.718750
5840.281250,0.609375
5844.593750,0.843750
5845.421875,0.828125
5846.187500,0.765625
5846.890625,0.703125
5847.625000,0.734375
5848.406250,0.781250
5849.218750,0.812500
5850.031250,0.812500
5850.812500,0.781250
5851.640625,0.828125
5852.421875,0.781250
5853.250000,0.828125
5854.015625,0.765625
5854.812500,0.796875
5855.500000,0.687500
5856.234375,0.734375
5857.046875,0.812500
5862.765625,0.796875
5863.515625,0.750000
5864.390625,0.875000
5865.140625,0.750000
5865.937500,0.796875
5866.718750,0.781250
5867.500000,0.781250
5868.250000,0.750000
5869.000000,0.750000
5869.718750,0.718750
5870.453125,0.734375
5871.281250,0.828125
5872.093750,0.812500
5872.984375,0.890625
5873.812500,0.828125
5874.687500,0.875000
5875.500000,0.812500
5876.359375,0.859375
5877.156250,0.796875
5877.843750,0.687500
5878.593750,0.750000
5879.343750,0.750000
5880.171875,0.828125
5880.828125,0.656250
5889.312500,0.843750
5890.203125,0.890625
5890.968750,0.765625
5891.828125,0.859375
5892.640625,0.812500
5893.406250,0.765625
5894.140625,0.734375
5894.859375,0.718750
5895.578125,0.718750
5896.328125,0.750000
5897.093750,0.765625
5908.562500,1.031250
5909.437500,0.875000
5910.312500,0.875000
5911.015625,0.703125
5911.890625,0.875000
5912.609375,0.718750
5913.312500,0.703125
5914.062500,0.750000
5914.906250,0.843750
5915.750000,0.843750
5916.562500,0.812500
5917.312500,0.750000
5918.062500,0.750000
5919.000000,0.937500
5919.812500,0.812500
5920.656250,0.843750
5921.468750,0.812500
5922.343750,0.875000
5923.203125,0.859375
5924.109375,0.906250
5925.015625,0.906250
5925.921875,0.906250
5926.796875,0.875000
5927.718750,0.921875
5928.562500,0.843750
5929.437500,0.875000
5930.281250,0.843750
5931.187500,0.906250
5932.031250,0.843750
5932.921875,0.890625
5933.828125,0.906250
5934.734375,0.906250
5935.609375,0.875000
5936.500000,0.890625
5937.390625,0.890625
5938.250000,0.859375
5939.140625,0.890625
5940.062500,0.921875
5940.968750,0.906250
5941.796875,0.828125
5942.562500,0.765625
5943.546875,0.984375
5944.421875,0.875000
5945.312500,0.890625
5946.218750,0.906250
5947.125000,0.906250
5947.984375,0.859375
5948.812500,0.828125
5949.703125,0.890625
