1701384593, IBI
13.84375,0.796875
14.765625,0.921875
15.71875,0.953125
16.609375,0.890625
22.59375,0.8125
23.46875,0.875
24.296875,0.828125
25.09375,0.796875
25.90625,0.8125
26.703125,0.796875
27.484375,0.78125
28.234375,0.75
28.984375,0.75
29.734375,0.75
30.5,0.765625
31.21875,0.71875
31.96875,0.75
32.75,0.78125
33.515625,0.765625
34.3125,0.796875
35.078125,0.765625
35.8125,0.734375
36.625,0.8125
37.390625,0.765625
38.140625,0.75
38.921875,0.78125
39.734375,0.8125
40.46875,0.734375
41.234375,0.765625
41.96875,0.734375
42.734375,0.765625
43.46875,0.734375
52.421875,0.78125
53.234375,0.8125
54.0625,0.828125
54.90625,0.84375
63.953125,0.75
64.71875,0.765625
65.484375,0.765625
66.234375,0.75
69.828125,0.734375
70.59375,0.765625
71.359375,0.765625
72.109375,0.75
72.890625,0.78125
73.640625,0.75
74.390625,0.75
75.109375,0.71875
75.828125,0.71875
76.546875,0.71875
77.3125,0.765625
78.125,0.8125
78.9375,0.8125
79.75,0.8125
91.28125,0.78125
92.03125,0.75
92.765625,0.734375
93.46875,0.703125
94.171875,0.703125
94.890625,0.71875
95.625,0.734375
96.375,0.75
100.890625,0.703125
101.59375,0.703125
102.296875,0.703125
103.015625,0.71875
103.765625,0.75
104.5,0.734375
105.265625,0.765625
106.03125,0.765625
106.84375,0.8125
107.671875,0.828125
108.421875,0.75
109.171875,0.75
109.921875,0.75
110.65625,0.734375
111.4375,0.78125
112.21875,0.78125
113,0.78125
113.8125,0.8125
114.609375,0.796875
115.34375,0.734375
116.078125,0.734375
116.828125,0.75
117.578125,0.75
118.375,0.796875
119.15625,0.78125
119.9375,0.78125
130.78125,0.8125
131.578125,0.796875
132.359375,0.78125
136.875,0.796875
137.671875,0.796875
138.421875,0.75
139.15625,0.734375
139.9375,0.78125
144.203125,0.71875
144.890625,0.6875
169.59375,0.671875
268.875,0.796875
293.34375,0.734375
294.046875,0.703125
309.390625,0.8125
322.0625,0.75
322.796875,0.734375
323.5,0.703125
324.265625,0.765625
325.015625,0.75
325.78125,0.765625
326.515625,0.734375
327.234375,0.71875
328.03125,0.796875
328.890625,0.859375
329.796875,0.90625
330.625,0.828125
331.40625,0.78125
332.203125,0.796875
332.953125,0.75
333.6875,0.734375
334.421875,0.734375
335.203125,0.78125
336.03125,0.828125
336.859375,0.828125
337.734375,0.875
338.609375,0.875
360.421875,0.859375
371.53125,0.46875
372.015625,0.484375
372.4375,0.421875
372.9375,0.5
373.359375,0.421875
373.9375,0.578125
374.59375,0.65625
375.078125,0.484375
396.03125,0.671875
396.90625,0.875
397.59375,0.6875
398.40625,0.8125
399.21875,0.8125
405.578125,0.84375
406.21875,0.640625
407.046875,0.828125
417.265625,0.859375
418.203125,0.9375
425.96875,0.71875
426.703125,0.734375
427.453125,0.75
431.484375,0.875
432.34375,0.859375
439.984375,0.8125
440.78125,0.796875
441.484375,0.703125
442.234375,0.75
443.015625,0.78125
450.171875,0.671875
463.40625,0.65625
464.078125,0.671875
464.75,0.671875
465.453125,0.703125
466.265625,0.8125
470.8125,0.78125
471.5,0.6875
472.203125,0.703125
473,0.796875
473.796875,0.796875
477.46875,0.6875
478.1875,0.71875
478.890625,0.703125
479.671875,0.78125
480.359375,0.6875
481.03125,0.671875
487.0625,0.8125
487.765625,0.703125
488.53125,0.765625
489.25,0.71875
493.828125,0.671875
502.015625,0.796875
502.90625,0.890625
503.765625,0.859375
504.609375,0.84375
505.4375,0.828125
506.25,0.8125
507.015625,0.765625
507.75,0.734375
508.546875,0.796875
509.28125,0.734375
510.078125,0.796875
510.859375,0.78125
511.671875,0.8125
512.546875,0.875
513.390625,0.84375
514.21875,0.828125
515.046875,0.828125
515.8125,0.765625
516.515625,0.703125
517.265625,0.75
528.390625,0.75
529.078125,0.6875
529.8125,0.734375
530.5625,0.75
531.421875,0.859375
532.3125,0.890625
533.1875,0.875
533.984375,0.796875
540.25,0.796875
541.09375,0.84375
541.921875,0.828125
542.9375,1.015625
547.453125,0.78125
548.234375,0.78125
549.09375,0.859375
549.984375,0.890625
550.84375,0.859375
551.671875,0.828125
552.484375,0.8125
553.296875,0.8125
554.09375,0.796875
554.828125,0.734375
555.578125,0.75
556.296875,0.71875
557.21875,0.921875
558.109375,0.890625
559.0625,0.953125
559.953125,0.890625
573.71875,0.84375
574.515625,0.796875
575.296875,0.78125
576.125,0.828125
576.953125,0.828125
577.765625,0.8125
578.5625,0.796875
579.28125,0.71875
580.078125,0.796875
580.765625,0.6875
581.46875,0.703125
582.25,0.78125
583.046875,0.796875
583.78125,0.734375
584.59375,0.8125
585.359375,0.765625
586.0625,0.703125
587.015625,0.953125
587.75,0.734375
588.546875,0.796875
589.234375,0.6875
590.03125,0.796875
590.734375,0.703125
591.5,0.765625
592.28125,0.78125
593.09375,0.8125
594,0.90625
594.859375,0.859375
595.6875,0.828125
596.515625,0.828125
609.875,0.828125
610.578125,0.703125
611.359375,0.78125
612.03125,0.671875
612.734375,0.703125
613.53125,0.796875
618.71875,0.765625
619.46875,0.75
620.234375,0.765625
621,0.765625
621.796875,0.796875
622.625,0.828125
623.65625,1.03125
636.15625,0.625
636.78125,0.625
637.453125,0.671875
638.015625,0.5625
638.71875,0.703125
639.484375,0.765625
640.3125,0.828125
641.140625,0.828125
641.953125,0.8125
642.671875,0.71875
643.296875,0.625
648.65625,0.703125
649.40625,0.75
650.125,0.71875
650.9375,0.8125
651.796875,0.859375
652.625,0.828125
653.265625,0.640625
654.09375,0.828125
654.796875,0.703125
655.421875,0.625
656.265625,0.84375
657.09375,0.828125
657.890625,0.796875
658.640625,0.75
659.453125,0.8125
660.328125,0.875
661.15625,0.828125
665.0625,0.828125
665.859375,0.796875
666.65625,0.796875
667.390625,0.734375
668.15625,0.765625
668.890625,0.734375
669.703125,0.8125
670.46875,0.765625
671.203125,0.734375
672.015625,0.8125
672.828125,0.8125
673.640625,0.8125
674.359375,0.71875
675,0.640625
689.5,0.703125
698.609375,0.796875
699.40625,0.796875
700.234375,0.828125
701.125,0.890625
702.015625,0.890625
702.859375,0.84375
703.65625,0.796875
704.375,0.71875
705.046875,0.671875
705.828125,0.78125
706.546875,0.71875
707.28125,0.734375
708.03125,0.75
708.859375,0.828125
709.671875,0.8125
713.625,0.8125
714.375,0.75
715.171875,0.796875
733.53125,0.796875
734.234375,0.703125
735.015625,0.78125
735.75,0.734375
736.53125,0.78125
737.34375,0.8125
738.0625,0.71875
738.734375,0.671875
739.546875,0.8125
740.3125,0.765625
744.6875,0.828125
745.390625,0.703125
746,0.609375
746.765625,0.765625
747.59375,0.828125
748.484375,0.890625
749.203125,0.71875
752.9375,0.703125
757.21875,0.65625
758.109375,0.890625
758.828125,0.71875
781.9375,0.671875
782.734375,0.796875
783.453125,0.71875
784.28125,0.828125
785.109375,0.828125
785.921875,0.8125
786.75,0.828125
787.578125,0.828125
788.40625,0.828125
794.40625,0.84375
795.34375,0.9375
796.21875,0.875
797.078125,0.859375
797.984375,0.90625
798.75,0.765625
799.515625,0.765625
800.203125,0.6875
801,0.796875
801.734375,0.734375
802.546875,0.8125
803.390625,0.84375
804.328125,0.9375
805.1875,0.859375
806.03125,0.84375
806.859375,0.828125
816.046875,0.796875
816.84375,0.796875
817.546875,0.703125
818.234375,0.6875
818.984375,0.75
819.734375,0.75
820.46875,0.734375
821.234375,0.765625
821.921875,0.6875
822.84375,0.921875
823.609375,0.765625
824.421875,0.8125
825.171875,0.75
825.921875,0.75
826.671875,0.75
827.453125,0.78125
835.328125,0.8125
836.046875,0.71875
836.78125,0.734375
837.546875,0.765625
838.328125,0.78125
839.171875,0.84375
840.015625,0.84375
840.875,0.859375
841.734375,0.859375
842.5625,0.828125
849.6875,0.8125
863.578125,0.6875
864.328125,0.75
865.125,0.796875
865.890625,0.765625
866.65625,0.765625
867.46875,0.8125
868.25,0.78125
868.953125,0.703125
869.703125,0.75
870.453125,0.75
871.21875,0.765625
871.953125,0.734375
872.65625,0.703125
873.4375,0.78125
874.21875,0.78125
874.953125,0.734375
875.765625,0.8125
876.546875,0.78125
877.3125,0.765625
878.046875,0.734375
878.828125,0.78125
879.578125,0.75
880.3125,0.734375
881.0625,0.75
881.765625,0.703125
882.5625,0.796875
883.375,0.8125
884.1875,0.8125
884.9375,0.75
885.71875,0.78125
886.515625,0.796875
887.234375,0.71875
888.015625,0.78125
888.734375,0.71875
889.53125,0.796875
890.34375,0.8125
891.15625,0.8125
891.890625,0.734375
892.6875,0.796875
898.125,0.828125
898.90625,0.78125
899.671875,0.765625
900.46875,0.796875
901.265625,0.796875
901.984375,0.71875
902.65625,0.671875
921.625,0.796875
922.359375,0.734375
929.1875,0.796875
929.96875,0.78125
930.734375,0.765625
931.53125,0.796875
932.34375,0.8125
933.15625,0.8125
933.96875,0.8125
939.390625,0.84375
940.234375,0.84375
941.0625,0.828125
941.890625,0.828125
942.546875,0.65625
943.390625,0.84375
944.203125,0.8125
945.015625,0.8125
953.84375,0.65625
954.5,0.65625
955.15625,0.65625
955.84375,0.6875
956.5,0.65625
957.203125,0.703125
957.953125,0.75
958.75,0.796875
959.5625,0.8125
960.328125,0.765625
961.125,0.796875
961.921875,0.796875
962.65625,0.734375
963.453125,0.796875
964.15625,0.703125
964.875,0.71875
965.65625,0.78125
973.90625,0.71875
974.65625,0.75
975.375,0.71875
976.078125,0.703125
976.828125,0.75
977.546875,0.71875
978.28125,0.734375
979.015625,0.734375
979.78125,0.765625
980.515625,0.734375
984.578125,0.671875
985.328125,0.75
986.0625,0.734375
986.8125,0.75
987.53125,0.71875
988.234375,0.703125
989,0.765625
989.78125,0.78125
990.515625,0.734375
991.25,0.734375
991.96875,0.71875
992.65625,0.6875
993.359375,0.703125
1006.28125,0.734375
1006.984375,0.703125
1007.703125,0.71875
1008.515625,0.8125
1009.390625,0.875
1028.234375,0.8125
1029.015625,0.78125
1029.796875,0.78125
1030.5625,0.765625
1031.3125,0.75
1032.09375,0.78125
1032.921875,0.828125
1033.75,0.828125
1034.5625,0.8125
1035.375,0.8125
1036.1875,0.8125
1037,0.8125
1037.828125,0.828125
1038.5625,0.734375
1039.296875,0.734375
1040.03125,0.734375
1040.875,0.84375
1052.265625,0.84375
1059.953125,0.828125
1060.734375,0.78125
1061.484375,0.75
1065.125,0.78125
1065.90625,0.78125
1071.53125,0.765625
1072.34375,0.8125
1073.109375,0.765625
1080.375,0.78125
1081.15625,0.78125
1081.9375,0.78125
1082.71875,0.78125
1083.4375,0.71875
1084.203125,0.765625
1084.890625,0.6875
1085.546875,0.65625
1086.25,0.703125
1086.890625,0.640625
1087.578125,0.6875
1088.3125,0.734375
1089.046875,0.734375
1089.78125,0.734375
1090.53125,0.75
1091.28125,0.75
1092.046875,0.765625
1092.8125,0.765625
1093.546875,0.734375
1094.3125,0.765625
1095.078125,0.765625
1095.84375,0.765625
1096.671875,0.828125
1097.421875,0.75
1109.390625,0.78125
1110.1875,0.796875
1110.96875,0.78125
1119.3125,0.828125
1120.15625,0.84375
1121,0.84375
1121.8125,0.8125
1122.5625,0.75
1129.71875,0.84375
1130.5625,0.84375
1131.3125,0.75
1138.203125,0.71875
1138.984375,0.78125
1139.765625,0.78125
1140.5,0.734375
1141.25,0.75
1141.953125,0.703125
1142.640625,0.6875
1143.40625,0.765625
1151.71875,0.71875
1152.375,0.65625
1153.140625,0.765625
1161.359375,0.796875
1162.09375,0.734375
1162.8125,0.71875
1163.578125,0.765625
1164.21875,0.640625
1164.9375,0.71875
1165.59375,0.65625
1166.28125,0.6875
1166.953125,0.671875
1167.625,0.671875
1168.40625,0.78125
1169.15625,0.75
1169.96875,0.8125
1170.734375,0.765625
1171.484375,0.75
1172.1875,0.703125
1172.875,0.6875
1176.46875,0.765625
1177.234375,0.765625
1177.96875,0.734375
1178.65625,0.6875
1185.140625,0.71875
1185.875,0.734375
1186.609375,0.734375
1187.3125,0.703125
1188.078125,0.765625
1188.78125,0.703125
1189.484375,0.703125
1190.203125,0.71875
1190.921875,0.71875
1191.640625,0.71875
1192.40625,0.765625
1193.125,0.71875
1193.890625,0.765625
1194.609375,0.71875
1195.328125,0.71875
1196.046875,0.71875
1196.71875,0.671875
1197.46875,0.75
1198.171875,0.703125
1198.90625,0.734375
1199.75,0.84375
1200.640625,0.890625
1201.515625,0.875
1202.296875,0.78125
1203.046875,0.75
1203.984375,0.9375
1204.71875,0.734375
1205.421875,0.703125
1206.125,0.703125
1206.84375,0.71875
1207.53125,0.6875
1208.1875,0.65625
1208.875,0.6875
1209.546875,0.671875
1210.234375,0.6875
1210.953125,0.71875
1211.671875,0.71875
1212.3125,0.640625
1213,0.6875
1213.671875,0.671875
1214.328125,0.65625
1215,0.671875
1215.671875,0.671875
1216.34375,0.671875
1217.03125,0.6875
1217.78125,0.75
1218.578125,0.796875
1219.4375,0.859375
1220.21875,0.78125
1221,0.78125
1231.953125,0.828125
1232.796875,0.84375
1233.625,0.828125
1234.390625,0.765625
1235.078125,0.6875
1235.875,0.796875
1240.78125,0.828125
1241.625,0.84375
1242.40625,0.78125
1243.15625,0.75
1243.9375,0.78125
1244.71875,0.78125
1245.546875,0.828125
1252.71875,0.78125
1253.453125,0.734375
1254.21875,0.765625
1255,0.78125
1255.71875,0.71875
1256.421875,0.703125
1257.1875,0.765625
1257.9375,0.75
1258.8125,0.875
1259.65625,0.84375
1260.484375,0.828125
1261.203125,0.71875
1261.9375,0.734375
1262.625,0.6875
1263.3125,0.6875
1264.015625,0.703125
1264.6875,0.671875
1265.359375,0.671875
1269.515625,0.71875
1270.1875,0.671875
1270.859375,0.671875
1271.546875,0.6875
1272.25,0.703125
1272.953125,0.703125
1273.671875,0.71875
1274.34375,0.671875
1275.015625,0.671875
1275.703125,0.6875
1276.390625,0.6875
1277.015625,0.625
1277.703125,0.6875
1278.34375,0.640625
1279.078125,0.734375
1279.875,0.796875
1280.671875,0.796875
1281.46875,0.796875
1282.28125,0.8125
1291.15625,0.84375
1291.984375,0.828125
1298.421875,0.703125
1299.125,0.703125
1299.921875,0.796875
1300.703125,0.78125
1301.46875,0.765625
1302.234375,0.765625
1306.046875,0.84375
1306.90625,0.859375
1307.8125,0.90625
1308.640625,0.828125
1309.46875,0.828125
1310.28125,0.8125
1311.0625,0.78125
1311.890625,0.828125
1312.671875,0.78125
1313.5,0.828125
1314.328125,0.828125
1322.078125,0.71875
1322.78125,0.703125
1323.46875,0.6875
1324.328125,0.859375
1324.953125,0.625
1325.6875,0.734375
1326.40625,0.71875
1327.140625,0.734375
1327.890625,0.75
1328.578125,0.6875
1329.3125,0.734375
1330,0.6875
1330.75,0.75
1331.515625,0.765625
1332.296875,0.78125
1333.0625,0.765625
1333.84375,0.78125
1334.640625,0.796875
1335.40625,0.765625
1336.203125,0.796875
1336.984375,0.78125
1341.28125,0.78125
1342.0625,0.78125
1342.78125,0.71875
1343.59375,0.8125
1344.328125,0.734375
1345.09375,0.765625
1345.859375,0.765625
1355.1875,0.765625
1355.921875,0.734375
1356.71875,0.796875
1357.515625,0.796875
1358.3125,0.796875
1359.09375,0.78125
1359.8125,0.71875
1360.578125,0.765625
1361.359375,0.78125
1362.15625,0.796875
1362.9375,0.78125
1363.703125,0.765625
1364.40625,0.703125
1365.1875,0.78125
1365.890625,0.703125
1366.6875,0.796875
1367.4375,0.75
1368.234375,0.796875
1368.96875,0.734375
1369.703125,0.734375
1370.5,0.796875
1371.265625,0.765625
1372.046875,0.78125
1372.765625,0.71875
1373.515625,0.75
1374.203125,0.6875
1375.015625,0.8125
1375.71875,0.703125
1376.5,0.78125
1377.21875,0.71875
1378,0.78125
1378.8125,0.8125
1379.65625,0.84375
1380.390625,0.734375
1381.125,0.734375
1381.828125,0.703125
1382.5625,0.734375
1387.03125,0.8125
1387.78125,0.75
1388.546875,0.765625
1389.328125,0.78125
1390.109375,0.78125
1390.828125,0.71875
1391.609375,0.78125
1392.296875,0.6875
1393.015625,0.71875
1393.765625,0.75
1394.515625,0.75
1395.328125,0.8125
1396.109375,0.78125
1396.875,0.765625
1397.609375,0.734375
1398.34375,0.734375
1399.0625,0.71875
1399.796875,0.734375
1400.578125,0.78125
1401.390625,0.8125
1402.1875,0.796875
1402.984375,0.796875
1403.78125,0.796875
1404.546875,0.765625
1405.34375,0.796875
1406.140625,0.796875
1406.90625,0.765625
1407.734375,0.828125
1408.53125,0.796875
1409.265625,0.734375
1410.015625,0.75
1414.21875,0.703125
1415.0625,0.84375
1415.984375,0.921875
1416.890625,0.90625
1429.671875,0.71875
1430.359375,0.6875
1438.640625,0.703125
1467.09375,0.671875
1467.625,0.53125
1471.421875,0.84375
1472.21875,0.796875
1472.9375,0.71875
1473.59375,0.65625
1486.96875,0.796875
1487.671875,0.703125
1488.5,0.828125
1489.171875,0.671875
1505.96875,0.671875
1506.640625,0.671875
1507.3125,0.671875
1508.015625,0.703125
1508.78125,0.765625
1509.5625,0.78125
1510.328125,0.765625
1511.046875,0.71875
1511.78125,0.734375
1512.5625,0.78125
1513.328125,0.765625
1514.078125,0.75
1514.859375,0.78125
1515.625,0.765625
1516.390625,0.765625
1517.1875,0.796875
1518,0.8125
1518.734375,0.734375
1519.484375,0.75
1520.25,0.765625
1521.03125,0.78125
1521.78125,0.75
1522.546875,0.765625
1523.28125,0.734375
1524.046875,0.765625
1524.78125,0.734375
1525.5625,0.78125
1526.328125,0.765625
1527.0625,0.734375
1531.46875,0.8125
1532.359375,0.890625
1533.25,0.890625
1534.109375,0.859375
1534.96875,0.859375
1541,0.84375
1541.828125,0.828125
1542.6875,0.859375
1543.515625,0.828125
1544.3125,0.796875
1545.0625,0.75
1545.78125,0.71875
1546.5,0.71875
1547.25,0.75
1548,0.75
1548.78125,0.78125
1549.5,0.71875
1550.28125,0.78125
1551.140625,0.859375
1552.015625,0.875
1552.890625,0.875
1568.765625,0.71875
1569.5625,0.796875
1570.3125,0.75
1571.046875,0.734375
1571.796875,0.75
1572.5,0.703125
1573.171875,0.671875
1573.890625,0.71875
1574.609375,0.71875
1575.421875,0.8125
1576.21875,0.796875
1577,0.78125
1577.765625,0.765625
1578.546875,0.78125
1579.3125,0.765625
1580.0625,0.75
1580.75,0.6875
1581.46875,0.71875
1582.203125,0.734375
1582.984375,0.78125
1583.8125,0.828125
1584.59375,0.78125
1585.40625,0.8125
1586.21875,0.8125
1587.078125,0.859375
1587.90625,0.828125
1588.65625,0.75
1589.375,0.71875
1590.125,0.75
1590.875,0.75
1591.640625,0.765625
1592.40625,0.765625
1599.671875,0.703125
1600.5,0.828125
1601.390625,0.890625
1602.265625,0.875
1602.96875,0.703125
1603.828125,0.859375
1604.625,0.796875
1605.328125,0.703125
1605.984375,0.65625
1606.78125,0.796875
1607.46875,0.6875
1608.171875,0.703125
1608.890625,0.71875
1609.625,0.734375
1610.375,0.75
1611.078125,0.703125
1611.78125,0.703125
1612.515625,0.734375
1613.21875,0.703125
1613.90625,0.6875
1614.546875,0.640625
1615.203125,0.65625
1615.84375,0.640625
1616.5,0.65625
1617.203125,0.703125
1617.953125,0.75
1618.796875,0.84375
1619.59375,0.796875
1620.375,0.78125
1621.09375,0.71875
1621.765625,0.671875
1622.5,0.734375
1623.1875,0.6875
1623.9375,0.75
1624.734375,0.796875
1625.578125,0.84375
1626.46875,0.890625
1627.328125,0.859375
1628.171875,0.84375
1628.984375,0.8125
1629.796875,0.8125
1630.578125,0.78125
1631.328125,0.75
1632.0625,0.734375
1632.8125,0.75
1633.609375,0.796875
1634.453125,0.84375
1635.296875,0.84375
1636.140625,0.84375
1636.96875,0.828125
1637.765625,0.796875
1638.5,0.734375
1639.28125,0.78125
1640.0625,0.78125
1640.859375,0.796875
1641.640625,0.78125
1642.375,0.734375
1649.375,0.78125
1650.171875,0.796875
1650.953125,0.78125
1651.75,0.796875
1652.515625,0.765625
1653.265625,0.75
1654.015625,0.75
1654.796875,0.78125
1655.65625,0.859375
1656.515625,0.859375
1657.375,0.859375
1658.234375,0.859375
1659.046875,0.8125
1659.796875,0.75
1660.484375,0.6875
1661.1875,0.703125
1661.953125,0.765625
1665.34375,0.625
1665.96875,0.625
1666.59375,0.625
1667.25,0.65625
1667.9375,0.6875
1673.34375,0.6875
1674.078125,0.734375
1674.78125,0.703125
1675.484375,0.703125
1676.203125,0.71875
1676.953125,0.75
1677.71875,0.765625
1678.5,0.78125
1679.265625,0.765625
1680,0.734375
1680.71875,0.71875
1687.59375,0.8125
1688.375,0.78125
1689.140625,0.765625
1689.875,0.734375
1694.359375,0.796875
1695.15625,0.796875
1695.96875,0.8125
1696.796875,0.828125
1697.59375,0.796875
1698.40625,0.8125
1699.171875,0.765625
1699.921875,0.75
1710.890625,0.78125
1729.078125,0.84375
1729.90625,0.828125
1730.796875,0.890625
1738.203125,0.6875
1738.875,0.671875
1739.53125,0.65625
1740.203125,0.671875
1740.84375,0.640625
1741.421875,0.578125
1751.921875,0.8125
1755.640625,0.6875
1756.296875,0.65625
1756.96875,0.671875
1757.640625,0.671875
1758.4375,0.796875
1759.28125,0.84375
1760.1875,0.90625
1761.03125,0.84375
1761.859375,0.828125
1762.71875,0.859375
1763.453125,0.734375
1764.203125,0.75
1764.953125,0.75
1765.75,0.796875
1766.546875,0.796875
1767.296875,0.75
1768.09375,0.796875
1768.890625,0.796875
1769.734375,0.84375
1770.53125,0.796875
1771.265625,0.734375
1772.015625,0.75
1772.734375,0.71875
1773.453125,0.71875
1774.171875,0.71875
1774.890625,0.71875
1775.71875,0.828125
1776.515625,0.796875
1777.28125,0.765625
1778.046875,0.765625
1778.828125,0.78125
1779.546875,0.71875
1780.21875,0.671875
1781,0.78125
1781.703125,0.703125
1782.375,0.671875
1783.125,0.75
1783.90625,0.78125
1784.703125,0.796875
1822,0.5
1842.625,0.796875
1843.328125,0.703125
1855.59375,0.828125
1893.890625,0.859375
1894.609375,0.71875
1895.25,0.640625
1896.078125,0.828125
1921.96875,0.6875
1922.625,0.65625
1923.453125,0.828125
1944.28125,0.8125
1944.96875,0.6875
1945.609375,0.640625
1946.421875,0.8125
1947.125,0.703125
1947.921875,0.796875
1948.59375,0.671875
1949.4375,0.84375
1950.234375,0.796875
1950.953125,0.71875
1951.734375,0.78125
1952.546875,0.8125
1962.28125,0.8125
1962.984375,0.703125
1963.75,0.765625
1969.078125,0.8125
1969.734375,0.65625
1970.578125,0.84375
1971.375,0.796875
1998.625,0.734375
1999.453125,0.828125
2000.25,0.796875
2000.984375,0.734375
2001.8125,0.828125
2002.640625,0.828125
2003.46875,0.828125
2004.265625,0.796875
2005,0.734375
2013.140625,0.828125
2013.96875,0.828125
2019.75,0.84375
2020.578125,0.828125
2021.28125,0.703125
2022.09375,0.8125
2027.546875,0.84375
2032.71875,0.8125
2049.171875,0.828125
2050.046875,0.875
2057.5,0.96875
2058.328125,0.828125
2059.15625,0.828125
2059.890625,0.734375
2060.71875,0.828125
2061.640625,0.921875
2062.5,0.859375
2063.34375,0.84375
2064.171875,0.828125
2065.015625,0.84375
2069.890625,0.796875
2070.71875,0.828125
2071.546875,0.828125
2072.375,0.828125
2073.265625,0.890625
2073.96875,0.703125
2074.78125,0.8125
2075.546875,0.765625
2076.375,0.828125
2077.125,0.75
2077.984375,0.859375
2078.703125,0.71875
2079.53125,0.828125
2084.125,0.765625
2084.90625,0.78125
2085.6875,0.78125
2086.40625,0.71875
2087.078125,0.671875
2087.859375,0.78125
2088.640625,0.78125
2089.296875,0.65625
2090.046875,0.75
2090.796875,0.75
2091.59375,0.796875
2097.296875,0.8125
2098.015625,0.71875
2098.6875,0.671875
2099.453125,0.765625
2100.15625,0.703125
2106.109375,0.796875
2123.078125,0.6875
2123.8125,0.734375
2124.515625,0.703125
2125.21875,0.703125
2126,0.78125
2126.734375,0.734375
2127.390625,0.65625
2128.171875,0.78125
2128.9375,0.765625
2129.734375,0.796875
2130.46875,0.734375
2131.234375,0.765625
2131.96875,0.734375
2132.78125,0.8125
2133.734375,0.953125
2134.578125,0.84375
2145.09375,0.78125
2145.84375,0.75
2146.65625,0.8125
2147.46875,0.8125
2148.296875,0.828125
2149.234375,0.9375
2150.0625,0.828125
2150.78125,0.71875
2151.46875,0.6875
2152.265625,0.796875
2153.09375,0.828125
2153.953125,0.859375
2154.90625,0.953125
2155.765625,0.859375
2156.546875,0.78125
2157.375,0.828125
2158.171875,0.796875
2158.984375,0.8125
2159.828125,0.84375
2160.65625,0.828125
2161.5625,0.90625
2162.40625,0.84375
2163.25,0.84375
2164.046875,0.796875
2164.859375,0.8125
2165.578125,0.71875
2166.390625,0.8125
2167.15625,0.765625
2167.859375,0.703125
2168.546875,0.6875
2169.375,0.828125
2170.1875,0.8125
2178.9375,0.734375
2179.625,0.6875
2207.03125,0.921875
2208,0.96875
2208.8125,0.8125
2209.59375,0.78125
2215.96875,0.828125
2216.765625,0.796875
2217.5,0.734375
2218.21875,0.71875
2219.015625,0.796875
2219.8125,0.796875
2233.234375,0.8125
2233.984375,0.75
2234.8125,0.828125
2253.109375,0.828125
2253.953125,0.84375
2254.640625,0.6875
2255.53125,0.890625
2256.265625,0.734375
2260.21875,0.84375
2261.15625,0.9375
2262.015625,0.859375
2262.890625,0.875
2263.8125,0.921875
2264.53125,0.71875
2265.328125,0.796875
2266,0.671875
2266.828125,0.828125
2267.640625,0.8125
2268.34375,0.703125
2269.15625,0.8125
2270.046875,0.890625
2270.875,0.828125
2271.71875,0.84375
2272.578125,0.859375
2273.390625,0.8125
2274.15625,0.765625
2274.96875,0.8125
2275.796875,0.828125
2276.609375,0.8125
2277.296875,0.6875
2286.375,0.8125
2293.796875,0.796875
2294.609375,0.8125
2295.421875,0.8125
2296.25,0.828125
2296.984375,0.734375
2297.8125,0.828125
2298.671875,0.859375
2299.46875,0.796875
2300.34375,0.875
2301.171875,0.828125
2302.03125,0.859375
2302.90625,0.875
2303.65625,0.75
2304.34375,0.6875
2305.15625,0.8125
2305.984375,0.828125
2306.9375,0.953125
2307.75,0.8125
2308.625,0.875
2317.53125,0.75
2318.3125,0.78125
2319.078125,0.765625
2319.78125,0.703125
2320.578125,0.796875
2325.453125,0.8125
2326.234375,0.78125
2327.03125,0.796875
2327.84375,0.8125
2328.5625,0.71875
2329.359375,0.796875
2330.046875,0.6875
2330.84375,0.796875
2331.546875,0.703125
2332.234375,0.6875
2333.03125,0.796875
2333.828125,0.796875
2334.5625,0.734375
2335.359375,0.796875
2336.171875,0.8125
2336.984375,0.8125
2337.734375,0.75
2338.515625,0.78125
2339.234375,0.71875
2339.96875,0.734375
2340.734375,0.765625
2341.5,0.765625
2342.171875,0.671875
2342.96875,0.796875
2343.703125,0.734375
2344.53125,0.828125
2345.28125,0.75
2356.296875,0.796875
2357.03125,0.734375
2360.625,0.75
2370.515625,0.796875
2371.21875,0.703125
2371.875,0.65625
2372.6875,0.8125
2373.5,0.8125
2379.796875,0.734375
2380.640625,0.84375
2381.484375,0.84375
2382.3125,0.828125
2383.109375,0.796875
2383.84375,0.734375
2390.875,0.8125
2394.625,0.71875
2395.4375,0.8125
2396.234375,0.796875
2396.9375,0.703125
2405.46875,0.703125
2406.296875,0.828125
2407.015625,0.71875
2407.796875,0.78125
2408.609375,0.8125
2409.4375,0.828125
2410.265625,0.828125
2411.078125,0.8125
2414.734375,0.8125
2415.4375,0.703125
2416.078125,0.640625
2416.90625,0.828125
2417.71875,0.8125
2418.515625,0.796875
2419.296875,0.78125
2420.078125,0.78125
2420.859375,0.78125
2421.6875,0.828125
2422.421875,0.734375
2423.140625,0.71875
2441.1875,0.78125
2441.875,0.6875
2442.6875,0.8125
2450.953125,0.765625
2451.5,0.546875
2461.4375,0.796875
2462.234375,0.796875
2462.984375,0.75
2463.703125,0.71875
2470.265625,0.703125
2471.078125,0.8125
2471.90625,0.828125
2472.6875,0.78125
2473.421875,0.734375
2474.234375,0.8125
2475.046875,0.8125
2475.75,0.703125
2476.484375,0.734375
2477.15625,0.671875
2477.9375,0.78125
2478.65625,0.71875
2479.5,0.84375
2480.34375,0.84375
2481.1875,0.84375
2482,0.8125
2482.828125,0.828125
2483.625,0.796875
2484.4375,0.8125
2485.171875,0.734375
2485.953125,0.78125
2490.578125,0.8125
2491.40625,0.828125
2492.234375,0.828125
2493.03125,0.796875
2493.765625,0.734375
2501.5,0.78125
2502.25,0.75
2502.9375,0.6875
2510.375,0.796875
2511.203125,0.828125
2511.890625,0.6875
2519.265625,0.84375
2520.078125,0.8125
2520.796875,0.71875
2521.578125,0.78125
2522.28125,0.703125
2526,0.8125
2526.828125,0.828125
2527.828125,1
2528.578125,0.75
2529.296875,0.71875
2536.59375,0.734375
2537.25,0.65625
2544.46875,0.8125
2545.203125,0.734375
2545.96875,0.765625
2546.65625,0.6875
2547.375,0.71875
2548.203125,0.828125
2549.015625,0.8125
2549.75,0.734375
2550.546875,0.796875
2551.34375,0.796875
2552.125,0.78125
2559.90625,0.796875
2564.234375,0.734375
2565.03125,0.796875
2565.734375,0.703125
2566.46875,0.734375
2567.234375,0.765625
2568.015625,0.78125
2568.71875,0.703125
2569.40625,0.6875
2570.1875,0.78125
2571,0.8125
2571.78125,0.78125
2572.609375,0.828125
2573.3125,0.703125
2578.8125,0.828125
2579.578125,0.765625
2580.359375,0.78125
2581.1875,0.828125
2582.015625,0.828125
2582.765625,0.75
2583.546875,0.78125
2584.390625,0.84375
2585.21875,0.828125
2585.984375,0.765625
2586.796875,0.8125
2587.78125,0.984375
2588.609375,0.828125
2589.4375,0.828125
2590.171875,0.734375
2602.078125,0.828125
2610.953125,0.703125
2626.96875,0.828125
2627.703125,0.734375
2650.375,0.6875
2651.1875,0.8125
2676.859375,0.703125
2677.484375,0.625
2678.21875,0.734375
2678.96875,0.75
2686.546875,0.84375
2687.359375,0.8125
2701.984375,0.828125
2702.8125,0.828125
2711.5,0.84375
2712.34375,0.84375
2724.078125,0.8125
2735.640625,0.65625
2736.46875,0.828125
2746.671875,0.828125
2747.5,0.828125
2748.3125,0.8125
2749.046875,0.734375
2749.8125,0.765625
2753.5,0.78125
2754.3125,0.8125
2755.125,0.8125
2755.8125,0.6875
2756.546875,0.734375
2757.359375,0.8125
2758.078125,0.71875
2758.890625,0.8125
2759.65625,0.765625
2760.375,0.71875
2761.171875,0.796875
2761.890625,0.71875
2762.6875,0.796875
2763.484375,0.796875
2764.1875,0.703125
2764.953125,0.765625
2765.71875,0.765625
2766.453125,0.734375
2771.0625,0.828125
2781,0.78125
2781.703125,0.703125
2782.515625,0.8125
2783.28125,0.765625
2784.0625,0.78125
2784.84375,0.78125
2785.5,0.65625
2786.34375,0.84375
2787.140625,0.796875
2787.8125,0.671875
2788.625,0.8125
2789.3125,0.6875
2790.015625,0.703125
2790.8125,0.796875
2791.640625,0.828125
2799.953125,0.84375
2800.765625,0.8125
2801.578125,0.8125
2802.375,0.796875
2809.875,0.828125
2810.6875,0.8125
2811.515625,0.828125
2812.265625,0.75
2821.90625,0.8125
2822.59375,0.6875
2823.25,0.65625
2824.078125,0.828125
2824.765625,0.6875
2825.46875,0.703125
2826.171875,0.703125
2833.203125,0.828125
2853.4375,0.765625
2854.109375,0.671875
2854.828125,0.71875
2855.609375,0.78125
2856.421875,0.8125
2857.125,0.703125
2857.90625,0.78125
2858.59375,0.6875
2859.34375,0.75
2860,0.65625
2866.609375,0.71875
2906.953125,0.328125
2930.359375,0.671875
2951.875,0.8125
2952.671875,0.796875
2975.9375,0.71875
2976.75,0.8125
2977.515625,0.765625
2978.21875,0.703125
2979.015625,0.796875
2979.734375,0.71875
3005.671875,0.8125
3006.46875,0.796875
3007.1875,0.71875
3008,0.8125
3008.796875,0.796875
3009.484375,0.6875
3010.171875,0.6875
3010.96875,0.796875
3011.78125,0.8125
3012.609375,0.828125
3013.328125,0.71875
3014.125,0.796875
3014.9375,0.8125
3025.71875,0.796875
3026.484375,0.765625
3035.328125,0.6875
3035.953125,0.625
3036.75,0.796875
3052.046875,0.46875
3058.015625,0.703125
3058.8125,0.796875
3059.609375,0.796875
3060.453125,0.84375
3068.359375,0.5625
3075.59375,0.6875
3076.328125,0.734375
3076.984375,0.65625
3084.125,0.75
3084.9375,0.8125
3085.78125,0.84375
3086.578125,0.796875
3087.34375,0.765625
3088.125,0.78125
3088.8125,0.6875
3093.203125,0.65625
3093.859375,0.65625
3094.625,0.765625
3095.375,0.75
3096.15625,0.78125
3096.90625,0.75
3097.6875,0.78125
3098.515625,0.828125
3099.328125,0.8125
3100.1875,0.859375
3101,0.8125
3101.828125,0.828125
3102.640625,0.8125
3103.46875,0.828125
3104.125,0.65625
3117.125,0.71875
3117.890625,0.765625
3118.59375,0.703125
3119.421875,0.828125
3120.234375,0.8125
3121.078125,0.84375
3121.90625,0.828125
3122.75,0.84375
3133.84375,0.640625
3138.484375,0.84375
3139.375,0.890625
3140.203125,0.828125
3141.03125,0.828125
3141.765625,0.734375
3142.609375,0.84375
3143.40625,0.796875
3144.21875,0.8125
3145.03125,0.8125
3152.765625,0.8125
3153.484375,0.71875
3159.328125,0.78125
3160.140625,0.8125
3160.9375,0.796875
3176.5,0.84375
3177.328125,0.828125
3178.140625,0.8125
3200.890625,0.703125
3201.640625,0.75
3202.453125,0.8125
3203.15625,0.703125
3203.921875,0.765625
3214.328125,0.6875
3215.109375,0.78125
3230.65625,0.828125
3231.515625,0.859375
3232.46875,0.953125
3233.328125,0.859375
3234.28125,0.953125
3235.078125,0.796875
3235.921875,0.84375
3236.734375,0.8125
3265.515625,0.625
3266.28125,0.765625
3275.140625,0.65625
3275.953125,0.8125
3276.765625,0.8125
3277.484375,0.71875
3278.25,0.765625
3278.953125,0.703125
3279.703125,0.75
3280.515625,0.8125
3281.328125,0.8125
3282.03125,0.703125
3282.859375,0.828125
3290.203125,0.71875
3290.984375,0.78125
3291.765625,0.78125
3299.296875,0.890625
3300.109375,0.8125
3300.921875,0.8125
3301.921875,1
3302.75,0.828125
3303.515625,0.765625
3304.265625,0.75
3304.984375,0.71875
3305.703125,0.71875
3306.484375,0.78125
3343.625,0.84375
3344.453125,0.828125
3352.484375,0.921875
3353.3125,0.828125
3361.1875,0.875
3362.09375,0.90625
3362.96875,0.875
3363.734375,0.765625
3364.5625,0.828125
3365.28125,0.71875
3366.09375,0.8125
3366.921875,0.828125
3367.78125,0.859375
3368.625,0.84375
3369.609375,0.984375
3370.40625,0.796875
3371.234375,0.828125
3371.96875,0.734375
3372.734375,0.765625
3373.53125,0.796875
3381.140625,0.765625
3382.015625,0.875
3382.890625,0.875
3383.765625,0.875
3384.5625,0.796875
3385.390625,0.828125
3386.203125,0.8125
3391.421875,0.75
3392.1875,0.765625
3393.015625,0.828125
3393.78125,0.765625
3394.578125,0.796875
3395.40625,0.828125
3405.234375,0.78125
3406,0.765625
3406.765625,0.765625
3407.609375,0.84375
3408.484375,0.875
3409.296875,0.8125
3410.140625,0.84375
3410.890625,0.75
3411.671875,0.78125
3417.078125,0.765625
3417.859375,0.78125
3418.59375,0.734375
3419.34375,0.75
3420.09375,0.75
3420.828125,0.734375
3421.546875,0.71875
3422.234375,0.6875
3423,0.765625
3423.796875,0.796875
3424.59375,0.796875
3425.421875,0.828125
3426.28125,0.859375
3427.15625,0.875
3428,0.84375
3432.515625,0.734375
3433.328125,0.8125
3434.15625,0.828125
3435.015625,0.859375
3435.84375,0.828125
3436.625,0.78125
3437.34375,0.71875
3438.0625,0.71875
3438.671875,0.609375
3439.359375,0.6875
3440.015625,0.65625
3440.75,0.734375
3441.484375,0.734375
3442.359375,0.875
3452.078125,0.71875
3452.8125,0.734375
3453.53125,0.71875
3454.234375,0.703125
3454.9375,0.703125
3455.59375,0.65625
3456.296875,0.703125
3457.0625,0.765625
3457.875,0.8125
3458.703125,0.828125
3459.515625,0.8125
3460.328125,0.8125
3481.53125,0.734375
3482.21875,0.6875
3482.921875,0.703125
3483.671875,0.75
3484.375,0.703125
3485.171875,0.796875
3485.859375,0.6875
3486.671875,0.8125
3487.640625,0.96875
3492.625,0.65625
3493.4375,0.8125
3494.171875,0.734375
3503.390625,0.859375
3504.296875,0.90625
3505.15625,0.859375
3505.984375,0.828125
3506.6875,0.703125
3507.5,0.8125
3514.171875,0.828125
3514.875,0.703125
3515.703125,0.828125
3516.4375,0.734375
3517.125,0.6875
3517.859375,0.734375
3523.875,0.71875
3524.640625,0.765625
3525.359375,0.71875
3526.078125,0.71875
3526.8125,0.734375
3527.578125,0.765625
3528.390625,0.8125
3529.21875,0.828125
3530.015625,0.796875
3530.765625,0.75
3531.53125,0.765625
3532.3125,0.78125
3533.046875,0.734375
3533.78125,0.734375
3534.546875,0.765625
3535.328125,0.78125
3536.046875,0.71875
3541.34375,0.71875
3542.078125,0.734375
3542.8125,0.734375
3543.515625,0.703125
3544.296875,0.78125
3545.15625,0.859375
3546.03125,0.875
3546.890625,0.859375
3547.703125,0.8125
3548.484375,0.78125
3553.203125,0.765625
3554.015625,0.8125
3554.90625,0.890625
3559.46875,0.75
3564.59375,0.765625
3568.0625,0.6875
3568.75,0.6875
3569.4375,0.6875
3570.1875,0.75
3570.921875,0.734375
3574.40625,0.703125
3575.125,0.71875
3575.859375,0.734375
3576.640625,0.78125
3577.46875,0.828125
3578.28125,0.8125
3579.09375,0.8125
3579.84375,0.75
3580.578125,0.734375
3581.3125,0.734375
3582.03125,0.71875
3582.796875,0.765625
3587.734375,0.78125
3588.484375,0.75
3589.265625,0.78125
3590.015625,0.75
3590.796875,0.78125
3591.53125,0.734375
3592.28125,0.75
3593.0625,0.78125
3593.875,0.8125
3594.703125,0.828125
3595.5,0.796875
3596.28125,0.78125
3597.0625,0.78125
3597.78125,0.71875
3602.171875,0.71875
3602.921875,0.75
3603.6875,0.765625
3604.4375,0.75
3605.21875,0.78125
3605.984375,0.765625
3606.765625,0.78125
3607.578125,0.8125
3608.390625,0.8125
3609.1875,0.796875
3620.75,0.78125
3625.109375,0.734375
3625.890625,0.78125
3626.6875,0.796875
3627.578125,0.890625
3628.46875,0.890625
3629.3125,0.84375
3630.078125,0.765625
3641.515625,0.8125
3642.28125,0.765625
3643,0.71875
3643.671875,0.671875
3644.375,0.703125
3645.09375,0.71875
3672.15625,0.765625
3672.921875,0.765625
3673.71875,0.796875
3674.5625,0.84375
3675.421875,0.859375
3676.265625,0.84375
3677.078125,0.8125
3677.859375,0.78125
3678.609375,0.75
3679.375,0.765625
3680.109375,0.734375
3680.859375,0.75
3681.625,0.765625
3682.390625,0.765625
3683.21875,0.828125
3683.984375,0.765625
3684.796875,0.8125
3685.59375,0.796875
3686.40625,0.8125
3687.234375,0.828125
3688.03125,0.796875
3688.78125,0.75
3689.515625,0.734375
3690.234375,0.71875
3691.015625,0.78125
3691.828125,0.8125
3692.578125,0.75
3693.359375,0.78125
3694.125,0.765625
3694.9375,0.8125
3695.71875,0.78125
3696.5,0.78125
3700.90625,0.75
3701.6875,0.78125
3702.421875,0.734375
3703.171875,0.75
3703.921875,0.75
3704.65625,0.734375
3705.359375,0.703125
3706.09375,0.734375
3706.8125,0.71875
3707.59375,0.78125
3708.34375,0.75
3709.125,0.78125
3709.875,0.75
3710.625,0.75
3711.390625,0.765625
3712.09375,0.703125
3712.859375,0.765625
3713.625,0.765625
3714.421875,0.796875
3720.578125,0.6875
3725.890625,0.71875
3726.640625,0.75
3727.390625,0.75
3728.109375,0.71875
3728.84375,0.734375
3729.5625,0.71875
3730.46875,0.90625
3731.15625,0.6875
3731.90625,0.75
3732.625,0.71875
3733.375,0.75
3734.09375,0.71875
3734.828125,0.734375
3735.578125,0.75
3736.328125,0.75
3737.0625,0.734375
3737.84375,0.78125
3738.640625,0.796875
3739.421875,0.78125
3740.21875,0.796875
3741.015625,0.796875
3741.828125,0.8125
3742.578125,0.75
3743.21875,0.640625
3743.96875,0.75
3744.703125,0.734375
3745.453125,0.75
3746.265625,0.8125
3747.0625,0.796875
3747.859375,0.796875
3748.71875,0.859375
3749.53125,0.8125
3750.328125,0.796875
3751.046875,0.71875
3757.09375,0.78125
3757.890625,0.796875
3758.6875,0.796875
3759.46875,0.78125
3760.203125,0.734375
3760.90625,0.703125
3761.65625,0.75
3762.4375,0.78125
3763.25,0.8125
3767.8125,0.734375
3768.546875,0.734375
3769.21875,0.671875
3769.9375,0.71875
3770.671875,0.734375
3771.5,0.828125
3772.3125,0.8125
3773.09375,0.78125
3773.859375,0.765625
3774.640625,0.78125
3775.359375,0.71875
3776.09375,0.734375
3776.921875,0.828125
3782.21875,0.765625
3782.96875,0.75
3783.734375,0.765625
3784.546875,0.8125
3785.390625,0.84375
3786.203125,0.8125
3793.953125,0.703125
3798.140625,0.78125
3798.84375,0.703125
3799.515625,0.671875
3800.203125,0.6875
3800.890625,0.6875
3801.6875,0.796875
3806.203125,0.640625
3806.828125,0.625
3807.46875,0.640625
3808.09375,0.625
3815.71875,0.78125
3816.4375,0.71875
3817.1875,0.75
3817.921875,0.734375
3818.65625,0.734375
3819.40625,0.75
3820.171875,0.765625
3820.921875,0.75
3821.640625,0.71875
3822.390625,0.75
3823.171875,0.78125
3823.984375,0.8125
3824.78125,0.796875
3825.609375,0.828125
3826.40625,0.796875
3827.234375,0.828125
3828.0625,0.828125
3828.828125,0.765625
3829.609375,0.78125
3830.375,0.765625
3831.09375,0.71875
3831.8125,0.71875
3832.484375,0.671875
3833.140625,0.65625
3833.96875,0.828125
3834.75,0.78125
3835.546875,0.796875
3836.34375,0.796875
3837.125,0.78125
3837.890625,0.765625
3838.59375,0.703125
3839.296875,0.703125
3840.046875,0.75
3840.828125,0.78125
3841.6875,0.859375
3842.5625,0.875
3843.453125,0.890625
3844.296875,0.84375
3845.125,0.828125
3845.890625,0.765625
3846.609375,0.71875
3847.296875,0.6875
3847.984375,0.6875
3848.671875,0.6875
3849.40625,0.734375
3850.0625,0.65625
3857.984375,0.71875
3858.75,0.765625
3859.53125,0.78125
3860.34375,0.8125
3865.625,0.796875
3866.390625,0.765625
3880.921875,0.765625
3881.734375,0.8125
3887,0.75
3890.640625,0.765625
3896.875,0.71875
3897.625,0.75
3898.359375,0.734375
3899.140625,0.78125
3899.921875,0.78125
3900.71875,0.796875
3901.453125,0.734375
3902.1875,0.734375
3902.890625,0.703125
3903.640625,0.75
3904.453125,0.8125
3905.25,0.796875
3906.09375,0.84375
3906.90625,0.8125
3907.671875,0.765625
3908.4375,0.765625
3909.234375,0.796875
3910,0.765625
3910.921875,0.921875
3911.734375,0.8125
3912.59375,0.859375
3913.40625,0.8125
3914.1875,0.78125
3914.9375,0.75
3915.6875,0.75
3916.328125,0.640625
3917.0625,0.734375
3917.90625,0.84375
3918.828125,0.921875
3919.65625,0.828125
3920.46875,0.8125
3921.375,0.90625
3922.203125,0.828125
3922.984375,0.78125
3926.71875,0.75
3927.421875,0.703125
3928.171875,0.75
3928.9375,0.765625
3929.71875,0.78125
3930.484375,0.765625
3931.28125,0.796875
3932.078125,0.796875
3932.84375,0.765625
3933.578125,0.734375
3934.359375,0.78125
3935.15625,0.796875
3935.984375,0.828125
3936.765625,0.78125
3937.5625,0.796875
3938.28125,0.71875
3939.015625,0.734375
3939.703125,0.6875
3940.4375,0.734375
3941.203125,0.765625
3941.984375,0.78125
3942.75,0.765625
3943.53125,0.78125
3944.34375,0.8125
3952.90625,0.765625
3953.734375,0.828125
3954.515625,0.78125